cvid,jobid,score
6e5a9a5cac7e454bb17c85853850b108,1527682,0.982421875
6e5a9a5cac7e454bb17c85853850b108,1564489,0.97802734375
6e5a9a5cac7e454bb17c85853850b108,1563488,0.97314453125
6e5a9a5cac7e454bb17c85853850b108,1563944,0.96826171875
6e5a9a5cac7e454bb17c85853850b108,1534668,0.90771484375
6e5a9a5cac7e454bb17c85853850b108,1548435,0.890625
6e5a9a5cac7e454bb17c85853850b108,1572241,0.845703125
6e5a9a5cac7e454bb17c85853850b108,1533971,0.8427734375
6e5a9a5cac7e454bb17c85853850b108,1540956,0.806640625
6e5a9a5cac7e454bb17c85853850b108,1597305,0.79736328125
6e5a9a5cac7e454bb17c85853850b108,1584500,0.79541015625
6e5a9a5cac7e454bb17c85853850b108,1534200,0.77587890625
6e5a9a5cac7e454bb17c85853850b108,1567583,0.7705078125
6e5a9a5cac7e454bb17c85853850b108,1558424,0.720703125
6e5a9a5cac7e454bb17c85853850b108,1531837,0.67431640625
6e5a9a5cac7e454bb17c85853850b108,1587507,0.642578125
6e5a9a5cac7e454bb17c85853850b108,1532774,0.58984375
6e5a9a5cac7e454bb17c85853850b108,1548091,0.58935546875
6e5a9a5cac7e454bb17c85853850b108,1591541,0.401123046875
6e5a9a5cac7e454bb17c85853850b108,1527507,0.388671875
6e5a9a5cac7e454bb17c85853850b108,1578254,0.3408203125
6e5a9a5cac7e454bb17c85853850b108,1565064,0.339599609375
6e5a9a5cac7e454bb17c85853850b108,1567895,0.323974609375
6e5a9a5cac7e454bb17c85853850b108,1560347,0.2474365234375
8d336f5b012747208189cc1b8dda4a64,1543341,0.9423828125
8d336f5b012747208189cc1b8dda4a64,1529128,0.87353515625
8d336f5b012747208189cc1b8dda4a64,1550481,0.86083984375
8d336f5b012747208189cc1b8dda4a64,1571115,0.84814453125
8d336f5b012747208189cc1b8dda4a64,1536514,0.8310546875
8d336f5b012747208189cc1b8dda4a64,1537504,0.8017578125
8d336f5b012747208189cc1b8dda4a64,1576526,0.765625
8d336f5b012747208189cc1b8dda4a64,1564766,0.73388671875
8d336f5b012747208189cc1b8dda4a64,1546871,0.7060546875
8d336f5b012747208189cc1b8dda4a64,1529711,0.67138671875
8d336f5b012747208189cc1b8dda4a64,1541074,0.658203125
8d336f5b012747208189cc1b8dda4a64,1567834,0.65478515625
8d336f5b012747208189cc1b8dda4a64,1557554,0.63818359375
8d336f5b012747208189cc1b8dda4a64,1551288,0.54443359375
8d336f5b012747208189cc1b8dda4a64,1565437,0.509765625
8d336f5b012747208189cc1b8dda4a64,1528664,0.4638671875
8d336f5b012747208189cc1b8dda4a64,1546381,0.0838623046875
8d336f5b012747208189cc1b8dda4a64,1534334,0.06109619140625
d39deb03fc6b4b739cd153536a19fb45,1534557,0.9716796875
d39deb03fc6b4b739cd153536a19fb45,1530549,0.9658203125
d39deb03fc6b4b739cd153536a19fb45,1575598,0.8056640625
d39deb03fc6b4b739cd153536a19fb45,1588430,0.7509765625
d39deb03fc6b4b739cd153536a19fb45,1553824,0.74609375
d39deb03fc6b4b739cd153536a19fb45,1552862,0.72802734375
d39deb03fc6b4b739cd153536a19fb45,1557893,0.69970703125
d39deb03fc6b4b739cd153536a19fb45,1576137,0.65234375
d39deb03fc6b4b739cd153536a19fb45,1566170,0.6416015625
d39deb03fc6b4b739cd153536a19fb45,1535315,0.603515625
d39deb03fc6b4b739cd153536a19fb45,1544232,0.60302734375
d39deb03fc6b4b739cd153536a19fb45,1542647,0.5859375
d39deb03fc6b4b739cd153536a19fb45,1586211,0.50732421875
d39deb03fc6b4b739cd153536a19fb45,1535093,0.439697265625
f463fa0d48bf468aaadea9e5c6cc9c8c,1597834,0.96826171875
f463fa0d48bf468aaadea9e5c6cc9c8c,1572654,0.96630859375
f463fa0d48bf468aaadea9e5c6cc9c8c,1555842,0.9638671875
f463fa0d48bf468aaadea9e5c6cc9c8c,1587094,0.95166015625
f463fa0d48bf468aaadea9e5c6cc9c8c,1547225,0.951171875
f463fa0d48bf468aaadea9e5c6cc9c8c,1595540,0.94482421875
f463fa0d48bf468aaadea9e5c6cc9c8c,1527454,0.8984375
f463fa0d48bf468aaadea9e5c6cc9c8c,1552157,0.8984375
f463fa0d48bf468aaadea9e5c6cc9c8c,1562254,0.89697265625
f463fa0d48bf468aaadea9e5c6cc9c8c,1554676,0.89599609375
f463fa0d48bf468aaadea9e5c6cc9c8c,1545719,0.880859375
f463fa0d48bf468aaadea9e5c6cc9c8c,1570710,0.86376953125
f463fa0d48bf468aaadea9e5c6cc9c8c,1580131,0.8232421875
f463fa0d48bf468aaadea9e5c6cc9c8c,1532527,0.8212890625
f463fa0d48bf468aaadea9e5c6cc9c8c,1546710,0.79736328125
f463fa0d48bf468aaadea9e5c6cc9c8c,1528090,0.587890625
f463fa0d48bf468aaadea9e5c6cc9c8c,1531954,0.57861328125
f463fa0d48bf468aaadea9e5c6cc9c8c,1550640,0.41162109375
f463fa0d48bf468aaadea9e5c6cc9c8c,1563623,0.3798828125
f463fa0d48bf468aaadea9e5c6cc9c8c,1600300,0.273193359375
f463fa0d48bf468aaadea9e5c6cc9c8c,1573875,0.1800537109375
1bf5da00c498423ba83a927f02034563,1551775,0.9345703125
1bf5da00c498423ba83a927f02034563,1590193,0.9091796875
1bf5da00c498423ba83a927f02034563,1578142,0.90283203125
1bf5da00c498423ba83a927f02034563,1557996,0.9013671875
1bf5da00c498423ba83a927f02034563,1596298,0.890625
1bf5da00c498423ba83a927f02034563,1529881,0.86669921875
1bf5da00c498423ba83a927f02034563,1553809,0.85791015625
1bf5da00c498423ba83a927f02034563,1594063,0.84375
1bf5da00c498423ba83a927f02034563,1597957,0.8310546875
1bf5da00c498423ba83a927f02034563,1554778,0.8251953125
1bf5da00c498423ba83a927f02034563,1569507,0.79833984375
1bf5da00c498423ba83a927f02034563,1536158,0.79638671875
1bf5da00c498423ba83a927f02034563,1536513,0.76416015625
1bf5da00c498423ba83a927f02034563,1579291,0.67333984375
1bf5da00c498423ba83a927f02034563,1599491,0.64892578125
1bf5da00c498423ba83a927f02034563,1592334,0.5986328125
1bf5da00c498423ba83a927f02034563,1561222,0.52783203125
1bf5da00c498423ba83a927f02034563,1540809,0.49462890625
1bf5da00c498423ba83a927f02034563,1574752,0.243408203125
71ef6c1ac62d4fd8ba3f1a3e8b66fc73,1535651,0.990234375
71ef6c1ac62d4fd8ba3f1a3e8b66fc73,1597594,0.990234375
71ef6c1ac62d4fd8ba3f1a3e8b66fc73,1537130,0.986328125
71ef6c1ac62d4fd8ba3f1a3e8b66fc73,1560573,0.98388671875
71ef6c1ac62d4fd8ba3f1a3e8b66fc73,1540314,0.982421875
71ef6c1ac62d4fd8ba3f1a3e8b66fc73,1578883,0.9814453125
71ef6c1ac62d4fd8ba3f1a3e8b66fc73,1574343,0.97998046875
71ef6c1ac62d4fd8ba3f1a3e8b66fc73,1591392,0.97705078125
71ef6c1ac62d4fd8ba3f1a3e8b66fc73,1549759,0.96923828125
71ef6c1ac62d4fd8ba3f1a3e8b66fc73,1577827,0.96728515625
71ef6c1ac62d4fd8ba3f1a3e8b66fc73,1600675,0.96484375
71ef6c1ac62d4fd8ba3f1a3e8b66fc73,1534151,0.96142578125
71ef6c1ac62d4fd8ba3f1a3e8b66fc73,1529138,0.94677734375
71ef6c1ac62d4fd8ba3f1a3e8b66fc73,1561538,0.94482421875
71ef6c1ac62d4fd8ba3f1a3e8b66fc73,1534529,0.91455078125
71ef6c1ac62d4fd8ba3f1a3e8b66fc73,1538133,0.8798828125
71ef6c1ac62d4fd8ba3f1a3e8b66fc73,1531283,0.869140625
71ef6c1ac62d4fd8ba3f1a3e8b66fc73,1556645,0.86474609375
71ef6c1ac62d4fd8ba3f1a3e8b66fc73,1592096,0.70849609375
71ef6c1ac62d4fd8ba3f1a3e8b66fc73,1573535,0.6943359375
71ef6c1ac62d4fd8ba3f1a3e8b66fc73,1584801,0.619140625
71ef6c1ac62d4fd8ba3f1a3e8b66fc73,1530335,0.2386474609375
71ef6c1ac62d4fd8ba3f1a3e8b66fc73,1568272,0.06658935546875
72fd9f26875d4bbaa11c0a735d34e6d4,1563467,0.98291015625
72fd9f26875d4bbaa11c0a735d34e6d4,1573361,0.97314453125
72fd9f26875d4bbaa11c0a735d34e6d4,1597106,0.97119140625
72fd9f26875d4bbaa11c0a735d34e6d4,1590149,0.96875
72fd9f26875d4bbaa11c0a735d34e6d4,1562870,0.96435546875
72fd9f26875d4bbaa11c0a735d34e6d4,1563222,0.9638671875
72fd9f26875d4bbaa11c0a735d34e6d4,1558215,0.96240234375
72fd9f26875d4bbaa11c0a735d34e6d4,1571194,0.89990234375
72fd9f26875d4bbaa11c0a735d34e6d4,1596715,0.8984375
72fd9f26875d4bbaa11c0a735d34e6d4,1561270,0.81103515625
72fd9f26875d4bbaa11c0a735d34e6d4,1548276,0.78173828125
72fd9f26875d4bbaa11c0a735d34e6d4,1578875,0.473876953125
72fd9f26875d4bbaa11c0a735d34e6d4,1583183,0.092529296875
de835b9db71c4f29956613d4f4c0fc58,1590290,0.9697265625
de835b9db71c4f29956613d4f4c0fc58,1545138,0.962890625
de835b9db71c4f29956613d4f4c0fc58,1540152,0.96142578125
de835b9db71c4f29956613d4f4c0fc58,1586805,0.95849609375
de835b9db71c4f29956613d4f4c0fc58,1534532,0.94384765625
de835b9db71c4f29956613d4f4c0fc58,1552276,0.94091796875
de835b9db71c4f29956613d4f4c0fc58,1593360,0.93505859375
de835b9db71c4f29956613d4f4c0fc58,1553047,0.93310546875
de835b9db71c4f29956613d4f4c0fc58,1541158,0.92626953125
de835b9db71c4f29956613d4f4c0fc58,1534560,0.92529296875
de835b9db71c4f29956613d4f4c0fc58,1557517,0.92138671875
de835b9db71c4f29956613d4f4c0fc58,1572147,0.90869140625
de835b9db71c4f29956613d4f4c0fc58,1591463,0.8779296875
de835b9db71c4f29956613d4f4c0fc58,1540844,0.8125
c4433122148b42e89fdd7898fae9df57,1558193,0.95947265625
c4433122148b42e89fdd7898fae9df57,1536886,0.9580078125
c4433122148b42e89fdd7898fae9df57,1598513,0.955078125
c4433122148b42e89fdd7898fae9df57,1563596,0.94970703125
c4433122148b42e89fdd7898fae9df57,1588596,0.93212890625
c4433122148b42e89fdd7898fae9df57,1534041,0.9306640625
c4433122148b42e89fdd7898fae9df57,1598579,0.9296875
c4433122148b42e89fdd7898fae9df57,1533380,0.908203125
c4433122148b42e89fdd7898fae9df57,1593237,0.82080078125
c4433122148b42e89fdd7898fae9df57,1598039,0.81640625
c4433122148b42e89fdd7898fae9df57,1585608,0.80908203125
c4433122148b42e89fdd7898fae9df57,1567688,0.79443359375
c4433122148b42e89fdd7898fae9df57,1588794,0.791015625
c4433122148b42e89fdd7898fae9df57,1535182,0.79052734375
c4433122148b42e89fdd7898fae9df57,1576146,0.74169921875
c4433122148b42e89fdd7898fae9df57,1545763,0.7412109375
c4433122148b42e89fdd7898fae9df57,1574271,0.607421875
c4433122148b42e89fdd7898fae9df57,1530831,0.60009765625
c4433122148b42e89fdd7898fae9df57,1557733,0.583984375
c4433122148b42e89fdd7898fae9df57,1586872,0.5595703125
4f61febdfe504322b93a0a35964b1061,1583643,0.994140625
4f61febdfe504322b93a0a35964b1061,1591533,0.986328125
4f61febdfe504322b93a0a35964b1061,1535382,0.9775390625
4f61febdfe504322b93a0a35964b1061,1576139,0.97412109375
4f61febdfe504322b93a0a35964b1061,1575807,0.96728515625
4f61febdfe504322b93a0a35964b1061,1528447,0.96337890625
4f61febdfe504322b93a0a35964b1061,1600817,0.9619140625
4f61febdfe504322b93a0a35964b1061,1567583,0.96044921875
4f61febdfe504322b93a0a35964b1061,1586262,0.9580078125
4f61febdfe504322b93a0a35964b1061,1568065,0.94921875
4f61febdfe504322b93a0a35964b1061,1562892,0.93798828125
4f61febdfe504322b93a0a35964b1061,1583632,0.92822265625
4f61febdfe504322b93a0a35964b1061,1567075,0.92529296875
4f61febdfe504322b93a0a35964b1061,1594771,0.92333984375
4f61febdfe504322b93a0a35964b1061,1546898,0.91015625
4f61febdfe504322b93a0a35964b1061,1558046,0.896484375
4f61febdfe504322b93a0a35964b1061,1537185,0.88720703125
4f61febdfe504322b93a0a35964b1061,1529677,0.853515625
4f61febdfe504322b93a0a35964b1061,1563073,0.79443359375
4f61febdfe504322b93a0a35964b1061,1593307,0.7236328125
4f61febdfe504322b93a0a35964b1061,1536101,0.6884765625
4f61febdfe504322b93a0a35964b1061,1560145,0.66796875
4f61febdfe504322b93a0a35964b1061,1595089,0.6396484375
4f61febdfe504322b93a0a35964b1061,1556150,0.59619140625
4f61febdfe504322b93a0a35964b1061,1563559,0.544921875
4f61febdfe504322b93a0a35964b1061,1565064,0.50634765625
4f61febdfe504322b93a0a35964b1061,1553729,0.45654296875
929ba6f3f8384bff961584232da7c073,1540865,0.99755859375
929ba6f3f8384bff961584232da7c073,1570880,0.99658203125
929ba6f3f8384bff961584232da7c073,1591245,0.99609375
929ba6f3f8384bff961584232da7c073,1576041,0.99560546875
929ba6f3f8384bff961584232da7c073,1585807,0.99560546875
929ba6f3f8384bff961584232da7c073,1534970,0.99462890625
929ba6f3f8384bff961584232da7c073,1555867,0.994140625
929ba6f3f8384bff961584232da7c073,1582273,0.99365234375
929ba6f3f8384bff961584232da7c073,1539454,0.9931640625
929ba6f3f8384bff961584232da7c073,1543204,0.9921875
929ba6f3f8384bff961584232da7c073,1591112,0.99169921875
929ba6f3f8384bff961584232da7c073,1559453,0.98779296875
929ba6f3f8384bff961584232da7c073,1590891,0.984375
929ba6f3f8384bff961584232da7c073,1574302,0.98193359375
929ba6f3f8384bff961584232da7c073,1551956,0.94873046875
929ba6f3f8384bff961584232da7c073,1590883,0.71875
929ba6f3f8384bff961584232da7c073,1552439,0.71630859375
929ba6f3f8384bff961584232da7c073,1575255,0.6728515625
7b2a0b24026b4cf2bb91cc6d95d693d1,1541267,0.8955078125
7b2a0b24026b4cf2bb91cc6d95d693d1,1579674,0.8525390625
7b2a0b24026b4cf2bb91cc6d95d693d1,1591697,0.83447265625
7b2a0b24026b4cf2bb91cc6d95d693d1,1551354,0.814453125
7b2a0b24026b4cf2bb91cc6d95d693d1,1586594,0.77001953125
7b2a0b24026b4cf2bb91cc6d95d693d1,1595120,0.7626953125
7b2a0b24026b4cf2bb91cc6d95d693d1,1542062,0.67626953125
7b2a0b24026b4cf2bb91cc6d95d693d1,1571882,0.66259765625
7b2a0b24026b4cf2bb91cc6d95d693d1,1592244,0.63720703125
7b2a0b24026b4cf2bb91cc6d95d693d1,1534617,0.60986328125
7b2a0b24026b4cf2bb91cc6d95d693d1,1578487,0.59716796875
7b2a0b24026b4cf2bb91cc6d95d693d1,1535285,0.58837890625
7b2a0b24026b4cf2bb91cc6d95d693d1,1567043,0.494384765625
7b2a0b24026b4cf2bb91cc6d95d693d1,1543169,0.466552734375
7b2a0b24026b4cf2bb91cc6d95d693d1,1552946,0.4267578125
7b2a0b24026b4cf2bb91cc6d95d693d1,1584868,0.375244140625
7b2a0b24026b4cf2bb91cc6d95d693d1,1530511,0.2469482421875
f4e786a076244c6ea7d350dd0761d0a1,1575212,0.87841796875
f4e786a076244c6ea7d350dd0761d0a1,1595120,0.85498046875
f4e786a076244c6ea7d350dd0761d0a1,1565730,0.83203125
f4e786a076244c6ea7d350dd0761d0a1,1594493,0.7900390625
f4e786a076244c6ea7d350dd0761d0a1,1562154,0.78564453125
f4e786a076244c6ea7d350dd0761d0a1,1587556,0.77880859375
f4e786a076244c6ea7d350dd0761d0a1,1578487,0.7763671875
f4e786a076244c6ea7d350dd0761d0a1,1549708,0.771484375
f4e786a076244c6ea7d350dd0761d0a1,1578076,0.76220703125
f4e786a076244c6ea7d350dd0761d0a1,1567036,0.7314453125
f4e786a076244c6ea7d350dd0761d0a1,1542062,0.720703125
f4e786a076244c6ea7d350dd0761d0a1,1540682,0.69482421875
f4e786a076244c6ea7d350dd0761d0a1,1592477,0.68994140625
f4e786a076244c6ea7d350dd0761d0a1,1552404,0.66943359375
f4e786a076244c6ea7d350dd0761d0a1,1586863,0.62451171875
f4e786a076244c6ea7d350dd0761d0a1,1534694,0.5654296875
f4e786a076244c6ea7d350dd0761d0a1,1585118,0.4619140625
f4e786a076244c6ea7d350dd0761d0a1,1528595,0.359619140625
f4e786a076244c6ea7d350dd0761d0a1,1531414,0.11279296875
83b598c395ec4122a08b03f508787524,1536484,0.9970703125
83b598c395ec4122a08b03f508787524,1564121,0.99658203125
83b598c395ec4122a08b03f508787524,1591699,0.99658203125
83b598c395ec4122a08b03f508787524,1592820,0.99658203125
83b598c395ec4122a08b03f508787524,1535192,0.99609375
83b598c395ec4122a08b03f508787524,1543504,0.99609375
83b598c395ec4122a08b03f508787524,1556231,0.99609375
83b598c395ec4122a08b03f508787524,1565546,0.99609375
83b598c395ec4122a08b03f508787524,1559433,0.99609375
83b598c395ec4122a08b03f508787524,1587778,0.99609375
83b598c395ec4122a08b03f508787524,1584432,0.99560546875
83b598c395ec4122a08b03f508787524,1554170,0.9951171875
83b598c395ec4122a08b03f508787524,1565642,0.9951171875
83b598c395ec4122a08b03f508787524,1593420,0.9951171875
83b598c395ec4122a08b03f508787524,1549865,0.99462890625
83b598c395ec4122a08b03f508787524,1591130,0.99462890625
83b598c395ec4122a08b03f508787524,1544300,0.99169921875
83b598c395ec4122a08b03f508787524,1550075,0.99072265625
83b598c395ec4122a08b03f508787524,1571130,0.99072265625
83b598c395ec4122a08b03f508787524,1529027,0.990234375
83b598c395ec4122a08b03f508787524,1592847,0.990234375
83b598c395ec4122a08b03f508787524,1579634,0.98681640625
83b598c395ec4122a08b03f508787524,1543005,0.97998046875
83b598c395ec4122a08b03f508787524,1553230,0.97607421875
83b598c395ec4122a08b03f508787524,1570298,0.2626953125
2eb829aa40c14a6db6d453b1545c02e4,1532377,0.87646484375
2eb829aa40c14a6db6d453b1545c02e4,1570541,0.7763671875
2eb829aa40c14a6db6d453b1545c02e4,1584568,0.73388671875
2eb829aa40c14a6db6d453b1545c02e4,1575746,0.72265625
2eb829aa40c14a6db6d453b1545c02e4,1541908,0.71337890625
2eb829aa40c14a6db6d453b1545c02e4,1589020,0.71240234375
2eb829aa40c14a6db6d453b1545c02e4,1597848,0.69677734375
2eb829aa40c14a6db6d453b1545c02e4,1544315,0.67626953125
2eb829aa40c14a6db6d453b1545c02e4,1542900,0.66650390625
2eb829aa40c14a6db6d453b1545c02e4,1528192,0.66064453125
2eb829aa40c14a6db6d453b1545c02e4,1553824,0.65576171875
2eb829aa40c14a6db6d453b1545c02e4,1538116,0.623046875
2eb829aa40c14a6db6d453b1545c02e4,1578584,0.60498046875
2eb829aa40c14a6db6d453b1545c02e4,1527922,0.58154296875
2eb829aa40c14a6db6d453b1545c02e4,1554279,0.5458984375
2eb829aa40c14a6db6d453b1545c02e4,1552862,0.50732421875
2eb829aa40c14a6db6d453b1545c02e4,1592915,0.492919921875
2eb829aa40c14a6db6d453b1545c02e4,1576865,0.46728515625
2eb829aa40c14a6db6d453b1545c02e4,1561582,0.4580078125
2eb829aa40c14a6db6d453b1545c02e4,1584428,0.41455078125
2eb829aa40c14a6db6d453b1545c02e4,1530511,0.4130859375
2eb829aa40c14a6db6d453b1545c02e4,1582146,0.398681640625
2eb829aa40c14a6db6d453b1545c02e4,1563378,0.1531982421875
543610ce45194a9b902060e98b086cd5,1574519,0.94482421875
543610ce45194a9b902060e98b086cd5,1528803,0.9296875
543610ce45194a9b902060e98b086cd5,1527609,0.919921875
543610ce45194a9b902060e98b086cd5,1539664,0.9130859375
543610ce45194a9b902060e98b086cd5,1582477,0.9033203125
543610ce45194a9b902060e98b086cd5,1595050,0.89501953125
543610ce45194a9b902060e98b086cd5,1539001,0.8857421875
543610ce45194a9b902060e98b086cd5,1531250,0.87548828125
543610ce45194a9b902060e98b086cd5,1530171,0.8623046875
543610ce45194a9b902060e98b086cd5,1575787,0.81494140625
543610ce45194a9b902060e98b086cd5,1538156,0.80859375
543610ce45194a9b902060e98b086cd5,1550481,0.80126953125
543610ce45194a9b902060e98b086cd5,1587983,0.7568359375
543610ce45194a9b902060e98b086cd5,1554065,0.748046875
543610ce45194a9b902060e98b086cd5,1599311,0.72021484375
543610ce45194a9b902060e98b086cd5,1562447,0.638671875
543610ce45194a9b902060e98b086cd5,1591497,0.6171875
543610ce45194a9b902060e98b086cd5,1575300,0.52783203125
c9e0aeb1953f4d36babe0546562428dc,1540331,0.9931640625
c9e0aeb1953f4d36babe0546562428dc,1594838,0.9931640625
c9e0aeb1953f4d36babe0546562428dc,1558810,0.9921875
c9e0aeb1953f4d36babe0546562428dc,1555899,0.98974609375
c9e0aeb1953f4d36babe0546562428dc,1533257,0.98779296875
c9e0aeb1953f4d36babe0546562428dc,1569368,0.986328125
c9e0aeb1953f4d36babe0546562428dc,1590922,0.986328125
c9e0aeb1953f4d36babe0546562428dc,1558080,0.98046875
c9e0aeb1953f4d36babe0546562428dc,1538976,0.97900390625
c9e0aeb1953f4d36babe0546562428dc,1560658,0.9658203125
c9e0aeb1953f4d36babe0546562428dc,1563634,0.96240234375
c9e0aeb1953f4d36babe0546562428dc,1578513,0.9599609375
c9e0aeb1953f4d36babe0546562428dc,1569432,0.95458984375
c9e0aeb1953f4d36babe0546562428dc,1569262,0.93994140625
c9e0aeb1953f4d36babe0546562428dc,1585552,0.9326171875
c9e0aeb1953f4d36babe0546562428dc,1569267,0.9169921875
c9e0aeb1953f4d36babe0546562428dc,1573471,0.90185546875
c9e0aeb1953f4d36babe0546562428dc,1534521,0.8828125
c9e0aeb1953f4d36babe0546562428dc,1529236,0.876953125
c9e0aeb1953f4d36babe0546562428dc,1570342,0.79296875
c9e0aeb1953f4d36babe0546562428dc,1588680,0.7333984375
c9e0aeb1953f4d36babe0546562428dc,1576356,0.677734375
78899b11396b44539361452d5671be05,1564489,0.99658203125
78899b11396b44539361452d5671be05,1564757,0.99609375
78899b11396b44539361452d5671be05,1541637,0.98974609375
78899b11396b44539361452d5671be05,1561564,0.98974609375
78899b11396b44539361452d5671be05,1552739,0.9697265625
78899b11396b44539361452d5671be05,1560461,0.96484375
78899b11396b44539361452d5671be05,1562225,0.92333984375
78899b11396b44539361452d5671be05,1533971,0.916015625
78899b11396b44539361452d5671be05,1562150,0.89599609375
78899b11396b44539361452d5671be05,1567583,0.87841796875
78899b11396b44539361452d5671be05,1527920,0.86669921875
78899b11396b44539361452d5671be05,1562881,0.85693359375
78899b11396b44539361452d5671be05,1537185,0.7666015625
78899b11396b44539361452d5671be05,1558424,0.74072265625
44d1f114120247cab029e579edceb175,1588526,0.81689453125
44d1f114120247cab029e579edceb175,1530171,0.7412109375
44d1f114120247cab029e579edceb175,1545405,0.73828125
44d1f114120247cab029e579edceb175,1554271,0.72412109375
44d1f114120247cab029e579edceb175,1572596,0.68212890625
44d1f114120247cab029e579edceb175,1532493,0.66357421875
44d1f114120247cab029e579edceb175,1573970,0.65771484375
44d1f114120247cab029e579edceb175,1595186,0.64208984375
44d1f114120247cab029e579edceb175,1577622,0.6416015625
44d1f114120247cab029e579edceb175,1534760,0.62890625
44d1f114120247cab029e579edceb175,1533743,0.62744140625
44d1f114120247cab029e579edceb175,1530347,0.55029296875
44d1f114120247cab029e579edceb175,1528664,0.54150390625
44d1f114120247cab029e579edceb175,1541074,0.51220703125
44d1f114120247cab029e579edceb175,1563708,0.340576171875
44d1f114120247cab029e579edceb175,1557077,0.3154296875
4d2dffa284a64431a534c2a9b983785e,1542681,0.994140625
4d2dffa284a64431a534c2a9b983785e,1584517,0.970703125
4d2dffa284a64431a534c2a9b983785e,1568525,0.96142578125
4d2dffa284a64431a534c2a9b983785e,1551373,0.80712890625
4d2dffa284a64431a534c2a9b983785e,1578087,0.78759765625
4d2dffa284a64431a534c2a9b983785e,1543976,0.75732421875
4d2dffa284a64431a534c2a9b983785e,1551159,0.6865234375
4d2dffa284a64431a534c2a9b983785e,1579707,0.5634765625
4d2dffa284a64431a534c2a9b983785e,1562985,0.560546875
4d2dffa284a64431a534c2a9b983785e,1597254,0.36669921875
4d2dffa284a64431a534c2a9b983785e,1528268,0.339111328125
4d2dffa284a64431a534c2a9b983785e,1591505,0.324951171875
38b48500ca40492886ad1c6f9f814501,1584527,0.97705078125
38b48500ca40492886ad1c6f9f814501,1551683,0.97509765625
38b48500ca40492886ad1c6f9f814501,1540579,0.97119140625
38b48500ca40492886ad1c6f9f814501,1562892,0.9658203125
38b48500ca40492886ad1c6f9f814501,1597322,0.96484375
38b48500ca40492886ad1c6f9f814501,1600817,0.96337890625
38b48500ca40492886ad1c6f9f814501,1544842,0.9580078125
38b48500ca40492886ad1c6f9f814501,1549532,0.9541015625
38b48500ca40492886ad1c6f9f814501,1546898,0.95166015625
38b48500ca40492886ad1c6f9f814501,1594771,0.94140625
38b48500ca40492886ad1c6f9f814501,1528704,0.939453125
38b48500ca40492886ad1c6f9f814501,1567075,0.93359375
38b48500ca40492886ad1c6f9f814501,1533971,0.86865234375
38b48500ca40492886ad1c6f9f814501,1567120,0.85693359375
38b48500ca40492886ad1c6f9f814501,1594433,0.625
38b48500ca40492886ad1c6f9f814501,1565064,0.474853515625
38b48500ca40492886ad1c6f9f814501,1553729,0.369873046875
982a8baf9865408393cc5c2a85153a68,1566001,0.98095703125
982a8baf9865408393cc5c2a85153a68,1534655,0.974609375
982a8baf9865408393cc5c2a85153a68,1560344,0.9716796875
982a8baf9865408393cc5c2a85153a68,1530302,0.97021484375
982a8baf9865408393cc5c2a85153a68,1546895,0.96728515625
982a8baf9865408393cc5c2a85153a68,1533672,0.96484375
982a8baf9865408393cc5c2a85153a68,1549605,0.96044921875
982a8baf9865408393cc5c2a85153a68,1571603,0.947265625
982a8baf9865408393cc5c2a85153a68,1538810,0.943359375
982a8baf9865408393cc5c2a85153a68,1539801,0.9384765625
982a8baf9865408393cc5c2a85153a68,1546939,0.93798828125
982a8baf9865408393cc5c2a85153a68,1560670,0.9052734375
982a8baf9865408393cc5c2a85153a68,1576239,0.7275390625
982a8baf9865408393cc5c2a85153a68,1552659,0.52783203125
3979902457f54f20b40e2ed945f44b73,1582063,0.89501953125
3979902457f54f20b40e2ed945f44b73,1551821,0.841796875
3979902457f54f20b40e2ed945f44b73,1547289,0.80908203125
3979902457f54f20b40e2ed945f44b73,1548581,0.69287109375
3979902457f54f20b40e2ed945f44b73,1566936,0.6923828125
3979902457f54f20b40e2ed945f44b73,1533940,0.68505859375
3979902457f54f20b40e2ed945f44b73,1577145,0.6728515625
3979902457f54f20b40e2ed945f44b73,1588233,0.666015625
3979902457f54f20b40e2ed945f44b73,1557554,0.6591796875
3979902457f54f20b40e2ed945f44b73,1572453,0.5732421875
3979902457f54f20b40e2ed945f44b73,1533690,0.53515625
3979902457f54f20b40e2ed945f44b73,1540532,0.474853515625
3979902457f54f20b40e2ed945f44b73,1529778,0.461669921875
3979902457f54f20b40e2ed945f44b73,1572655,0.385986328125
3979902457f54f20b40e2ed945f44b73,1565437,0.366455078125
4eb06d50bcea49d5829ae6f1fb00c2ad,1575029,0.994140625
4eb06d50bcea49d5829ae6f1fb00c2ad,1577790,0.96630859375
4eb06d50bcea49d5829ae6f1fb00c2ad,1570110,0.80615234375
4eb06d50bcea49d5829ae6f1fb00c2ad,1532869,0.796875
4eb06d50bcea49d5829ae6f1fb00c2ad,1576525,0.78125
4eb06d50bcea49d5829ae6f1fb00c2ad,1557900,0.740234375
4eb06d50bcea49d5829ae6f1fb00c2ad,1541747,0.72802734375
4eb06d50bcea49d5829ae6f1fb00c2ad,1600088,0.7001953125
4eb06d50bcea49d5829ae6f1fb00c2ad,1592672,0.59912109375
4eb06d50bcea49d5829ae6f1fb00c2ad,1537267,0.544921875
4eb06d50bcea49d5829ae6f1fb00c2ad,1560802,0.501953125
bd5a7122847b4a12818350e8a1a2846e,1536059,0.96826171875
bd5a7122847b4a12818350e8a1a2846e,1537933,0.96435546875
bd5a7122847b4a12818350e8a1a2846e,1557731,0.95263671875
bd5a7122847b4a12818350e8a1a2846e,1556639,0.947265625
bd5a7122847b4a12818350e8a1a2846e,1572137,0.935546875
bd5a7122847b4a12818350e8a1a2846e,1578203,0.88525390625
bd5a7122847b4a12818350e8a1a2846e,1558684,0.88427734375
bd5a7122847b4a12818350e8a1a2846e,1555842,0.869140625
bd5a7122847b4a12818350e8a1a2846e,1547225,0.80419921875
bd5a7122847b4a12818350e8a1a2846e,1554249,0.75048828125
bd5a7122847b4a12818350e8a1a2846e,1552838,0.74072265625
bd5a7122847b4a12818350e8a1a2846e,1545729,0.736328125
bd5a7122847b4a12818350e8a1a2846e,1598488,0.73486328125
bd5a7122847b4a12818350e8a1a2846e,1534924,0.70263671875
bd5a7122847b4a12818350e8a1a2846e,1545083,0.70068359375
bd5a7122847b4a12818350e8a1a2846e,1574653,0.66357421875
bd5a7122847b4a12818350e8a1a2846e,1578427,0.56494140625
bd5a7122847b4a12818350e8a1a2846e,1590835,0.53076171875
9c73ee83e5ab49f5849015a08257a9db,1562244,0.986328125
9c73ee83e5ab49f5849015a08257a9db,1582378,0.98486328125
9c73ee83e5ab49f5849015a08257a9db,1560344,0.984375
9c73ee83e5ab49f5849015a08257a9db,1533672,0.97998046875
9c73ee83e5ab49f5849015a08257a9db,1534655,0.9765625
9c73ee83e5ab49f5849015a08257a9db,1553262,0.97412109375
9c73ee83e5ab49f5849015a08257a9db,1557571,0.97412109375
9c73ee83e5ab49f5849015a08257a9db,1547564,0.97314453125
9c73ee83e5ab49f5849015a08257a9db,1542169,0.96826171875
9c73ee83e5ab49f5849015a08257a9db,1554515,0.9677734375
9c73ee83e5ab49f5849015a08257a9db,1571603,0.96533203125
9c73ee83e5ab49f5849015a08257a9db,1539801,0.96484375
9c73ee83e5ab49f5849015a08257a9db,1533352,0.9560546875
9c73ee83e5ab49f5849015a08257a9db,1571993,0.953125
9c73ee83e5ab49f5849015a08257a9db,1573598,0.95263671875
9c73ee83e5ab49f5849015a08257a9db,1589417,0.95068359375
9c73ee83e5ab49f5849015a08257a9db,1575325,0.94580078125
9c73ee83e5ab49f5849015a08257a9db,1591489,0.9443359375
9c73ee83e5ab49f5849015a08257a9db,1560670,0.94189453125
9c73ee83e5ab49f5849015a08257a9db,1546565,0.92236328125
9c73ee83e5ab49f5849015a08257a9db,1560866,0.8154296875
9c73ee83e5ab49f5849015a08257a9db,1565821,0.3671875
29c6a2ea76834acebd79091f02b4888c,1532324,0.9892578125
29c6a2ea76834acebd79091f02b4888c,1534421,0.986328125
29c6a2ea76834acebd79091f02b4888c,1534557,0.97900390625
29c6a2ea76834acebd79091f02b4888c,1574302,0.97314453125
29c6a2ea76834acebd79091f02b4888c,1554776,0.9638671875
29c6a2ea76834acebd79091f02b4888c,1530549,0.94970703125
29c6a2ea76834acebd79091f02b4888c,1594323,0.9443359375
29c6a2ea76834acebd79091f02b4888c,1557514,0.9365234375
29c6a2ea76834acebd79091f02b4888c,1528906,0.93505859375
29c6a2ea76834acebd79091f02b4888c,1554291,0.93310546875
29c6a2ea76834acebd79091f02b4888c,1543204,0.92626953125
29c6a2ea76834acebd79091f02b4888c,1531511,0.92236328125
29c6a2ea76834acebd79091f02b4888c,1562531,0.91015625
29c6a2ea76834acebd79091f02b4888c,1591245,0.90771484375
29c6a2ea76834acebd79091f02b4888c,1545059,0.88330078125
29c6a2ea76834acebd79091f02b4888c,1540706,0.865234375
29c6a2ea76834acebd79091f02b4888c,1529881,0.84765625
29c6a2ea76834acebd79091f02b4888c,1554780,0.796875
29c6a2ea76834acebd79091f02b4888c,1588430,0.76171875
29c6a2ea76834acebd79091f02b4888c,1550346,0.5126953125
29c6a2ea76834acebd79091f02b4888c,1586211,0.228515625
e89bec02aee9457d830a30b0dcc03394,1551392,0.83447265625
e89bec02aee9457d830a30b0dcc03394,1532551,0.83203125
e89bec02aee9457d830a30b0dcc03394,1560431,0.82568359375
e89bec02aee9457d830a30b0dcc03394,1541149,0.8212890625
e89bec02aee9457d830a30b0dcc03394,1573568,0.81591796875
e89bec02aee9457d830a30b0dcc03394,1528488,0.80224609375
e89bec02aee9457d830a30b0dcc03394,1572596,0.796875
e89bec02aee9457d830a30b0dcc03394,1548698,0.7890625
e89bec02aee9457d830a30b0dcc03394,1563270,0.7822265625
e89bec02aee9457d830a30b0dcc03394,1529451,0.77978515625
e89bec02aee9457d830a30b0dcc03394,1554271,0.75
e89bec02aee9457d830a30b0dcc03394,1527609,0.728515625
e89bec02aee9457d830a30b0dcc03394,1561492,0.66748046875
e89bec02aee9457d830a30b0dcc03394,1533743,0.64990234375
e89bec02aee9457d830a30b0dcc03394,1547066,0.64697265625
e89bec02aee9457d830a30b0dcc03394,1572510,0.63623046875
e89bec02aee9457d830a30b0dcc03394,1534760,0.6328125
e89bec02aee9457d830a30b0dcc03394,1544344,0.62158203125
e89bec02aee9457d830a30b0dcc03394,1528664,0.59130859375
e89bec02aee9457d830a30b0dcc03394,1551288,0.509765625
e89bec02aee9457d830a30b0dcc03394,1550283,0.10858154296875
e89bec02aee9457d830a30b0dcc03394,1546381,0.040771484375
c80ef3e0f2e04fa996d4652b130b8fbc,1536792,0.99072265625
c80ef3e0f2e04fa996d4652b130b8fbc,1540849,0.98974609375
c80ef3e0f2e04fa996d4652b130b8fbc,1589832,0.98779296875
c80ef3e0f2e04fa996d4652b130b8fbc,1559183,0.986328125
c80ef3e0f2e04fa996d4652b130b8fbc,1572400,0.98291015625
c80ef3e0f2e04fa996d4652b130b8fbc,1568658,0.98193359375
c80ef3e0f2e04fa996d4652b130b8fbc,1544640,0.974609375
c80ef3e0f2e04fa996d4652b130b8fbc,1581173,0.97412109375
c80ef3e0f2e04fa996d4652b130b8fbc,1599914,0.97216796875
c80ef3e0f2e04fa996d4652b130b8fbc,1586792,0.96337890625
c80ef3e0f2e04fa996d4652b130b8fbc,1549347,0.9619140625
c80ef3e0f2e04fa996d4652b130b8fbc,1532641,0.9580078125
c80ef3e0f2e04fa996d4652b130b8fbc,1553296,0.95556640625
c80ef3e0f2e04fa996d4652b130b8fbc,1551075,0.93798828125
c80ef3e0f2e04fa996d4652b130b8fbc,1563479,0.9189453125
c80ef3e0f2e04fa996d4652b130b8fbc,1576027,0.9033203125
c80ef3e0f2e04fa996d4652b130b8fbc,1554067,0.826171875
c80ef3e0f2e04fa996d4652b130b8fbc,1579908,0.80126953125
c80ef3e0f2e04fa996d4652b130b8fbc,1560579,0.7822265625
c80ef3e0f2e04fa996d4652b130b8fbc,1557026,0.767578125
c80ef3e0f2e04fa996d4652b130b8fbc,1557880,0.71826171875
c80ef3e0f2e04fa996d4652b130b8fbc,1584752,0.69189453125
c80ef3e0f2e04fa996d4652b130b8fbc,1556631,0.671875
c80ef3e0f2e04fa996d4652b130b8fbc,1595514,0.63330078125
c80ef3e0f2e04fa996d4652b130b8fbc,1557526,0.5390625
c80ef3e0f2e04fa996d4652b130b8fbc,1548789,0.45703125
c80ef3e0f2e04fa996d4652b130b8fbc,1549921,0.412109375
c80ef3e0f2e04fa996d4652b130b8fbc,1586187,0.158447265625
4e706742f6854032a43e8224b87b3d5d,1550961,0.990234375
4e706742f6854032a43e8224b87b3d5d,1583585,0.98974609375
4e706742f6854032a43e8224b87b3d5d,1587492,0.9853515625
4e706742f6854032a43e8224b87b3d5d,1591768,0.9658203125
4e706742f6854032a43e8224b87b3d5d,1546480,0.96484375
4e706742f6854032a43e8224b87b3d5d,1535651,0.95947265625
4e706742f6854032a43e8224b87b3d5d,1586838,0.955078125
4e706742f6854032a43e8224b87b3d5d,1595580,0.9541015625
4e706742f6854032a43e8224b87b3d5d,1553658,0.9462890625
4e706742f6854032a43e8224b87b3d5d,1540408,0.91845703125
4e706742f6854032a43e8224b87b3d5d,1534151,0.90625
4e706742f6854032a43e8224b87b3d5d,1572422,0.87646484375
4e706742f6854032a43e8224b87b3d5d,1535680,0.830078125
4e706742f6854032a43e8224b87b3d5d,1595299,0.80419921875
4e706742f6854032a43e8224b87b3d5d,1545002,0.677734375
4e706742f6854032a43e8224b87b3d5d,1597985,0.509765625
ec9f0b1511504ad89ee16db51ae4fbeb,1568443,0.94677734375
ec9f0b1511504ad89ee16db51ae4fbeb,1530433,0.9130859375
ec9f0b1511504ad89ee16db51ae4fbeb,1539664,0.8935546875
ec9f0b1511504ad89ee16db51ae4fbeb,1595050,0.8876953125
ec9f0b1511504ad89ee16db51ae4fbeb,1577622,0.845703125
ec9f0b1511504ad89ee16db51ae4fbeb,1571207,0.8427734375
ec9f0b1511504ad89ee16db51ae4fbeb,1575787,0.828125
ec9f0b1511504ad89ee16db51ae4fbeb,1535174,0.81884765625
ec9f0b1511504ad89ee16db51ae4fbeb,1561073,0.81103515625
ec9f0b1511504ad89ee16db51ae4fbeb,1553320,0.80712890625
ec9f0b1511504ad89ee16db51ae4fbeb,1538156,0.79345703125
ec9f0b1511504ad89ee16db51ae4fbeb,1587727,0.7666015625
ec9f0b1511504ad89ee16db51ae4fbeb,1587983,0.69775390625
ec9f0b1511504ad89ee16db51ae4fbeb,1551138,0.57470703125
ec9f0b1511504ad89ee16db51ae4fbeb,1550283,0.177001953125
8aab5648a1784903915a2f05fa23ecd5,1597408,0.98974609375
8aab5648a1784903915a2f05fa23ecd5,1562683,0.955078125
8aab5648a1784903915a2f05fa23ecd5,1565547,0.955078125
8aab5648a1784903915a2f05fa23ecd5,1528488,0.95166015625
8aab5648a1784903915a2f05fa23ecd5,1533940,0.93115234375
8aab5648a1784903915a2f05fa23ecd5,1545573,0.919921875
8aab5648a1784903915a2f05fa23ecd5,1576332,0.9091796875
8aab5648a1784903915a2f05fa23ecd5,1538156,0.896484375
8aab5648a1784903915a2f05fa23ecd5,1571207,0.87353515625
8aab5648a1784903915a2f05fa23ecd5,1594878,0.86962890625
8aab5648a1784903915a2f05fa23ecd5,1577622,0.8681640625
8aab5648a1784903915a2f05fa23ecd5,1573970,0.85498046875
8aab5648a1784903915a2f05fa23ecd5,1591497,0.84033203125
8aab5648a1784903915a2f05fa23ecd5,1553741,0.81640625
8aab5648a1784903915a2f05fa23ecd5,1548356,0.80517578125
8aab5648a1784903915a2f05fa23ecd5,1599311,0.798828125
8aab5648a1784903915a2f05fa23ecd5,1534444,0.7978515625
8aab5648a1784903915a2f05fa23ecd5,1568443,0.7900390625
8aab5648a1784903915a2f05fa23ecd5,1555432,0.7783203125
8aab5648a1784903915a2f05fa23ecd5,1528092,0.76318359375
8aab5648a1784903915a2f05fa23ecd5,1548512,0.74853515625
8aab5648a1784903915a2f05fa23ecd5,1562447,0.74755859375
8aab5648a1784903915a2f05fa23ecd5,1596316,0.6806640625
8aab5648a1784903915a2f05fa23ecd5,1573852,0.67236328125
8aab5648a1784903915a2f05fa23ecd5,1566917,0.65234375
8aab5648a1784903915a2f05fa23ecd5,1528271,0.630859375
8aab5648a1784903915a2f05fa23ecd5,1577317,0.630859375
8aab5648a1784903915a2f05fa23ecd5,1558552,0.6298828125
8aab5648a1784903915a2f05fa23ecd5,1563558,0.6162109375
8aab5648a1784903915a2f05fa23ecd5,1574889,0.5537109375
8aab5648a1784903915a2f05fa23ecd5,1531938,0.50341796875
8aab5648a1784903915a2f05fa23ecd5,1574120,0.1781005859375
e491a7cd06f74b7387bfcdab37d43e56,1550023,0.99560546875
e491a7cd06f74b7387bfcdab37d43e56,1576844,0.9951171875
e491a7cd06f74b7387bfcdab37d43e56,1531958,0.99462890625
e491a7cd06f74b7387bfcdab37d43e56,1573894,0.99462890625
e491a7cd06f74b7387bfcdab37d43e56,1539545,0.99365234375
e491a7cd06f74b7387bfcdab37d43e56,1599354,0.9931640625
e491a7cd06f74b7387bfcdab37d43e56,1561265,0.9921875
e491a7cd06f74b7387bfcdab37d43e56,1587058,0.9921875
e491a7cd06f74b7387bfcdab37d43e56,1528832,0.99072265625
e491a7cd06f74b7387bfcdab37d43e56,1540770,0.99072265625
e491a7cd06f74b7387bfcdab37d43e56,1569992,0.99072265625
e491a7cd06f74b7387bfcdab37d43e56,1538506,0.9892578125
e491a7cd06f74b7387bfcdab37d43e56,1559189,0.98828125
e491a7cd06f74b7387bfcdab37d43e56,1566667,0.9853515625
e491a7cd06f74b7387bfcdab37d43e56,1589140,0.97998046875
e491a7cd06f74b7387bfcdab37d43e56,1557421,0.9755859375
e491a7cd06f74b7387bfcdab37d43e56,1573627,0.69921875
e491a7cd06f74b7387bfcdab37d43e56,1563387,0.48876953125
90a07051d488465c8711cc515aa09519,1588542,0.8720703125
90a07051d488465c8711cc515aa09519,1597780,0.8720703125
90a07051d488465c8711cc515aa09519,1565457,0.8291015625
90a07051d488465c8711cc515aa09519,1562462,0.80419921875
90a07051d488465c8711cc515aa09519,1558705,0.80029296875
90a07051d488465c8711cc515aa09519,1585975,0.79345703125
90a07051d488465c8711cc515aa09519,1541996,0.66796875
90a07051d488465c8711cc515aa09519,1538745,0.66748046875
90a07051d488465c8711cc515aa09519,1534896,0.552734375
90a07051d488465c8711cc515aa09519,1546441,0.458251953125
90a07051d488465c8711cc515aa09519,1544876,0.398681640625
90a07051d488465c8711cc515aa09519,1549064,0.37841796875
90a07051d488465c8711cc515aa09519,1566327,0.370849609375
90a07051d488465c8711cc515aa09519,1599508,0.29150390625
90a07051d488465c8711cc515aa09519,1578494,0.277587890625
90a07051d488465c8711cc515aa09519,1531057,0.207275390625
90a07051d488465c8711cc515aa09519,1573220,0.157470703125
90a07051d488465c8711cc515aa09519,1600392,0.09466552734375
a06ba56c362940c38201166b0b81542e,1564432,0.958984375
a06ba56c362940c38201166b0b81542e,1539664,0.95703125
a06ba56c362940c38201166b0b81542e,1560431,0.94091796875
a06ba56c362940c38201166b0b81542e,1555536,0.92724609375
a06ba56c362940c38201166b0b81542e,1542634,0.92626953125
a06ba56c362940c38201166b0b81542e,1567848,0.923828125
a06ba56c362940c38201166b0b81542e,1535174,0.9052734375
a06ba56c362940c38201166b0b81542e,1563270,0.9052734375
a06ba56c362940c38201166b0b81542e,1537504,0.88916015625
a06ba56c362940c38201166b0b81542e,1543617,0.86328125
a06ba56c362940c38201166b0b81542e,1557077,0.8369140625
a06ba56c362940c38201166b0b81542e,1582553,0.7744140625
a06ba56c362940c38201166b0b81542e,1557733,0.677734375
a06ba56c362940c38201166b0b81542e,1575300,0.6328125
a06ba56c362940c38201166b0b81542e,1567769,0.472900390625
a06ba56c362940c38201166b0b81542e,1587945,0.367919921875
15ba1e4a1b7444d0a68d95ddcec0504e,1562866,0.99658203125
15ba1e4a1b7444d0a68d95ddcec0504e,1593669,0.99658203125
15ba1e4a1b7444d0a68d95ddcec0504e,1553850,0.99560546875
15ba1e4a1b7444d0a68d95ddcec0504e,1530635,0.9951171875
15ba1e4a1b7444d0a68d95ddcec0504e,1567259,0.9951171875
15ba1e4a1b7444d0a68d95ddcec0504e,1581143,0.9951171875
15ba1e4a1b7444d0a68d95ddcec0504e,1565915,0.99462890625
15ba1e4a1b7444d0a68d95ddcec0504e,1556163,0.99462890625
15ba1e4a1b7444d0a68d95ddcec0504e,1539612,0.99072265625
15ba1e4a1b7444d0a68d95ddcec0504e,1598535,0.98779296875
15ba1e4a1b7444d0a68d95ddcec0504e,1585118,0.8984375
15ba1e4a1b7444d0a68d95ddcec0504e,1591658,0.86083984375
15ba1e4a1b7444d0a68d95ddcec0504e,1594856,0.8544921875
83c284e44f994eb38e62fe9e8b7e0d3b,1586464,0.99169921875
83c284e44f994eb38e62fe9e8b7e0d3b,1574628,0.98876953125
83c284e44f994eb38e62fe9e8b7e0d3b,1597389,0.98876953125
83c284e44f994eb38e62fe9e8b7e0d3b,1547465,0.9736328125
83c284e44f994eb38e62fe9e8b7e0d3b,1581792,0.9697265625
83c284e44f994eb38e62fe9e8b7e0d3b,1564807,0.9638671875
83c284e44f994eb38e62fe9e8b7e0d3b,1576410,0.94873046875
83c284e44f994eb38e62fe9e8b7e0d3b,1596920,0.93896484375
83c284e44f994eb38e62fe9e8b7e0d3b,1583579,0.92724609375
83c284e44f994eb38e62fe9e8b7e0d3b,1558543,0.87890625
83c284e44f994eb38e62fe9e8b7e0d3b,1579004,0.87255859375
83c284e44f994eb38e62fe9e8b7e0d3b,1537500,0.77392578125
83c284e44f994eb38e62fe9e8b7e0d3b,1561680,0.580078125
83c284e44f994eb38e62fe9e8b7e0d3b,1588680,0.473876953125
dbc57423f3db4a0d8c9351f35208bb95,1572845,0.9443359375
dbc57423f3db4a0d8c9351f35208bb95,1568509,0.90625
dbc57423f3db4a0d8c9351f35208bb95,1546095,0.8857421875
dbc57423f3db4a0d8c9351f35208bb95,1569230,0.86328125
dbc57423f3db4a0d8c9351f35208bb95,1551795,0.86181640625
dbc57423f3db4a0d8c9351f35208bb95,1595154,0.84033203125
dbc57423f3db4a0d8c9351f35208bb95,1531284,0.822265625
dbc57423f3db4a0d8c9351f35208bb95,1585127,0.77099609375
dbc57423f3db4a0d8c9351f35208bb95,1600732,0.7236328125
dbc57423f3db4a0d8c9351f35208bb95,1538701,0.7216796875
dbc57423f3db4a0d8c9351f35208bb95,1528869,0.6953125
dbc57423f3db4a0d8c9351f35208bb95,1578259,0.6884765625
dbc57423f3db4a0d8c9351f35208bb95,1564147,0.65869140625
dbc57423f3db4a0d8c9351f35208bb95,1566939,0.65673828125
dbc57423f3db4a0d8c9351f35208bb95,1535123,0.630859375
11548e1b6b9c43a7911e4d902cc13693,1587600,0.98046875
11548e1b6b9c43a7911e4d902cc13693,1556092,0.97607421875
11548e1b6b9c43a7911e4d902cc13693,1533672,0.97412109375
11548e1b6b9c43a7911e4d902cc13693,1547994,0.96142578125
11548e1b6b9c43a7911e4d902cc13693,1546939,0.9609375
11548e1b6b9c43a7911e4d902cc13693,1547564,0.96044921875
11548e1b6b9c43a7911e4d902cc13693,1600941,0.95947265625
11548e1b6b9c43a7911e4d902cc13693,1549605,0.95849609375
11548e1b6b9c43a7911e4d902cc13693,1553262,0.95751953125
11548e1b6b9c43a7911e4d902cc13693,1574821,0.9560546875
11548e1b6b9c43a7911e4d902cc13693,1562920,0.94384765625
11548e1b6b9c43a7911e4d902cc13693,1585002,0.9423828125
11548e1b6b9c43a7911e4d902cc13693,1573598,0.93310546875
11548e1b6b9c43a7911e4d902cc13693,1589417,0.9306640625
11548e1b6b9c43a7911e4d902cc13693,1539801,0.92822265625
11548e1b6b9c43a7911e4d902cc13693,1533352,0.916015625
11548e1b6b9c43a7911e4d902cc13693,1537328,0.91357421875
11548e1b6b9c43a7911e4d902cc13693,1578875,0.90185546875
11548e1b6b9c43a7911e4d902cc13693,1571993,0.88623046875
11548e1b6b9c43a7911e4d902cc13693,1550899,0.8857421875
11548e1b6b9c43a7911e4d902cc13693,1546565,0.88427734375
11548e1b6b9c43a7911e4d902cc13693,1560670,0.865234375
11548e1b6b9c43a7911e4d902cc13693,1533454,0.85888671875
11548e1b6b9c43a7911e4d902cc13693,1568317,0.8359375
11548e1b6b9c43a7911e4d902cc13693,1542532,0.7470703125
11548e1b6b9c43a7911e4d902cc13693,1562140,0.59765625
11548e1b6b9c43a7911e4d902cc13693,1578519,0.29541015625
11548e1b6b9c43a7911e4d902cc13693,1565821,0.1705322265625
aa40580e8e8e449399d43102ac47e086,1538506,0.99609375
aa40580e8e8e449399d43102ac47e086,1595669,0.99462890625
aa40580e8e8e449399d43102ac47e086,1586157,0.994140625
aa40580e8e8e449399d43102ac47e086,1559291,0.9912109375
aa40580e8e8e449399d43102ac47e086,1588189,0.98681640625
aa40580e8e8e449399d43102ac47e086,1559292,0.98486328125
aa40580e8e8e449399d43102ac47e086,1531736,0.97802734375
aa40580e8e8e449399d43102ac47e086,1549602,0.96142578125
aa40580e8e8e449399d43102ac47e086,1542919,0.94970703125
aa40580e8e8e449399d43102ac47e086,1570403,0.9052734375
aa40580e8e8e449399d43102ac47e086,1575158,0.60693359375
aa40580e8e8e449399d43102ac47e086,1533711,0.54736328125
aa40580e8e8e449399d43102ac47e086,1544376,0.3779296875
50539227f5e5440ea49972a4305698a6,1573625,0.99072265625
50539227f5e5440ea49972a4305698a6,1542888,0.9423828125
50539227f5e5440ea49972a4305698a6,1567638,0.92578125
50539227f5e5440ea49972a4305698a6,1573332,0.9130859375
50539227f5e5440ea49972a4305698a6,1581225,0.88818359375
50539227f5e5440ea49972a4305698a6,1550642,0.8876953125
50539227f5e5440ea49972a4305698a6,1583913,0.82080078125
50539227f5e5440ea49972a4305698a6,1586977,0.71240234375
50539227f5e5440ea49972a4305698a6,1560617,0.69970703125
50539227f5e5440ea49972a4305698a6,1543549,0.6962890625
50539227f5e5440ea49972a4305698a6,1557960,0.6845703125
50539227f5e5440ea49972a4305698a6,1562449,0.61572265625
50539227f5e5440ea49972a4305698a6,1578620,0.58935546875
50539227f5e5440ea49972a4305698a6,1536665,0.5859375
50539227f5e5440ea49972a4305698a6,1566009,0.2685546875
50539227f5e5440ea49972a4305698a6,1596029,0.259521484375
50539227f5e5440ea49972a4305698a6,1594627,0.1766357421875
50539227f5e5440ea49972a4305698a6,1598267,0.0633544921875
50539227f5e5440ea49972a4305698a6,1570643,0.001072883605957
4f5bf5b5d9164e878f5220c4f1b4ec3d,1539383,0.9755859375
4f5bf5b5d9164e878f5220c4f1b4ec3d,1578772,0.95849609375
4f5bf5b5d9164e878f5220c4f1b4ec3d,1535787,0.94775390625
4f5bf5b5d9164e878f5220c4f1b4ec3d,1540956,0.9423828125
4f5bf5b5d9164e878f5220c4f1b4ec3d,1562757,0.9130859375
4f5bf5b5d9164e878f5220c4f1b4ec3d,1553894,0.8759765625
4f5bf5b5d9164e878f5220c4f1b4ec3d,1550078,0.87353515625
4f5bf5b5d9164e878f5220c4f1b4ec3d,1569161,0.86376953125
4f5bf5b5d9164e878f5220c4f1b4ec3d,1572708,0.8095703125
4f5bf5b5d9164e878f5220c4f1b4ec3d,1566874,0.685546875
4f5bf5b5d9164e878f5220c4f1b4ec3d,1546263,0.63134765625
4f5bf5b5d9164e878f5220c4f1b4ec3d,1531794,0.39111328125
a608a100c360438e82aef41a2b0066ad,1528858,0.97607421875
a608a100c360438e82aef41a2b0066ad,1557140,0.9697265625
a608a100c360438e82aef41a2b0066ad,1572665,0.9609375
a608a100c360438e82aef41a2b0066ad,1551202,0.9462890625
a608a100c360438e82aef41a2b0066ad,1561210,0.9365234375
a608a100c360438e82aef41a2b0066ad,1594496,0.892578125
a608a100c360438e82aef41a2b0066ad,1600370,0.8916015625
a608a100c360438e82aef41a2b0066ad,1589402,0.8623046875
a608a100c360438e82aef41a2b0066ad,1534800,0.86181640625
a608a100c360438e82aef41a2b0066ad,1560406,0.84228515625
a608a100c360438e82aef41a2b0066ad,1596900,0.83837890625
a608a100c360438e82aef41a2b0066ad,1580396,0.81884765625
a608a100c360438e82aef41a2b0066ad,1584611,0.79736328125
a608a100c360438e82aef41a2b0066ad,1534026,0.76025390625
a608a100c360438e82aef41a2b0066ad,1570640,0.7548828125
a608a100c360438e82aef41a2b0066ad,1537883,0.75341796875
a608a100c360438e82aef41a2b0066ad,1550233,0.7255859375
2caad1f845f64e5384b1e3b4c25b073e,1540784,0.990234375
2caad1f845f64e5384b1e3b4c25b073e,1599510,0.9892578125
2caad1f845f64e5384b1e3b4c25b073e,1596262,0.98876953125
2caad1f845f64e5384b1e3b4c25b073e,1582268,0.98681640625
2caad1f845f64e5384b1e3b4c25b073e,1587329,0.98486328125
2caad1f845f64e5384b1e3b4c25b073e,1541823,0.98388671875
2caad1f845f64e5384b1e3b4c25b073e,1549173,0.97802734375
2caad1f845f64e5384b1e3b4c25b073e,1585770,0.97607421875
2caad1f845f64e5384b1e3b4c25b073e,1575108,0.97509765625
2caad1f845f64e5384b1e3b4c25b073e,1545993,0.9736328125
2caad1f845f64e5384b1e3b4c25b073e,1543485,0.97265625
2caad1f845f64e5384b1e3b4c25b073e,1573589,0.9716796875
2caad1f845f64e5384b1e3b4c25b073e,1542794,0.96923828125
2caad1f845f64e5384b1e3b4c25b073e,1578065,0.96923828125
2caad1f845f64e5384b1e3b4c25b073e,1565723,0.96875
2caad1f845f64e5384b1e3b4c25b073e,1597217,0.96630859375
2caad1f845f64e5384b1e3b4c25b073e,1560048,0.96533203125
2caad1f845f64e5384b1e3b4c25b073e,1540165,0.96484375
2caad1f845f64e5384b1e3b4c25b073e,1586626,0.95751953125
2caad1f845f64e5384b1e3b4c25b073e,1558910,0.955078125
2caad1f845f64e5384b1e3b4c25b073e,1553775,0.92822265625
2caad1f845f64e5384b1e3b4c25b073e,1542982,0.9228515625
2caad1f845f64e5384b1e3b4c25b073e,1533228,0.91943359375
2caad1f845f64e5384b1e3b4c25b073e,1584169,0.87841796875
2caad1f845f64e5384b1e3b4c25b073e,1599344,0.876953125
2caad1f845f64e5384b1e3b4c25b073e,1569632,0.80126953125
2caad1f845f64e5384b1e3b4c25b073e,1598194,0.779296875
2caad1f845f64e5384b1e3b4c25b073e,1544710,0.70751953125
2caad1f845f64e5384b1e3b4c25b073e,1591395,0.6904296875
2caad1f845f64e5384b1e3b4c25b073e,1594495,0.634765625
2caad1f845f64e5384b1e3b4c25b073e,1572406,0.62646484375
0617eca18da94a2ca13297a8fa16b24d,1543781,0.98876953125
0617eca18da94a2ca13297a8fa16b24d,1596804,0.9677734375
0617eca18da94a2ca13297a8fa16b24d,1588269,0.90087890625
0617eca18da94a2ca13297a8fa16b24d,1593905,0.88525390625
0617eca18da94a2ca13297a8fa16b24d,1575487,0.86865234375
0617eca18da94a2ca13297a8fa16b24d,1545998,0.85107421875
0617eca18da94a2ca13297a8fa16b24d,1572184,0.83154296875
0617eca18da94a2ca13297a8fa16b24d,1538134,0.79150390625
0617eca18da94a2ca13297a8fa16b24d,1559964,0.76513671875
0617eca18da94a2ca13297a8fa16b24d,1557936,0.7431640625
0617eca18da94a2ca13297a8fa16b24d,1543388,0.71484375
0617eca18da94a2ca13297a8fa16b24d,1581722,0.71142578125
0617eca18da94a2ca13297a8fa16b24d,1554116,0.6630859375
0617eca18da94a2ca13297a8fa16b24d,1553768,0.64013671875
0617eca18da94a2ca13297a8fa16b24d,1572863,0.58837890625
0617eca18da94a2ca13297a8fa16b24d,1565426,0.583984375
0617eca18da94a2ca13297a8fa16b24d,1532217,0.490234375
66fae14347fc4faeb026f5bf32b1698e,1533208,0.994140625
66fae14347fc4faeb026f5bf32b1698e,1561741,0.98974609375
66fae14347fc4faeb026f5bf32b1698e,1585515,0.98291015625
66fae14347fc4faeb026f5bf32b1698e,1567740,0.982421875
66fae14347fc4faeb026f5bf32b1698e,1533375,0.9814453125
66fae14347fc4faeb026f5bf32b1698e,1548862,0.96630859375
66fae14347fc4faeb026f5bf32b1698e,1567444,0.96630859375
66fae14347fc4faeb026f5bf32b1698e,1576525,0.96435546875
66fae14347fc4faeb026f5bf32b1698e,1577340,0.953125
66fae14347fc4faeb026f5bf32b1698e,1531777,0.951171875
66fae14347fc4faeb026f5bf32b1698e,1561538,0.95068359375
66fae14347fc4faeb026f5bf32b1698e,1550642,0.939453125
66fae14347fc4faeb026f5bf32b1698e,1558175,0.89892578125
66fae14347fc4faeb026f5bf32b1698e,1553317,0.89453125
66fae14347fc4faeb026f5bf32b1698e,1589255,0.658203125
fc4db1def5344bb0bb7878a0fc3e4fc0,1584568,0.970703125
fc4db1def5344bb0bb7878a0fc3e4fc0,1598971,0.955078125
fc4db1def5344bb0bb7878a0fc3e4fc0,1539793,0.9365234375
fc4db1def5344bb0bb7878a0fc3e4fc0,1537678,0.92822265625
fc4db1def5344bb0bb7878a0fc3e4fc0,1533417,0.92626953125
fc4db1def5344bb0bb7878a0fc3e4fc0,1552406,0.9130859375
fc4db1def5344bb0bb7878a0fc3e4fc0,1542161,0.888671875
fc4db1def5344bb0bb7878a0fc3e4fc0,1528462,0.87255859375
fc4db1def5344bb0bb7878a0fc3e4fc0,1597951,0.82080078125
fc4db1def5344bb0bb7878a0fc3e4fc0,1587397,0.79443359375
fc4db1def5344bb0bb7878a0fc3e4fc0,1575746,0.7900390625
fc4db1def5344bb0bb7878a0fc3e4fc0,1536333,0.7841796875
fc4db1def5344bb0bb7878a0fc3e4fc0,1532953,0.77978515625
fc4db1def5344bb0bb7878a0fc3e4fc0,1530485,0.751953125
fc4db1def5344bb0bb7878a0fc3e4fc0,1529888,0.73828125
fc4db1def5344bb0bb7878a0fc3e4fc0,1536083,0.4130859375
7f893bc0089b4be0a5463427e1e643e7,1538980,0.9921875
7f893bc0089b4be0a5463427e1e643e7,1573527,0.99072265625
7f893bc0089b4be0a5463427e1e643e7,1541068,0.990234375
7f893bc0089b4be0a5463427e1e643e7,1594627,0.96923828125
7f893bc0089b4be0a5463427e1e643e7,1569672,0.94140625
7f893bc0089b4be0a5463427e1e643e7,1552304,0.9375
7f893bc0089b4be0a5463427e1e643e7,1537698,0.93115234375
7f893bc0089b4be0a5463427e1e643e7,1558207,0.88037109375
7f893bc0089b4be0a5463427e1e643e7,1594964,0.8544921875
7f893bc0089b4be0a5463427e1e643e7,1541426,0.83984375
7f893bc0089b4be0a5463427e1e643e7,1531520,0.787109375
7f893bc0089b4be0a5463427e1e643e7,1529313,0.7177734375
7f893bc0089b4be0a5463427e1e643e7,1588644,0.7001953125
7f893bc0089b4be0a5463427e1e643e7,1587429,0.64990234375
7f893bc0089b4be0a5463427e1e643e7,1594631,0.12646484375
894210b208ca4ce099324f4fa3b16c68,1576956,0.9326171875
894210b208ca4ce099324f4fa3b16c68,1561497,0.90087890625
894210b208ca4ce099324f4fa3b16c68,1566881,0.89697265625
894210b208ca4ce099324f4fa3b16c68,1557546,0.896484375
894210b208ca4ce099324f4fa3b16c68,1567516,0.87255859375
894210b208ca4ce099324f4fa3b16c68,1587925,0.82080078125
894210b208ca4ce099324f4fa3b16c68,1553766,0.81494140625
894210b208ca4ce099324f4fa3b16c68,1540952,0.7890625
894210b208ca4ce099324f4fa3b16c68,1552413,0.77001953125
894210b208ca4ce099324f4fa3b16c68,1592523,0.68896484375
894210b208ca4ce099324f4fa3b16c68,1538130,0.673828125
894210b208ca4ce099324f4fa3b16c68,1545196,0.57763671875
894210b208ca4ce099324f4fa3b16c68,1554353,0.442138671875
894210b208ca4ce099324f4fa3b16c68,1556250,0.423828125
894210b208ca4ce099324f4fa3b16c68,1533080,0.2020263671875
105e587978fa4f77a2328a27fca09cd1,1538710,0.98095703125
105e587978fa4f77a2328a27fca09cd1,1594070,0.974609375
105e587978fa4f77a2328a27fca09cd1,1567163,0.970703125
105e587978fa4f77a2328a27fca09cd1,1588319,0.96630859375
105e587978fa4f77a2328a27fca09cd1,1598517,0.96484375
105e587978fa4f77a2328a27fca09cd1,1595135,0.96435546875
105e587978fa4f77a2328a27fca09cd1,1572452,0.9638671875
105e587978fa4f77a2328a27fca09cd1,1589122,0.9609375
105e587978fa4f77a2328a27fca09cd1,1588094,0.95458984375
105e587978fa4f77a2328a27fca09cd1,1539477,0.94921875
105e587978fa4f77a2328a27fca09cd1,1538743,0.92822265625
105e587978fa4f77a2328a27fca09cd1,1543919,0.8642578125
105e587978fa4f77a2328a27fca09cd1,1529243,0.85986328125
105e587978fa4f77a2328a27fca09cd1,1581779,0.6357421875
105e587978fa4f77a2328a27fca09cd1,1591354,0.0048866271972656
0790bf0f18c8423b93575dc444274419,1560431,0.97412109375
0790bf0f18c8423b93575dc444274419,1568443,0.96923828125
0790bf0f18c8423b93575dc444274419,1548512,0.95068359375
0790bf0f18c8423b93575dc444274419,1549438,0.92578125
0790bf0f18c8423b93575dc444274419,1542634,0.87939453125
0790bf0f18c8423b93575dc444274419,1576475,0.8740234375
0790bf0f18c8423b93575dc444274419,1585524,0.869140625
0790bf0f18c8423b93575dc444274419,1573568,0.8662109375
0790bf0f18c8423b93575dc444274419,1532551,0.86474609375
0790bf0f18c8423b93575dc444274419,1591497,0.8515625
0790bf0f18c8423b93575dc444274419,1552857,0.83837890625
0790bf0f18c8423b93575dc444274419,1552865,0.83740234375
0790bf0f18c8423b93575dc444274419,1546764,0.82275390625
0790bf0f18c8423b93575dc444274419,1537224,0.8134765625
0790bf0f18c8423b93575dc444274419,1544344,0.81201171875
0790bf0f18c8423b93575dc444274419,1538183,0.794921875
0790bf0f18c8423b93575dc444274419,1541149,0.79296875
0790bf0f18c8423b93575dc444274419,1583077,0.7822265625
0790bf0f18c8423b93575dc444274419,1561583,0.76318359375
0790bf0f18c8423b93575dc444274419,1562447,0.7548828125
0790bf0f18c8423b93575dc444274419,1577768,0.7548828125
0790bf0f18c8423b93575dc444274419,1547066,0.72900390625
0790bf0f18c8423b93575dc444274419,1551392,0.71875
0790bf0f18c8423b93575dc444274419,1537709,0.703125
0790bf0f18c8423b93575dc444274419,1531250,0.693359375
0790bf0f18c8423b93575dc444274419,1582152,0.68701171875
0790bf0f18c8423b93575dc444274419,1591806,0.63525390625
0790bf0f18c8423b93575dc444274419,1552541,0.634765625
0790bf0f18c8423b93575dc444274419,1576425,0.634765625
0790bf0f18c8423b93575dc444274419,1545230,0.6123046875
0790bf0f18c8423b93575dc444274419,1554556,0.580078125
0790bf0f18c8423b93575dc444274419,1541074,0.56103515625
0790bf0f18c8423b93575dc444274419,1528271,0.55908203125
0790bf0f18c8423b93575dc444274419,1557733,0.50244140625
0790bf0f18c8423b93575dc444274419,1564506,0.499267578125
0790bf0f18c8423b93575dc444274419,1557077,0.406982421875
0790bf0f18c8423b93575dc444274419,1561492,0.39990234375
0790bf0f18c8423b93575dc444274419,1546889,0.375244140625
0790bf0f18c8423b93575dc444274419,1557552,0.2210693359375
0790bf0f18c8423b93575dc444274419,1546381,0.037811279296875
6ef991a827d34555bf365dc7528d4aff,1583932,0.95263671875
6ef991a827d34555bf365dc7528d4aff,1563854,0.94384765625
6ef991a827d34555bf365dc7528d4aff,1562150,0.94287109375
6ef991a827d34555bf365dc7528d4aff,1534668,0.9423828125
6ef991a827d34555bf365dc7528d4aff,1582760,0.94091796875
6ef991a827d34555bf365dc7528d4aff,1587294,0.90625
6ef991a827d34555bf365dc7528d4aff,1568914,0.8974609375
6ef991a827d34555bf365dc7528d4aff,1552738,0.8896484375
6ef991a827d34555bf365dc7528d4aff,1550753,0.88623046875
6ef991a827d34555bf365dc7528d4aff,1568082,0.86279296875
6ef991a827d34555bf365dc7528d4aff,1588091,0.83056640625
6ef991a827d34555bf365dc7528d4aff,1598560,0.8154296875
6ef991a827d34555bf365dc7528d4aff,1581493,0.78662109375
6ef991a827d34555bf365dc7528d4aff,1592223,0.71630859375
6ef991a827d34555bf365dc7528d4aff,1582642,0.6533203125
6ef991a827d34555bf365dc7528d4aff,1583716,0.433349609375
d397d2f211854740ac73515be119150d,1560461,0.98876953125
d397d2f211854740ac73515be119150d,1567075,0.98828125
d397d2f211854740ac73515be119150d,1584490,0.98828125
d397d2f211854740ac73515be119150d,1587214,0.984375
d397d2f211854740ac73515be119150d,1573137,0.98388671875
d397d2f211854740ac73515be119150d,1548435,0.98193359375
d397d2f211854740ac73515be119150d,1568065,0.98193359375
d397d2f211854740ac73515be119150d,1538701,0.98095703125
d397d2f211854740ac73515be119150d,1552732,0.97900390625
d397d2f211854740ac73515be119150d,1588367,0.9697265625
d397d2f211854740ac73515be119150d,1567583,0.96923828125
d397d2f211854740ac73515be119150d,1527507,0.96630859375
d397d2f211854740ac73515be119150d,1595137,0.9658203125
d397d2f211854740ac73515be119150d,1548331,0.9609375
d397d2f211854740ac73515be119150d,1586489,0.9541015625
d397d2f211854740ac73515be119150d,1552738,0.9462890625
d397d2f211854740ac73515be119150d,1533971,0.908203125
d397d2f211854740ac73515be119150d,1584795,0.74853515625
d397d2f211854740ac73515be119150d,1565064,0.67431640625
d397d2f211854740ac73515be119150d,1564633,0.634765625
d397d2f211854740ac73515be119150d,1570684,0.40234375
d397d2f211854740ac73515be119150d,1591541,0.177978515625
7e489715e7c3468398e5d12623b163cb,1544864,0.994140625
7e489715e7c3468398e5d12623b163cb,1545028,0.99365234375
7e489715e7c3468398e5d12623b163cb,1589781,0.9912109375
7e489715e7c3468398e5d12623b163cb,1550961,0.98974609375
7e489715e7c3468398e5d12623b163cb,1560498,0.98974609375
7e489715e7c3468398e5d12623b163cb,1569977,0.98974609375
7e489715e7c3468398e5d12623b163cb,1559779,0.9892578125
7e489715e7c3468398e5d12623b163cb,1588354,0.98828125
7e489715e7c3468398e5d12623b163cb,1574693,0.98779296875
7e489715e7c3468398e5d12623b163cb,1531706,0.986328125
7e489715e7c3468398e5d12623b163cb,1562366,0.98046875
7e489715e7c3468398e5d12623b163cb,1576228,0.9765625
7e489715e7c3468398e5d12623b163cb,1532970,0.96044921875
7e489715e7c3468398e5d12623b163cb,1596887,0.94921875
7e489715e7c3468398e5d12623b163cb,1582702,0.8837890625
7e489715e7c3468398e5d12623b163cb,1540408,0.88330078125
7e489715e7c3468398e5d12623b163cb,1531393,0.87353515625
7e489715e7c3468398e5d12623b163cb,1572422,0.87353515625
7e489715e7c3468398e5d12623b163cb,1528703,0.69921875
7e489715e7c3468398e5d12623b163cb,1551353,0.6611328125
7e489715e7c3468398e5d12623b163cb,1599521,0.66015625
7e489715e7c3468398e5d12623b163cb,1589618,0.61572265625
7e489715e7c3468398e5d12623b163cb,1586183,0.410888671875
7e489715e7c3468398e5d12623b163cb,1556281,0.373291015625
7e489715e7c3468398e5d12623b163cb,1582825,0.1937255859375
7e489715e7c3468398e5d12623b163cb,1557216,0.177490234375
7e489715e7c3468398e5d12623b163cb,1578627,0.11163330078125
7e489715e7c3468398e5d12623b163cb,1584391,0.01934814453125
de66060515a7429785044e11bb572199,1597217,0.98095703125
de66060515a7429785044e11bb572199,1569639,0.9775390625
de66060515a7429785044e11bb572199,1535018,0.97607421875
de66060515a7429785044e11bb572199,1531513,0.97607421875
de66060515a7429785044e11bb572199,1565760,0.97119140625
de66060515a7429785044e11bb572199,1565723,0.97021484375
de66060515a7429785044e11bb572199,1548254,0.96630859375
de66060515a7429785044e11bb572199,1541823,0.9541015625
de66060515a7429785044e11bb572199,1549882,0.94189453125
de66060515a7429785044e11bb572199,1586626,0.93115234375
de66060515a7429785044e11bb572199,1575626,0.9306640625
de66060515a7429785044e11bb572199,1591395,0.84765625
de66060515a7429785044e11bb572199,1594495,0.79833984375
de66060515a7429785044e11bb572199,1531562,0.52490234375
e7108687c5e749e6833fb67c9d79f514,1550767,0.998046875
e7108687c5e749e6833fb67c9d79f514,1565176,0.9970703125
e7108687c5e749e6833fb67c9d79f514,1577575,0.9970703125
e7108687c5e749e6833fb67c9d79f514,1591416,0.99658203125
e7108687c5e749e6833fb67c9d79f514,1530659,0.99560546875
e7108687c5e749e6833fb67c9d79f514,1547347,0.9951171875
e7108687c5e749e6833fb67c9d79f514,1537465,0.9951171875
e7108687c5e749e6833fb67c9d79f514,1588402,0.994140625
e7108687c5e749e6833fb67c9d79f514,1577076,0.994140625
e7108687c5e749e6833fb67c9d79f514,1594850,0.99267578125
e7108687c5e749e6833fb67c9d79f514,1578653,0.99169921875
e7108687c5e749e6833fb67c9d79f514,1557169,0.98681640625
e7108687c5e749e6833fb67c9d79f514,1579634,0.9404296875
e7108687c5e749e6833fb67c9d79f514,1559972,0.8994140625
e7108687c5e749e6833fb67c9d79f514,1570298,0.85498046875
e7108687c5e749e6833fb67c9d79f514,1545694,0.73486328125
e7108687c5e749e6833fb67c9d79f514,1563013,0.705078125
e7108687c5e749e6833fb67c9d79f514,1556150,0.01666259765625
84904c8398a94cc7a13a1c7b2e6a3aa0,1551278,0.9052734375
84904c8398a94cc7a13a1c7b2e6a3aa0,1585770,0.90380859375
84904c8398a94cc7a13a1c7b2e6a3aa0,1528485,0.89990234375
84904c8398a94cc7a13a1c7b2e6a3aa0,1540394,0.873046875
84904c8398a94cc7a13a1c7b2e6a3aa0,1571974,0.857421875
84904c8398a94cc7a13a1c7b2e6a3aa0,1590565,0.8564453125
84904c8398a94cc7a13a1c7b2e6a3aa0,1543331,0.84521484375
84904c8398a94cc7a13a1c7b2e6a3aa0,1563898,0.79296875
84904c8398a94cc7a13a1c7b2e6a3aa0,1549570,0.77783203125
84904c8398a94cc7a13a1c7b2e6a3aa0,1542024,0.75146484375
84904c8398a94cc7a13a1c7b2e6a3aa0,1540708,0.6689453125
84904c8398a94cc7a13a1c7b2e6a3aa0,1568871,0.6669921875
84904c8398a94cc7a13a1c7b2e6a3aa0,1588789,0.6162109375
84904c8398a94cc7a13a1c7b2e6a3aa0,1584035,0.1175537109375
df738ba0d1c2423f8c88c1222b1d367f,1545074,0.96435546875
df738ba0d1c2423f8c88c1222b1d367f,1598128,0.96435546875
df738ba0d1c2423f8c88c1222b1d367f,1563212,0.87890625
df738ba0d1c2423f8c88c1222b1d367f,1595853,0.8759765625
df738ba0d1c2423f8c88c1222b1d367f,1598752,0.8720703125
df738ba0d1c2423f8c88c1222b1d367f,1575746,0.86669921875
df738ba0d1c2423f8c88c1222b1d367f,1597848,0.859375
df738ba0d1c2423f8c88c1222b1d367f,1552747,0.85302734375
df738ba0d1c2423f8c88c1222b1d367f,1529552,0.83642578125
df738ba0d1c2423f8c88c1222b1d367f,1543618,0.83203125
df738ba0d1c2423f8c88c1222b1d367f,1536333,0.830078125
df738ba0d1c2423f8c88c1222b1d367f,1544712,0.830078125
df738ba0d1c2423f8c88c1222b1d367f,1549619,0.8291015625
df738ba0d1c2423f8c88c1222b1d367f,1592719,0.8271484375
df738ba0d1c2423f8c88c1222b1d367f,1597951,0.82421875
df738ba0d1c2423f8c88c1222b1d367f,1551734,0.81298828125
df738ba0d1c2423f8c88c1222b1d367f,1593539,0.8076171875
df738ba0d1c2423f8c88c1222b1d367f,1532380,0.8037109375
df738ba0d1c2423f8c88c1222b1d367f,1533621,0.7998046875
df738ba0d1c2423f8c88c1222b1d367f,1591017,0.79345703125
df738ba0d1c2423f8c88c1222b1d367f,1584428,0.77490234375
df738ba0d1c2423f8c88c1222b1d367f,1556551,0.77099609375
df738ba0d1c2423f8c88c1222b1d367f,1532953,0.73974609375
df738ba0d1c2423f8c88c1222b1d367f,1569100,0.70654296875
df738ba0d1c2423f8c88c1222b1d367f,1599664,0.6796875
df738ba0d1c2423f8c88c1222b1d367f,1529888,0.654296875
df738ba0d1c2423f8c88c1222b1d367f,1600454,0.6298828125
bd5588adf7c841ba9d81fb351c8bd4c2,1568911,0.994140625
bd5588adf7c841ba9d81fb351c8bd4c2,1564757,0.99169921875
bd5588adf7c841ba9d81fb351c8bd4c2,1576305,0.99072265625
bd5588adf7c841ba9d81fb351c8bd4c2,1541454,0.98974609375
bd5588adf7c841ba9d81fb351c8bd4c2,1561564,0.9619140625
bd5588adf7c841ba9d81fb351c8bd4c2,1542681,0.93603515625
bd5588adf7c841ba9d81fb351c8bd4c2,1578414,0.89599609375
bd5588adf7c841ba9d81fb351c8bd4c2,1589872,0.8759765625
bd5588adf7c841ba9d81fb351c8bd4c2,1597305,0.763671875
bd5588adf7c841ba9d81fb351c8bd4c2,1553450,0.697265625
bd5588adf7c841ba9d81fb351c8bd4c2,1569609,0.61279296875
bd5588adf7c841ba9d81fb351c8bd4c2,1597448,0.529296875
bd5588adf7c841ba9d81fb351c8bd4c2,1543851,0.4638671875
bd5588adf7c841ba9d81fb351c8bd4c2,1540670,0.397705078125
bd5588adf7c841ba9d81fb351c8bd4c2,1578087,0.371337890625
bd5588adf7c841ba9d81fb351c8bd4c2,1534200,0.3115234375
bd5588adf7c841ba9d81fb351c8bd4c2,1528268,0.1256103515625
bd5588adf7c841ba9d81fb351c8bd4c2,1573889,0.026702880859375
acf9ac72161044a99bbe822214d7333e,1581646,0.99658203125
acf9ac72161044a99bbe822214d7333e,1584942,0.99658203125
acf9ac72161044a99bbe822214d7333e,1598520,0.99658203125
acf9ac72161044a99bbe822214d7333e,1530659,0.99609375
acf9ac72161044a99bbe822214d7333e,1550767,0.99560546875
acf9ac72161044a99bbe822214d7333e,1564058,0.99560546875
acf9ac72161044a99bbe822214d7333e,1565176,0.99560546875
acf9ac72161044a99bbe822214d7333e,1577575,0.99560546875
acf9ac72161044a99bbe822214d7333e,1543997,0.99560546875
acf9ac72161044a99bbe822214d7333e,1537465,0.9931640625
acf9ac72161044a99bbe822214d7333e,1594850,0.9931640625
acf9ac72161044a99bbe822214d7333e,1595710,0.990234375
acf9ac72161044a99bbe822214d7333e,1534624,0.927734375
acf9ac72161044a99bbe822214d7333e,1563013,0.923828125
acf9ac72161044a99bbe822214d7333e,1545694,0.7890625
acf9ac72161044a99bbe822214d7333e,1553455,0.75439453125
acf9ac72161044a99bbe822214d7333e,1543169,0.465576171875
acf9ac72161044a99bbe822214d7333e,1589671,0.270263671875
1dc09ddad2c24c839f6a44b4bde994e1,1595050,0.98681640625
1dc09ddad2c24c839f6a44b4bde994e1,1538156,0.98388671875
1dc09ddad2c24c839f6a44b4bde994e1,1561583,0.97265625
1dc09ddad2c24c839f6a44b4bde994e1,1575300,0.96826171875
1dc09ddad2c24c839f6a44b4bde994e1,1552541,0.95068359375
1dc09ddad2c24c839f6a44b4bde994e1,1576425,0.95068359375
1dc09ddad2c24c839f6a44b4bde994e1,1600006,0.94970703125
1dc09ddad2c24c839f6a44b4bde994e1,1530347,0.93310546875
1dc09ddad2c24c839f6a44b4bde994e1,1548904,0.93310546875
1dc09ddad2c24c839f6a44b4bde994e1,1536514,0.92626953125
1dc09ddad2c24c839f6a44b4bde994e1,1577622,0.89990234375
1dc09ddad2c24c839f6a44b4bde994e1,1548386,0.89794921875
1dc09ddad2c24c839f6a44b4bde994e1,1590316,0.896484375
1dc09ddad2c24c839f6a44b4bde994e1,1531250,0.88427734375
1dc09ddad2c24c839f6a44b4bde994e1,1573568,0.87646484375
1dc09ddad2c24c839f6a44b4bde994e1,1591820,0.8662109375
1dc09ddad2c24c839f6a44b4bde994e1,1529711,0.857421875
1dc09ddad2c24c839f6a44b4bde994e1,1532510,0.8349609375
1dc09ddad2c24c839f6a44b4bde994e1,1548425,0.822265625
1dc09ddad2c24c839f6a44b4bde994e1,1539456,0.81591796875
1dc09ddad2c24c839f6a44b4bde994e1,1543286,0.80224609375
1dc09ddad2c24c839f6a44b4bde994e1,1567074,0.79248046875
1dc09ddad2c24c839f6a44b4bde994e1,1568308,0.79248046875
1dc09ddad2c24c839f6a44b4bde994e1,1557733,0.79150390625
1dc09ddad2c24c839f6a44b4bde994e1,1554065,0.78759765625
1dc09ddad2c24c839f6a44b4bde994e1,1564766,0.78466796875
1dc09ddad2c24c839f6a44b4bde994e1,1527609,0.78369140625
1dc09ddad2c24c839f6a44b4bde994e1,1539001,0.755859375
1dc09ddad2c24c839f6a44b4bde994e1,1541074,0.72998046875
1dc09ddad2c24c839f6a44b4bde994e1,1551392,0.72607421875
1dc09ddad2c24c839f6a44b4bde994e1,1566481,0.724609375
1dc09ddad2c24c839f6a44b4bde994e1,1558552,0.7060546875
1dc09ddad2c24c839f6a44b4bde994e1,1528488,0.70166015625
1dc09ddad2c24c839f6a44b4bde994e1,1560992,0.68310546875
1dc09ddad2c24c839f6a44b4bde994e1,1566762,0.60107421875
1dc09ddad2c24c839f6a44b4bde994e1,1538183,0.58984375
1dc09ddad2c24c839f6a44b4bde994e1,1571448,0.5888671875
1dc09ddad2c24c839f6a44b4bde994e1,1572596,0.5888671875
1dc09ddad2c24c839f6a44b4bde994e1,1593023,0.48486328125
1dc09ddad2c24c839f6a44b4bde994e1,1577764,0.283203125
1dc09ddad2c24c839f6a44b4bde994e1,1591409,0.21728515625
60d488771d7e4d38938013e6135c3e54,1592987,0.9609375
60d488771d7e4d38938013e6135c3e54,1568343,0.9541015625
60d488771d7e4d38938013e6135c3e54,1596978,0.93017578125
60d488771d7e4d38938013e6135c3e54,1542298,0.85693359375
60d488771d7e4d38938013e6135c3e54,1561174,0.83740234375
60d488771d7e4d38938013e6135c3e54,1595494,0.79931640625
60d488771d7e4d38938013e6135c3e54,1572486,0.76806640625
60d488771d7e4d38938013e6135c3e54,1528781,0.72314453125
60d488771d7e4d38938013e6135c3e54,1531889,0.71630859375
60d488771d7e4d38938013e6135c3e54,1581457,0.6904296875
60d488771d7e4d38938013e6135c3e54,1530161,0.6708984375
60d488771d7e4d38938013e6135c3e54,1574870,0.646484375
60d488771d7e4d38938013e6135c3e54,1561981,0.43896484375
60d488771d7e4d38938013e6135c3e54,1587527,0.323486328125
60d488771d7e4d38938013e6135c3e54,1552585,0.311279296875
fea5636dfd424aba903ead1628a7ecf5,1568443,0.9541015625
fea5636dfd424aba903ead1628a7ecf5,1552992,0.91845703125
fea5636dfd424aba903ead1628a7ecf5,1553695,0.9013671875
fea5636dfd424aba903ead1628a7ecf5,1590316,0.84765625
fea5636dfd424aba903ead1628a7ecf5,1576475,0.77587890625
fea5636dfd424aba903ead1628a7ecf5,1571783,0.75048828125
fea5636dfd424aba903ead1628a7ecf5,1577622,0.72802734375
fea5636dfd424aba903ead1628a7ecf5,1537504,0.685546875
fea5636dfd424aba903ead1628a7ecf5,1600006,0.66650390625
fea5636dfd424aba903ead1628a7ecf5,1591497,0.65966796875
fea5636dfd424aba903ead1628a7ecf5,1537709,0.64111328125
fea5636dfd424aba903ead1628a7ecf5,1572596,0.640625
fea5636dfd424aba903ead1628a7ecf5,1548698,0.63525390625
fea5636dfd424aba903ead1628a7ecf5,1568015,0.60302734375
fea5636dfd424aba903ead1628a7ecf5,1532493,0.59814453125
fea5636dfd424aba903ead1628a7ecf5,1560992,0.5869140625
fea5636dfd424aba903ead1628a7ecf5,1554271,0.58056640625
fea5636dfd424aba903ead1628a7ecf5,1542054,0.5693359375
fea5636dfd424aba903ead1628a7ecf5,1567074,0.560546875
fea5636dfd424aba903ead1628a7ecf5,1572510,0.53662109375
fea5636dfd424aba903ead1628a7ecf5,1591820,0.5009765625
fea5636dfd424aba903ead1628a7ecf5,1577764,0.470947265625
fea5636dfd424aba903ead1628a7ecf5,1557077,0.406982421875
fea5636dfd424aba903ead1628a7ecf5,1550283,0.118408203125
fea5636dfd424aba903ead1628a7ecf5,1546381,0.09930419921875
21a74503761d4caeaab3d3767399058d,1536886,0.97119140625
21a74503761d4caeaab3d3767399058d,1558193,0.95361328125
21a74503761d4caeaab3d3767399058d,1598513,0.9326171875
21a74503761d4caeaab3d3767399058d,1593237,0.7998046875
21a74503761d4caeaab3d3767399058d,1531952,0.77294921875
21a74503761d4caeaab3d3767399058d,1553751,0.77001953125
21a74503761d4caeaab3d3767399058d,1567688,0.74462890625
21a74503761d4caeaab3d3767399058d,1530321,0.7177734375
21a74503761d4caeaab3d3767399058d,1588794,0.646484375
21a74503761d4caeaab3d3767399058d,1565591,0.59326171875
21a74503761d4caeaab3d3767399058d,1586683,0.5888671875
21a74503761d4caeaab3d3767399058d,1574271,0.55517578125
21a74503761d4caeaab3d3767399058d,1600502,0.4013671875
21a74503761d4caeaab3d3767399058d,1530831,0.373291015625
7ce8c05db0484329a0786ec40aeb3130,1539652,0.9912109375
7ce8c05db0484329a0786ec40aeb3130,1545809,0.98876953125
7ce8c05db0484329a0786ec40aeb3130,1564373,0.98779296875
7ce8c05db0484329a0786ec40aeb3130,1573054,0.98681640625
7ce8c05db0484329a0786ec40aeb3130,1586508,0.98681640625
7ce8c05db0484329a0786ec40aeb3130,1572791,0.98583984375
7ce8c05db0484329a0786ec40aeb3130,1574846,0.98583984375
7ce8c05db0484329a0786ec40aeb3130,1527618,0.9853515625
7ce8c05db0484329a0786ec40aeb3130,1537749,0.98486328125
7ce8c05db0484329a0786ec40aeb3130,1532533,0.982421875
7ce8c05db0484329a0786ec40aeb3130,1565406,0.9814453125
7ce8c05db0484329a0786ec40aeb3130,1590137,0.9814453125
7ce8c05db0484329a0786ec40aeb3130,1558293,0.97998046875
7ce8c05db0484329a0786ec40aeb3130,1568065,0.97802734375
7ce8c05db0484329a0786ec40aeb3130,1571460,0.97314453125
7ce8c05db0484329a0786ec40aeb3130,1540956,0.9697265625
7ce8c05db0484329a0786ec40aeb3130,1568914,0.96923828125
7ce8c05db0484329a0786ec40aeb3130,1529129,0.9638671875
7ce8c05db0484329a0786ec40aeb3130,1528869,0.9619140625
7ce8c05db0484329a0786ec40aeb3130,1557070,0.96142578125
7ce8c05db0484329a0786ec40aeb3130,1556311,0.958984375
7ce8c05db0484329a0786ec40aeb3130,1563524,0.958984375
7ce8c05db0484329a0786ec40aeb3130,1595137,0.9521484375
7ce8c05db0484329a0786ec40aeb3130,1559560,0.95068359375
7ce8c05db0484329a0786ec40aeb3130,1574605,0.94970703125
7ce8c05db0484329a0786ec40aeb3130,1598211,0.9375
7ce8c05db0484329a0786ec40aeb3130,1559053,0.91748046875
7ce8c05db0484329a0786ec40aeb3130,1561018,0.916015625
7ce8c05db0484329a0786ec40aeb3130,1531136,0.91162109375
7ce8c05db0484329a0786ec40aeb3130,1542967,0.69775390625
7ce8c05db0484329a0786ec40aeb3130,1570372,0.60888671875
7ce8c05db0484329a0786ec40aeb3130,1560145,0.54638671875
7ce8c05db0484329a0786ec40aeb3130,1563559,0.54345703125
054a5d5312424be4a67c66b8cf7ba63b,1596262,0.97802734375
054a5d5312424be4a67c66b8cf7ba63b,1546967,0.9736328125
054a5d5312424be4a67c66b8cf7ba63b,1542496,0.96533203125
054a5d5312424be4a67c66b8cf7ba63b,1540784,0.96337890625
054a5d5312424be4a67c66b8cf7ba63b,1573589,0.96044921875
054a5d5312424be4a67c66b8cf7ba63b,1597217,0.9580078125
054a5d5312424be4a67c66b8cf7ba63b,1582268,0.95556640625
054a5d5312424be4a67c66b8cf7ba63b,1535528,0.94580078125
054a5d5312424be4a67c66b8cf7ba63b,1565723,0.9384765625
054a5d5312424be4a67c66b8cf7ba63b,1543485,0.92919921875
054a5d5312424be4a67c66b8cf7ba63b,1541192,0.9189453125
054a5d5312424be4a67c66b8cf7ba63b,1549882,0.9140625
054a5d5312424be4a67c66b8cf7ba63b,1569966,0.89404296875
054a5d5312424be4a67c66b8cf7ba63b,1567900,0.88037109375
054a5d5312424be4a67c66b8cf7ba63b,1572406,0.74462890625
054a5d5312424be4a67c66b8cf7ba63b,1544520,0.72705078125
054a5d5312424be4a67c66b8cf7ba63b,1556858,0.69384765625
054a5d5312424be4a67c66b8cf7ba63b,1588789,0.2080078125
4552d2403f134a71ac44d22c3d7d8b25,1575457,0.9931640625
4552d2403f134a71ac44d22c3d7d8b25,1545181,0.99267578125
4552d2403f134a71ac44d22c3d7d8b25,1566136,0.9892578125
4552d2403f134a71ac44d22c3d7d8b25,1565915,0.98876953125
4552d2403f134a71ac44d22c3d7d8b25,1598535,0.98388671875
4552d2403f134a71ac44d22c3d7d8b25,1536605,0.98046875
4552d2403f134a71ac44d22c3d7d8b25,1581143,0.97900390625
4552d2403f134a71ac44d22c3d7d8b25,1553850,0.9775390625
4552d2403f134a71ac44d22c3d7d8b25,1539612,0.97265625
4552d2403f134a71ac44d22c3d7d8b25,1585118,0.85302734375
4552d2403f134a71ac44d22c3d7d8b25,1595114,0.83935546875
4552d2403f134a71ac44d22c3d7d8b25,1546899,0.8037109375
4552d2403f134a71ac44d22c3d7d8b25,1529928,0.27587890625
202e41a7555f4baa99d08915edc8eb67,1580989,0.9912109375
202e41a7555f4baa99d08915edc8eb67,1576525,0.98974609375
202e41a7555f4baa99d08915edc8eb67,1573426,0.98583984375
202e41a7555f4baa99d08915edc8eb67,1577340,0.98291015625
202e41a7555f4baa99d08915edc8eb67,1560853,0.982421875
202e41a7555f4baa99d08915edc8eb67,1591392,0.9814453125
202e41a7555f4baa99d08915edc8eb67,1531777,0.98046875
202e41a7555f4baa99d08915edc8eb67,1588733,0.97900390625
202e41a7555f4baa99d08915edc8eb67,1550642,0.9765625
202e41a7555f4baa99d08915edc8eb67,1561538,0.9736328125
202e41a7555f4baa99d08915edc8eb67,1550501,0.96484375
202e41a7555f4baa99d08915edc8eb67,1546873,0.962890625
202e41a7555f4baa99d08915edc8eb67,1553336,0.95751953125
202e41a7555f4baa99d08915edc8eb67,1532753,0.94873046875
202e41a7555f4baa99d08915edc8eb67,1553317,0.9423828125
202e41a7555f4baa99d08915edc8eb67,1589255,0.92041015625
202e41a7555f4baa99d08915edc8eb67,1577954,0.8671875
202e41a7555f4baa99d08915edc8eb67,1571187,0.84228515625
202e41a7555f4baa99d08915edc8eb67,1592753,0.83349609375
202e41a7555f4baa99d08915edc8eb67,1562932,0.76416015625
202e41a7555f4baa99d08915edc8eb67,1560562,0.7509765625
3048f4eabf7f4458933619ec3cd918ee,1528257,0.98828125
3048f4eabf7f4458933619ec3cd918ee,1530548,0.97802734375
3048f4eabf7f4458933619ec3cd918ee,1558160,0.97314453125
3048f4eabf7f4458933619ec3cd918ee,1539558,0.96435546875
3048f4eabf7f4458933619ec3cd918ee,1579121,0.962890625
3048f4eabf7f4458933619ec3cd918ee,1532066,0.96240234375
3048f4eabf7f4458933619ec3cd918ee,1559656,0.95458984375
3048f4eabf7f4458933619ec3cd918ee,1536412,0.9521484375
3048f4eabf7f4458933619ec3cd918ee,1534532,0.95068359375
3048f4eabf7f4458933619ec3cd918ee,1549061,0.85302734375
3048f4eabf7f4458933619ec3cd918ee,1563576,0.841796875
3048f4eabf7f4458933619ec3cd918ee,1540844,0.77783203125
3048f4eabf7f4458933619ec3cd918ee,1540678,0.6806640625
3048f4eabf7f4458933619ec3cd918ee,1537075,0.67724609375
3048f4eabf7f4458933619ec3cd918ee,1552905,0.373291015625
3048f4eabf7f4458933619ec3cd918ee,1557999,0.1361083984375
3048f4eabf7f4458933619ec3cd918ee,1575255,0.10760498046875
5d7c8fae5c8e4f7e9672bbc74f9d6813,1529755,0.99169921875
5d7c8fae5c8e4f7e9672bbc74f9d6813,1583375,0.9892578125
5d7c8fae5c8e4f7e9672bbc74f9d6813,1590105,0.98876953125
5d7c8fae5c8e4f7e9672bbc74f9d6813,1595116,0.98388671875
5d7c8fae5c8e4f7e9672bbc74f9d6813,1564032,0.982421875
5d7c8fae5c8e4f7e9672bbc74f9d6813,1548072,0.97802734375
5d7c8fae5c8e4f7e9672bbc74f9d6813,1595929,0.97607421875
5d7c8fae5c8e4f7e9672bbc74f9d6813,1548941,0.97412109375
5d7c8fae5c8e4f7e9672bbc74f9d6813,1529713,0.97119140625
5d7c8fae5c8e4f7e9672bbc74f9d6813,1540930,0.962890625
5d7c8fae5c8e4f7e9672bbc74f9d6813,1575239,0.95751953125
5d7c8fae5c8e4f7e9672bbc74f9d6813,1536720,0.95361328125
5d7c8fae5c8e4f7e9672bbc74f9d6813,1599581,0.94921875
5d7c8fae5c8e4f7e9672bbc74f9d6813,1535407,0.94091796875
5d7c8fae5c8e4f7e9672bbc74f9d6813,1546042,0.91943359375
5d7c8fae5c8e4f7e9672bbc74f9d6813,1588024,0.91650390625
5d7c8fae5c8e4f7e9672bbc74f9d6813,1553249,0.888671875
5d7c8fae5c8e4f7e9672bbc74f9d6813,1567861,0.7919921875
5d7c8fae5c8e4f7e9672bbc74f9d6813,1539923,0.78759765625
5d7c8fae5c8e4f7e9672bbc74f9d6813,1545442,0.7724609375
5d7c8fae5c8e4f7e9672bbc74f9d6813,1538711,0.70654296875
5d7c8fae5c8e4f7e9672bbc74f9d6813,1560312,0.69482421875
5d7c8fae5c8e4f7e9672bbc74f9d6813,1536473,0.59375
5d7c8fae5c8e4f7e9672bbc74f9d6813,1588949,0.5908203125
dcd4ed83200848229e8b8a66f9628ace,1577239,0.982421875
dcd4ed83200848229e8b8a66f9628ace,1540930,0.9765625
dcd4ed83200848229e8b8a66f9628ace,1548276,0.97265625
dcd4ed83200848229e8b8a66f9628ace,1574276,0.97119140625
dcd4ed83200848229e8b8a66f9628ace,1569433,0.96826171875
dcd4ed83200848229e8b8a66f9628ace,1596223,0.9501953125
dcd4ed83200848229e8b8a66f9628ace,1532920,0.94482421875
dcd4ed83200848229e8b8a66f9628ace,1528720,0.94140625
dcd4ed83200848229e8b8a66f9628ace,1565937,0.9384765625
dcd4ed83200848229e8b8a66f9628ace,1545882,0.90966796875
dcd4ed83200848229e8b8a66f9628ace,1582238,0.86962890625
dcd4ed83200848229e8b8a66f9628ace,1543632,0.86669921875
dcd4ed83200848229e8b8a66f9628ace,1568632,0.86572265625
dcd4ed83200848229e8b8a66f9628ace,1531179,0.861328125
dcd4ed83200848229e8b8a66f9628ace,1591479,0.58349609375
24e3f32165974293b81200e0ccde20ba,1546871,0.8916015625
24e3f32165974293b81200e0ccde20ba,1567127,0.76416015625
24e3f32165974293b81200e0ccde20ba,1588526,0.73681640625
24e3f32165974293b81200e0ccde20ba,1578895,0.7119140625
24e3f32165974293b81200e0ccde20ba,1596249,0.59033203125
24e3f32165974293b81200e0ccde20ba,1533743,0.5517578125
24e3f32165974293b81200e0ccde20ba,1532527,0.5478515625
24e3f32165974293b81200e0ccde20ba,1559303,0.53369140625
24e3f32165974293b81200e0ccde20ba,1561583,0.4765625
24e3f32165974293b81200e0ccde20ba,1574120,0.474609375
24e3f32165974293b81200e0ccde20ba,1594651,0.455322265625
24e3f32165974293b81200e0ccde20ba,1575882,0.38916015625
24e3f32165974293b81200e0ccde20ba,1595540,0.366455078125
24e3f32165974293b81200e0ccde20ba,1584868,0.10894775390625
24e3f32165974293b81200e0ccde20ba,1571466,0.09808349609375
24e3f32165974293b81200e0ccde20ba,1545513,0.035736083984375
21cc9312134344ec898f6d33f5ee10e1,1530650,0.9970703125
21cc9312134344ec898f6d33f5ee10e1,1568622,0.9912109375
21cc9312134344ec898f6d33f5ee10e1,1542998,0.982421875
21cc9312134344ec898f6d33f5ee10e1,1581518,0.9560546875
21cc9312134344ec898f6d33f5ee10e1,1527551,0.732421875
21cc9312134344ec898f6d33f5ee10e1,1543294,0.72509765625
21cc9312134344ec898f6d33f5ee10e1,1578846,0.693359375
21cc9312134344ec898f6d33f5ee10e1,1530440,0.68310546875
21cc9312134344ec898f6d33f5ee10e1,1582071,0.642578125
21cc9312134344ec898f6d33f5ee10e1,1560938,0.50439453125
21cc9312134344ec898f6d33f5ee10e1,1565885,0.440185546875
21cc9312134344ec898f6d33f5ee10e1,1592952,0.4072265625
21cc9312134344ec898f6d33f5ee10e1,1580229,0.3974609375
21cc9312134344ec898f6d33f5ee10e1,1600056,0.282958984375
6bbf7c385b4c49a18b8eb908b50452ef,1547134,0.99560546875
6bbf7c385b4c49a18b8eb908b50452ef,1541248,0.9951171875
6bbf7c385b4c49a18b8eb908b50452ef,1582258,0.99462890625
6bbf7c385b4c49a18b8eb908b50452ef,1562921,0.99365234375
6bbf7c385b4c49a18b8eb908b50452ef,1527929,0.9921875
6bbf7c385b4c49a18b8eb908b50452ef,1530127,0.99169921875
6bbf7c385b4c49a18b8eb908b50452ef,1534218,0.99072265625
6bbf7c385b4c49a18b8eb908b50452ef,1543632,0.99072265625
6bbf7c385b4c49a18b8eb908b50452ef,1544960,0.98974609375
6bbf7c385b4c49a18b8eb908b50452ef,1598912,0.98828125
6bbf7c385b4c49a18b8eb908b50452ef,1588240,0.98779296875
6bbf7c385b4c49a18b8eb908b50452ef,1539941,0.9853515625
6bbf7c385b4c49a18b8eb908b50452ef,1540161,0.9853515625
6bbf7c385b4c49a18b8eb908b50452ef,1568399,0.978515625
6bbf7c385b4c49a18b8eb908b50452ef,1592652,0.96484375
6bbf7c385b4c49a18b8eb908b50452ef,1545070,0.92041015625
6bbf7c385b4c49a18b8eb908b50452ef,1574792,0.67138671875
3d8e2f57d48c41cdba5849a6c11afcea,1591416,0.98828125
3d8e2f57d48c41cdba5849a6c11afcea,1557169,0.98779296875
3d8e2f57d48c41cdba5849a6c11afcea,1574911,0.98486328125
3d8e2f57d48c41cdba5849a6c11afcea,1547723,0.9833984375
3d8e2f57d48c41cdba5849a6c11afcea,1560350,0.97998046875
3d8e2f57d48c41cdba5849a6c11afcea,1529597,0.97900390625
3d8e2f57d48c41cdba5849a6c11afcea,1559972,0.96826171875
3d8e2f57d48c41cdba5849a6c11afcea,1584159,0.96484375
3d8e2f57d48c41cdba5849a6c11afcea,1577575,0.95556640625
3d8e2f57d48c41cdba5849a6c11afcea,1577076,0.94189453125
3d8e2f57d48c41cdba5849a6c11afcea,1545823,0.8779296875
3d8e2f57d48c41cdba5849a6c11afcea,1574722,0.74609375
3d8e2f57d48c41cdba5849a6c11afcea,1562886,0.43603515625
21b13084e4ef4c209d109f9405a05ca3,1600560,0.95703125
21b13084e4ef4c209d109f9405a05ca3,1568443,0.947265625
21b13084e4ef4c209d109f9405a05ca3,1535174,0.9267578125
21b13084e4ef4c209d109f9405a05ca3,1564432,0.904296875
21b13084e4ef4c209d109f9405a05ca3,1546764,0.8857421875
21b13084e4ef4c209d109f9405a05ca3,1575787,0.88330078125
21b13084e4ef4c209d109f9405a05ca3,1577622,0.880859375
21b13084e4ef4c209d109f9405a05ca3,1562447,0.828125
21b13084e4ef4c209d109f9405a05ca3,1595050,0.82421875
21b13084e4ef4c209d109f9405a05ca3,1567848,0.806640625
21b13084e4ef4c209d109f9405a05ca3,1548425,0.8037109375
21b13084e4ef4c209d109f9405a05ca3,1545230,0.79638671875
21b13084e4ef4c209d109f9405a05ca3,1530171,0.74072265625
21b13084e4ef4c209d109f9405a05ca3,1587983,0.7109375
21b13084e4ef4c209d109f9405a05ca3,1591820,0.7080078125
21b13084e4ef4c209d109f9405a05ca3,1564766,0.69482421875
21b13084e4ef4c209d109f9405a05ca3,1586243,0.67626953125
21b13084e4ef4c209d109f9405a05ca3,1591497,0.658203125
21b13084e4ef4c209d109f9405a05ca3,1571448,0.623046875
21b13084e4ef4c209d109f9405a05ca3,1537224,0.61279296875
21b13084e4ef4c209d109f9405a05ca3,1550283,0.55224609375
21b13084e4ef4c209d109f9405a05ca3,1579641,0.53369140625
2ccadf2b291f47c299f800a1a5b22444,1584568,0.9697265625
2ccadf2b291f47c299f800a1a5b22444,1564116,0.95849609375
2ccadf2b291f47c299f800a1a5b22444,1552406,0.9501953125
2ccadf2b291f47c299f800a1a5b22444,1568824,0.8916015625
2ccadf2b291f47c299f800a1a5b22444,1537678,0.85888671875
2ccadf2b291f47c299f800a1a5b22444,1597940,0.78271484375
2ccadf2b291f47c299f800a1a5b22444,1585583,0.77978515625
2ccadf2b291f47c299f800a1a5b22444,1597848,0.7451171875
2ccadf2b291f47c299f800a1a5b22444,1532380,0.736328125
2ccadf2b291f47c299f800a1a5b22444,1563212,0.7041015625
2ccadf2b291f47c299f800a1a5b22444,1593539,0.62255859375
2ccadf2b291f47c299f800a1a5b22444,1591010,0.58544921875
2ccadf2b291f47c299f800a1a5b22444,1584428,0.56298828125
2ccadf2b291f47c299f800a1a5b22444,1546513,0.1810302734375
2ccadf2b291f47c299f800a1a5b22444,1558130,0.1121826171875
2ccadf2b291f47c299f800a1a5b22444,1581439,0.045196533203125
2ccadf2b291f47c299f800a1a5b22444,1554652,0.001530647277832
2ccadf2b291f47c299f800a1a5b22444,1548459,0.0009474754333496
f632950d9df74d9d9e27f7edeb36a095,1535651,0.9921875
f632950d9df74d9d9e27f7edeb36a095,1551325,0.9912109375
f632950d9df74d9d9e27f7edeb36a095,1529138,0.98876953125
f632950d9df74d9d9e27f7edeb36a095,1576934,0.986328125
f632950d9df74d9d9e27f7edeb36a095,1549759,0.98486328125
f632950d9df74d9d9e27f7edeb36a095,1560498,0.982421875
f632950d9df74d9d9e27f7edeb36a095,1582201,0.98193359375
f632950d9df74d9d9e27f7edeb36a095,1563339,0.96630859375
f632950d9df74d9d9e27f7edeb36a095,1534963,0.95361328125
f632950d9df74d9d9e27f7edeb36a095,1534151,0.9501953125
f632950d9df74d9d9e27f7edeb36a095,1532737,0.89306640625
f632950d9df74d9d9e27f7edeb36a095,1591008,0.8857421875
f632950d9df74d9d9e27f7edeb36a095,1567740,0.86083984375
f632950d9df74d9d9e27f7edeb36a095,1538133,0.8486328125
f632950d9df74d9d9e27f7edeb36a095,1538832,0.84521484375
f632950d9df74d9d9e27f7edeb36a095,1543346,0.826171875
f632950d9df74d9d9e27f7edeb36a095,1531169,0.7509765625
f632950d9df74d9d9e27f7edeb36a095,1593976,0.6875
f632950d9df74d9d9e27f7edeb36a095,1548312,0.609375
86f0a6e7d8874d868efd4b27e4ea22c6,1580635,0.96728515625
86f0a6e7d8874d868efd4b27e4ea22c6,1532182,0.966796875
86f0a6e7d8874d868efd4b27e4ea22c6,1572115,0.95849609375
86f0a6e7d8874d868efd4b27e4ea22c6,1532667,0.9521484375
86f0a6e7d8874d868efd4b27e4ea22c6,1577858,0.90283203125
86f0a6e7d8874d868efd4b27e4ea22c6,1592915,0.876953125
86f0a6e7d8874d868efd4b27e4ea22c6,1571126,0.85595703125
86f0a6e7d8874d868efd4b27e4ea22c6,1553787,0.818359375
86f0a6e7d8874d868efd4b27e4ea22c6,1574918,0.7568359375
86f0a6e7d8874d868efd4b27e4ea22c6,1588319,0.7412109375
86f0a6e7d8874d868efd4b27e4ea22c6,1572453,0.7158203125
86f0a6e7d8874d868efd4b27e4ea22c6,1537627,0.6416015625
86f0a6e7d8874d868efd4b27e4ea22c6,1541034,0.40380859375
b7307a72fa5d449e9426774ba23db821,1544842,0.978515625
b7307a72fa5d449e9426774ba23db821,1563073,0.97802734375
b7307a72fa5d449e9426774ba23db821,1528199,0.97705078125
b7307a72fa5d449e9426774ba23db821,1583643,0.9755859375
b7307a72fa5d449e9426774ba23db821,1546898,0.96826171875
b7307a72fa5d449e9426774ba23db821,1575807,0.9375
b7307a72fa5d449e9426774ba23db821,1549532,0.89794921875
b7307a72fa5d449e9426774ba23db821,1567120,0.89013671875
b7307a72fa5d449e9426774ba23db821,1593307,0.80078125
b7307a72fa5d449e9426774ba23db821,1562245,0.74169921875
b7307a72fa5d449e9426774ba23db821,1574034,0.693359375
b7307a72fa5d449e9426774ba23db821,1570684,0.55224609375
b7307a72fa5d449e9426774ba23db821,1591541,0.0838623046875
2772752bd7fb4fdebd3c2cdbf7539ee7,1539652,0.98828125
2772752bd7fb4fdebd3c2cdbf7539ee7,1573054,0.98828125
2772752bd7fb4fdebd3c2cdbf7539ee7,1568509,0.984375
2772752bd7fb4fdebd3c2cdbf7539ee7,1558293,0.9775390625
2772752bd7fb4fdebd3c2cdbf7539ee7,1546095,0.9765625
2772752bd7fb4fdebd3c2cdbf7539ee7,1551795,0.97216796875
2772752bd7fb4fdebd3c2cdbf7539ee7,1529517,0.9599609375
2772752bd7fb4fdebd3c2cdbf7539ee7,1578087,0.95263671875
2772752bd7fb4fdebd3c2cdbf7539ee7,1529129,0.947265625
2772752bd7fb4fdebd3c2cdbf7539ee7,1573415,0.94091796875
2772752bd7fb4fdebd3c2cdbf7539ee7,1556311,0.931640625
2772752bd7fb4fdebd3c2cdbf7539ee7,1527507,0.91259765625
2772752bd7fb4fdebd3c2cdbf7539ee7,1593657,0.84228515625
2772752bd7fb4fdebd3c2cdbf7539ee7,1570372,0.60546875
2772752bd7fb4fdebd3c2cdbf7539ee7,1546263,0.57275390625
e9d853021fa0410da75e0babd03f194c,1564757,0.99462890625
e9d853021fa0410da75e0babd03f194c,1568911,0.98974609375
e9d853021fa0410da75e0babd03f194c,1561564,0.9892578125
e9d853021fa0410da75e0babd03f194c,1572241,0.98291015625
e9d853021fa0410da75e0babd03f194c,1541454,0.96923828125
e9d853021fa0410da75e0babd03f194c,1577269,0.96923828125
e9d853021fa0410da75e0babd03f194c,1591533,0.95751953125
e9d853021fa0410da75e0babd03f194c,1597305,0.87060546875
e9d853021fa0410da75e0babd03f194c,1570684,0.8486328125
e9d853021fa0410da75e0babd03f194c,1583632,0.83349609375
e9d853021fa0410da75e0babd03f194c,1558138,0.81640625
e9d853021fa0410da75e0babd03f194c,1577841,0.79541015625
e9d853021fa0410da75e0babd03f194c,1540288,0.78564453125
e9d853021fa0410da75e0babd03f194c,1529677,0.77880859375
e9d853021fa0410da75e0babd03f194c,1573415,0.76123046875
e9d853021fa0410da75e0babd03f194c,1574808,0.744140625
e9d853021fa0410da75e0babd03f194c,1553450,0.72802734375
e9d853021fa0410da75e0babd03f194c,1577385,0.65185546875
e9d853021fa0410da75e0babd03f194c,1569161,0.63134765625
e9d853021fa0410da75e0babd03f194c,1578772,0.58154296875
e9d853021fa0410da75e0babd03f194c,1567895,0.5556640625
e9d853021fa0410da75e0babd03f194c,1591541,0.29345703125
3fa2d4ca2f7847df87c9ff2115a92578,1598128,0.9384765625
3fa2d4ca2f7847df87c9ff2115a92578,1592719,0.87744140625
3fa2d4ca2f7847df87c9ff2115a92578,1565371,0.85498046875
3fa2d4ca2f7847df87c9ff2115a92578,1579253,0.7763671875
3fa2d4ca2f7847df87c9ff2115a92578,1545844,0.76708984375
3fa2d4ca2f7847df87c9ff2115a92578,1573761,0.74755859375
3fa2d4ca2f7847df87c9ff2115a92578,1592915,0.7421875
3fa2d4ca2f7847df87c9ff2115a92578,1550588,0.724609375
3fa2d4ca2f7847df87c9ff2115a92578,1573093,0.69775390625
3fa2d4ca2f7847df87c9ff2115a92578,1599233,0.65966796875
3fa2d4ca2f7847df87c9ff2115a92578,1597848,0.640625
3fa2d4ca2f7847df87c9ff2115a92578,1595751,0.5810546875
3fa2d4ca2f7847df87c9ff2115a92578,1585583,0.568359375
3fa2d4ca2f7847df87c9ff2115a92578,1593539,0.56591796875
3fa2d4ca2f7847df87c9ff2115a92578,1595254,0.2432861328125
398e818075ad4a05afff84b415a81bd0,1543280,0.9912109375
398e818075ad4a05afff84b415a81bd0,1566870,0.99072265625
398e818075ad4a05afff84b415a81bd0,1536765,0.990234375
398e818075ad4a05afff84b415a81bd0,1588733,0.98681640625
398e818075ad4a05afff84b415a81bd0,1573594,0.8916015625
398e818075ad4a05afff84b415a81bd0,1597960,0.79541015625
398e818075ad4a05afff84b415a81bd0,1553336,0.783203125
398e818075ad4a05afff84b415a81bd0,1594430,0.767578125
398e818075ad4a05afff84b415a81bd0,1563052,0.75439453125
398e818075ad4a05afff84b415a81bd0,1560562,0.71435546875
398e818075ad4a05afff84b415a81bd0,1553381,0.62939453125
398e818075ad4a05afff84b415a81bd0,1543327,0.6044921875
398e818075ad4a05afff84b415a81bd0,1544918,0.1781005859375
398e818075ad4a05afff84b415a81bd0,1530892,0.0010366439819335
1adc19bb79ce49fda32e8c95d2d7f6d3,1573507,0.99365234375
1adc19bb79ce49fda32e8c95d2d7f6d3,1582201,0.99072265625
1adc19bb79ce49fda32e8c95d2d7f6d3,1586533,0.93408203125
1adc19bb79ce49fda32e8c95d2d7f6d3,1527551,0.923828125
1adc19bb79ce49fda32e8c95d2d7f6d3,1565339,0.8935546875
1adc19bb79ce49fda32e8c95d2d7f6d3,1599625,0.86474609375
1adc19bb79ce49fda32e8c95d2d7f6d3,1559100,0.85498046875
1adc19bb79ce49fda32e8c95d2d7f6d3,1545485,0.85205078125
1adc19bb79ce49fda32e8c95d2d7f6d3,1534633,0.81298828125
1adc19bb79ce49fda32e8c95d2d7f6d3,1531169,0.7607421875
1adc19bb79ce49fda32e8c95d2d7f6d3,1543294,0.76025390625
1adc19bb79ce49fda32e8c95d2d7f6d3,1586051,0.73193359375
1adc19bb79ce49fda32e8c95d2d7f6d3,1580888,0.71923828125
1adc19bb79ce49fda32e8c95d2d7f6d3,1550988,0.7158203125
1adc19bb79ce49fda32e8c95d2d7f6d3,1590977,0.64306640625
1adc19bb79ce49fda32e8c95d2d7f6d3,1583904,0.6376953125
1adc19bb79ce49fda32e8c95d2d7f6d3,1575957,0.58544921875
1adc19bb79ce49fda32e8c95d2d7f6d3,1593976,0.57080078125
1adc19bb79ce49fda32e8c95d2d7f6d3,1548312,0.5107421875
1adc19bb79ce49fda32e8c95d2d7f6d3,1577765,0.501953125
1adc19bb79ce49fda32e8c95d2d7f6d3,1584891,0.441162109375
47d0df93bc4546c58ee4f672fcb14d53,1532688,0.9970703125
47d0df93bc4546c58ee4f672fcb14d53,1571852,0.99462890625
47d0df93bc4546c58ee4f672fcb14d53,1531729,0.994140625
47d0df93bc4546c58ee4f672fcb14d53,1535587,0.994140625
47d0df93bc4546c58ee4f672fcb14d53,1548158,0.99365234375
47d0df93bc4546c58ee4f672fcb14d53,1583302,0.99365234375
47d0df93bc4546c58ee4f672fcb14d53,1547124,0.99169921875
47d0df93bc4546c58ee4f672fcb14d53,1532238,0.990234375
47d0df93bc4546c58ee4f672fcb14d53,1583445,0.98974609375
47d0df93bc4546c58ee4f672fcb14d53,1561225,0.9892578125
47d0df93bc4546c58ee4f672fcb14d53,1598041,0.98876953125
47d0df93bc4546c58ee4f672fcb14d53,1530396,0.98388671875
47d0df93bc4546c58ee4f672fcb14d53,1553414,0.9833984375
47d0df93bc4546c58ee4f672fcb14d53,1572928,0.9755859375
47d0df93bc4546c58ee4f672fcb14d53,1564008,0.97314453125
47d0df93bc4546c58ee4f672fcb14d53,1552180,0.97265625
47d0df93bc4546c58ee4f672fcb14d53,1574760,0.96728515625
47d0df93bc4546c58ee4f672fcb14d53,1549405,0.962890625
47d0df93bc4546c58ee4f672fcb14d53,1542239,0.9619140625
47d0df93bc4546c58ee4f672fcb14d53,1580669,0.96142578125
47d0df93bc4546c58ee4f672fcb14d53,1576324,0.9609375
47d0df93bc4546c58ee4f672fcb14d53,1595038,0.9560546875
47d0df93bc4546c58ee4f672fcb14d53,1598137,0.93896484375
47d0df93bc4546c58ee4f672fcb14d53,1589942,0.900390625
47d0df93bc4546c58ee4f672fcb14d53,1556061,0.89794921875
47d0df93bc4546c58ee4f672fcb14d53,1561292,0.88623046875
47d0df93bc4546c58ee4f672fcb14d53,1599469,0.77978515625
b9b50c457f1c48a383d8aace041d9d78,1582273,0.99560546875
b9b50c457f1c48a383d8aace041d9d78,1557833,0.99462890625
b9b50c457f1c48a383d8aace041d9d78,1594387,0.99462890625
b9b50c457f1c48a383d8aace041d9d78,1586676,0.9892578125
b9b50c457f1c48a383d8aace041d9d78,1600909,0.9873046875
b9b50c457f1c48a383d8aace041d9d78,1590891,0.96533203125
b9b50c457f1c48a383d8aace041d9d78,1577266,0.94091796875
b9b50c457f1c48a383d8aace041d9d78,1543204,0.91943359375
b9b50c457f1c48a383d8aace041d9d78,1578955,0.84521484375
b9b50c457f1c48a383d8aace041d9d78,1533730,0.83349609375
b9b50c457f1c48a383d8aace041d9d78,1591245,0.82958984375
b9b50c457f1c48a383d8aace041d9d78,1551956,0.77783203125
b9b50c457f1c48a383d8aace041d9d78,1575255,0.68212890625
0d98d6eb9cb64fedb05403d45004b4a3,1550020,0.990234375
0d98d6eb9cb64fedb05403d45004b4a3,1550744,0.98681640625
0d98d6eb9cb64fedb05403d45004b4a3,1542681,0.982421875
0d98d6eb9cb64fedb05403d45004b4a3,1557064,0.9716796875
0d98d6eb9cb64fedb05403d45004b4a3,1533443,0.97119140625
0d98d6eb9cb64fedb05403d45004b4a3,1561085,0.97021484375
0d98d6eb9cb64fedb05403d45004b4a3,1533327,0.96728515625
0d98d6eb9cb64fedb05403d45004b4a3,1593531,0.96240234375
0d98d6eb9cb64fedb05403d45004b4a3,1549672,0.94921875
0d98d6eb9cb64fedb05403d45004b4a3,1563944,0.9267578125
0d98d6eb9cb64fedb05403d45004b4a3,1564546,0.923828125
0d98d6eb9cb64fedb05403d45004b4a3,1597448,0.892578125
0d98d6eb9cb64fedb05403d45004b4a3,1563073,0.74365234375
0d98d6eb9cb64fedb05403d45004b4a3,1533971,0.68505859375
0d98d6eb9cb64fedb05403d45004b4a3,1581209,0.401611328125
e9779ffcfa2b4042bec0dfd9d553d7a5,1567590,0.99267578125
e9779ffcfa2b4042bec0dfd9d553d7a5,1557421,0.97314453125
e9779ffcfa2b4042bec0dfd9d553d7a5,1536294,0.95654296875
e9779ffcfa2b4042bec0dfd9d553d7a5,1535852,0.93505859375
e9779ffcfa2b4042bec0dfd9d553d7a5,1542149,0.91259765625
e9779ffcfa2b4042bec0dfd9d553d7a5,1538983,0.90625
e9779ffcfa2b4042bec0dfd9d553d7a5,1561467,0.8701171875
e9779ffcfa2b4042bec0dfd9d553d7a5,1570389,0.8662109375
e9779ffcfa2b4042bec0dfd9d553d7a5,1549645,0.8037109375
e9779ffcfa2b4042bec0dfd9d553d7a5,1584413,0.79931640625
e9779ffcfa2b4042bec0dfd9d553d7a5,1531848,0.72998046875
e9779ffcfa2b4042bec0dfd9d553d7a5,1577765,0.59521484375
e9779ffcfa2b4042bec0dfd9d553d7a5,1559929,0.439453125
e9779ffcfa2b4042bec0dfd9d553d7a5,1562420,0.0117340087890625
5eb0980de5594c0197b2721e4db64852,1531605,0.99853515625
5eb0980de5594c0197b2721e4db64852,1560434,0.99853515625
5eb0980de5594c0197b2721e4db64852,1570024,0.99853515625
5eb0980de5594c0197b2721e4db64852,1599713,0.99853515625
5eb0980de5594c0197b2721e4db64852,1586832,0.998046875
5eb0980de5594c0197b2721e4db64852,1559504,0.9970703125
5eb0980de5594c0197b2721e4db64852,1576177,0.9970703125
5eb0980de5594c0197b2721e4db64852,1590304,0.9970703125
5eb0980de5594c0197b2721e4db64852,1599265,0.99658203125
5eb0980de5594c0197b2721e4db64852,1562339,0.99560546875
5eb0980de5594c0197b2721e4db64852,1548300,0.99365234375
5eb0980de5594c0197b2721e4db64852,1530581,0.99267578125
5eb0980de5594c0197b2721e4db64852,1590765,0.990234375
5eb0980de5594c0197b2721e4db64852,1599409,0.98974609375
5eb0980de5594c0197b2721e4db64852,1590184,0.98095703125
5eb0980de5594c0197b2721e4db64852,1566419,0.97314453125
5eb0980de5594c0197b2721e4db64852,1577218,0.9658203125
05a219f12aa3472dbb69ac0215e22e70,1534707,0.9931640625
05a219f12aa3472dbb69ac0215e22e70,1545181,0.98583984375
05a219f12aa3472dbb69ac0215e22e70,1575457,0.98486328125
05a219f12aa3472dbb69ac0215e22e70,1566136,0.9814453125
05a219f12aa3472dbb69ac0215e22e70,1534205,0.97265625
05a219f12aa3472dbb69ac0215e22e70,1593669,0.97265625
05a219f12aa3472dbb69ac0215e22e70,1577145,0.9716796875
05a219f12aa3472dbb69ac0215e22e70,1552388,0.9658203125
05a219f12aa3472dbb69ac0215e22e70,1565915,0.9638671875
05a219f12aa3472dbb69ac0215e22e70,1582477,0.96337890625
05a219f12aa3472dbb69ac0215e22e70,1530635,0.9619140625
05a219f12aa3472dbb69ac0215e22e70,1579462,0.95849609375
05a219f12aa3472dbb69ac0215e22e70,1536605,0.95263671875
05a219f12aa3472dbb69ac0215e22e70,1592973,0.93310546875
05a219f12aa3472dbb69ac0215e22e70,1544609,0.927734375
05a219f12aa3472dbb69ac0215e22e70,1539612,0.892578125
05a219f12aa3472dbb69ac0215e22e70,1591781,0.8701171875
05a219f12aa3472dbb69ac0215e22e70,1553850,0.857421875
05a219f12aa3472dbb69ac0215e22e70,1588526,0.8349609375
05a219f12aa3472dbb69ac0215e22e70,1529128,0.82275390625
05a219f12aa3472dbb69ac0215e22e70,1580597,0.76416015625
05a219f12aa3472dbb69ac0215e22e70,1553257,0.755859375
05a219f12aa3472dbb69ac0215e22e70,1546899,0.75439453125
05a219f12aa3472dbb69ac0215e22e70,1585524,0.75341796875
05a219f12aa3472dbb69ac0215e22e70,1551442,0.7216796875
05a219f12aa3472dbb69ac0215e22e70,1574924,0.71728515625
05a219f12aa3472dbb69ac0215e22e70,1591658,0.70361328125
05a219f12aa3472dbb69ac0215e22e70,1538156,0.68896484375
05a219f12aa3472dbb69ac0215e22e70,1576526,0.666015625
05a219f12aa3472dbb69ac0215e22e70,1555432,0.66015625
05a219f12aa3472dbb69ac0215e22e70,1591497,0.65625
05a219f12aa3472dbb69ac0215e22e70,1572596,0.6494140625
05a219f12aa3472dbb69ac0215e22e70,1537965,0.623046875
05a219f12aa3472dbb69ac0215e22e70,1596125,0.572265625
05a219f12aa3472dbb69ac0215e22e70,1542099,0.5283203125
05a219f12aa3472dbb69ac0215e22e70,1585118,0.50927734375
05a219f12aa3472dbb69ac0215e22e70,1563708,0.493408203125
01f45101a886440ab61b1cf8ef1d4971,1529853,0.97412109375
01f45101a886440ab61b1cf8ef1d4971,1592915,0.8974609375
01f45101a886440ab61b1cf8ef1d4971,1564116,0.87255859375
01f45101a886440ab61b1cf8ef1d4971,1583837,0.85888671875
01f45101a886440ab61b1cf8ef1d4971,1573761,0.82470703125
01f45101a886440ab61b1cf8ef1d4971,1542161,0.81201171875
01f45101a886440ab61b1cf8ef1d4971,1578606,0.8115234375
01f45101a886440ab61b1cf8ef1d4971,1536333,0.78515625
01f45101a886440ab61b1cf8ef1d4971,1539793,0.775390625
01f45101a886440ab61b1cf8ef1d4971,1591010,0.74560546875
01f45101a886440ab61b1cf8ef1d4971,1584428,0.685546875
01f45101a886440ab61b1cf8ef1d4971,1550588,0.6669921875
01f45101a886440ab61b1cf8ef1d4971,1546513,0.61767578125
01f45101a886440ab61b1cf8ef1d4971,1593638,0.5576171875
01f45101a886440ab61b1cf8ef1d4971,1564982,0.52734375
01f45101a886440ab61b1cf8ef1d4971,1536083,0.402587890625
01f45101a886440ab61b1cf8ef1d4971,1554652,0.1871337890625
e8f01ac1d2f647c19453afe1527b29df,1572270,0.98876953125
e8f01ac1d2f647c19453afe1527b29df,1552739,0.986328125
e8f01ac1d2f647c19453afe1527b29df,1572369,0.98583984375
e8f01ac1d2f647c19453afe1527b29df,1549672,0.9794921875
e8f01ac1d2f647c19453afe1527b29df,1574034,0.9736328125
e8f01ac1d2f647c19453afe1527b29df,1573503,0.97021484375
e8f01ac1d2f647c19453afe1527b29df,1599106,0.90673828125
e8f01ac1d2f647c19453afe1527b29df,1577841,0.84521484375
e8f01ac1d2f647c19453afe1527b29df,1538549,0.826171875
e8f01ac1d2f647c19453afe1527b29df,1560492,0.79638671875
e8f01ac1d2f647c19453afe1527b29df,1568173,0.7607421875
e8f01ac1d2f647c19453afe1527b29df,1578240,0.7587890625
e8f01ac1d2f647c19453afe1527b29df,1586262,0.73583984375
e8f01ac1d2f647c19453afe1527b29df,1570684,0.7275390625
e8f01ac1d2f647c19453afe1527b29df,1562881,0.7177734375
e8f01ac1d2f647c19453afe1527b29df,1548435,0.71337890625
e8f01ac1d2f647c19453afe1527b29df,1558424,0.70361328125
e8f01ac1d2f647c19453afe1527b29df,1562245,0.70166015625
e8f01ac1d2f647c19453afe1527b29df,1559939,0.60595703125
d7d9b6b5f16e459298ef6514a711fbde,1544864,0.99853515625
d7d9b6b5f16e459298ef6514a711fbde,1551325,0.99755859375
d7d9b6b5f16e459298ef6514a711fbde,1579620,0.99658203125
d7d9b6b5f16e459298ef6514a711fbde,1598660,0.99609375
d7d9b6b5f16e459298ef6514a711fbde,1553318,0.99560546875
d7d9b6b5f16e459298ef6514a711fbde,1578620,0.99560546875
d7d9b6b5f16e459298ef6514a711fbde,1588771,0.994140625
d7d9b6b5f16e459298ef6514a711fbde,1589598,0.99267578125
d7d9b6b5f16e459298ef6514a711fbde,1550961,0.98876953125
d7d9b6b5f16e459298ef6514a711fbde,1573638,0.9853515625
d7d9b6b5f16e459298ef6514a711fbde,1593067,0.97802734375
d7d9b6b5f16e459298ef6514a711fbde,1586091,0.89794921875
d7d9b6b5f16e459298ef6514a711fbde,1600730,0.82861328125
614f8e1593ce4fa9b238f18f7cd9ed45,1536856,0.99365234375
614f8e1593ce4fa9b238f18f7cd9ed45,1541072,0.98828125
614f8e1593ce4fa9b238f18f7cd9ed45,1532740,0.9873046875
614f8e1593ce4fa9b238f18f7cd9ed45,1572449,0.98291015625
614f8e1593ce4fa9b238f18f7cd9ed45,1578665,0.97509765625
614f8e1593ce4fa9b238f18f7cd9ed45,1563777,0.970703125
614f8e1593ce4fa9b238f18f7cd9ed45,1563222,0.96923828125
614f8e1593ce4fa9b238f18f7cd9ed45,1540747,0.96875
614f8e1593ce4fa9b238f18f7cd9ed45,1545098,0.96826171875
614f8e1593ce4fa9b238f18f7cd9ed45,1566588,0.9599609375
614f8e1593ce4fa9b238f18f7cd9ed45,1599537,0.82275390625
614f8e1593ce4fa9b238f18f7cd9ed45,1555600,0.822265625
614f8e1593ce4fa9b238f18f7cd9ed45,1589417,0.7080078125
3faf9d466ca946c3ac7865e532a3b43e,1531605,0.998046875
3faf9d466ca946c3ac7865e532a3b43e,1536251,0.998046875
3faf9d466ca946c3ac7865e532a3b43e,1599265,0.998046875
3faf9d466ca946c3ac7865e532a3b43e,1582562,0.99755859375
3faf9d466ca946c3ac7865e532a3b43e,1570024,0.99755859375
3faf9d466ca946c3ac7865e532a3b43e,1599713,0.9970703125
3faf9d466ca946c3ac7865e532a3b43e,1591016,0.99609375
3faf9d466ca946c3ac7865e532a3b43e,1559504,0.99365234375
3faf9d466ca946c3ac7865e532a3b43e,1530581,0.9931640625
3faf9d466ca946c3ac7865e532a3b43e,1567337,0.99267578125
3faf9d466ca946c3ac7865e532a3b43e,1576177,0.99267578125
3faf9d466ca946c3ac7865e532a3b43e,1590304,0.99267578125
3faf9d466ca946c3ac7865e532a3b43e,1548300,0.9921875
3faf9d466ca946c3ac7865e532a3b43e,1577818,0.990234375
3faf9d466ca946c3ac7865e532a3b43e,1585882,0.9697265625
3faf9d466ca946c3ac7865e532a3b43e,1539381,0.93798828125
3faf9d466ca946c3ac7865e532a3b43e,1548754,0.79541015625
3faf9d466ca946c3ac7865e532a3b43e,1581112,0.5048828125
574136645fb54008a24875019c11bcdb,1541800,0.990234375
574136645fb54008a24875019c11bcdb,1528193,0.98876953125
574136645fb54008a24875019c11bcdb,1589537,0.98779296875
574136645fb54008a24875019c11bcdb,1591533,0.98681640625
574136645fb54008a24875019c11bcdb,1576139,0.9814453125
574136645fb54008a24875019c11bcdb,1546293,0.98046875
574136645fb54008a24875019c11bcdb,1548435,0.97705078125
574136645fb54008a24875019c11bcdb,1584527,0.97412109375
574136645fb54008a24875019c11bcdb,1572241,0.970703125
574136645fb54008a24875019c11bcdb,1583632,0.970703125
574136645fb54008a24875019c11bcdb,1555151,0.9697265625
574136645fb54008a24875019c11bcdb,1597043,0.96923828125
574136645fb54008a24875019c11bcdb,1544842,0.96875
574136645fb54008a24875019c11bcdb,1531837,0.9677734375
574136645fb54008a24875019c11bcdb,1574846,0.96728515625
574136645fb54008a24875019c11bcdb,1589433,0.96630859375
574136645fb54008a24875019c11bcdb,1567075,0.9658203125
574136645fb54008a24875019c11bcdb,1588854,0.95654296875
574136645fb54008a24875019c11bcdb,1568173,0.9541015625
574136645fb54008a24875019c11bcdb,1583932,0.927734375
574136645fb54008a24875019c11bcdb,1573503,0.87109375
574136645fb54008a24875019c11bcdb,1563073,0.87060546875
574136645fb54008a24875019c11bcdb,1596745,0.81591796875
574136645fb54008a24875019c11bcdb,1560145,0.75537109375
574136645fb54008a24875019c11bcdb,1563559,0.69970703125
574136645fb54008a24875019c11bcdb,1560720,0.64599609375
574136645fb54008a24875019c11bcdb,1535036,0.4609375
75f91f4daf2e486098d2dd4501cf4bc7,1538852,0.99462890625
75f91f4daf2e486098d2dd4501cf4bc7,1580713,0.99462890625
75f91f4daf2e486098d2dd4501cf4bc7,1583585,0.99365234375
75f91f4daf2e486098d2dd4501cf4bc7,1544713,0.9921875
75f91f4daf2e486098d2dd4501cf4bc7,1590921,0.9921875
75f91f4daf2e486098d2dd4501cf4bc7,1545028,0.99169921875
75f91f4daf2e486098d2dd4501cf4bc7,1535615,0.99072265625
75f91f4daf2e486098d2dd4501cf4bc7,1562366,0.99072265625
75f91f4daf2e486098d2dd4501cf4bc7,1532970,0.9892578125
75f91f4daf2e486098d2dd4501cf4bc7,1569977,0.98779296875
75f91f4daf2e486098d2dd4501cf4bc7,1551325,0.986328125
75f91f4daf2e486098d2dd4501cf4bc7,1588133,0.9560546875
75f91f4daf2e486098d2dd4501cf4bc7,1572422,0.80224609375
75f91f4daf2e486098d2dd4501cf4bc7,1579409,0.77734375
75f91f4daf2e486098d2dd4501cf4bc7,1540845,0.76806640625
75f91f4daf2e486098d2dd4501cf4bc7,1541662,0.56201171875
7d3ec38faef24a56b03f6b2bc0082e9c,1556092,0.98828125
7d3ec38faef24a56b03f6b2bc0082e9c,1587795,0.98828125
7d3ec38faef24a56b03f6b2bc0082e9c,1534655,0.97607421875
7d3ec38faef24a56b03f6b2bc0082e9c,1530302,0.9755859375
7d3ec38faef24a56b03f6b2bc0082e9c,1542169,0.962890625
7d3ec38faef24a56b03f6b2bc0082e9c,1538810,0.9619140625
7d3ec38faef24a56b03f6b2bc0082e9c,1573598,0.96142578125
7d3ec38faef24a56b03f6b2bc0082e9c,1547564,0.95947265625
7d3ec38faef24a56b03f6b2bc0082e9c,1588769,0.939453125
7d3ec38faef24a56b03f6b2bc0082e9c,1593521,0.9326171875
7d3ec38faef24a56b03f6b2bc0082e9c,1545423,0.92431640625
7d3ec38faef24a56b03f6b2bc0082e9c,1589417,0.9228515625
7d3ec38faef24a56b03f6b2bc0082e9c,1571993,0.90087890625
7d3ec38faef24a56b03f6b2bc0082e9c,1546565,0.892578125
7d3ec38faef24a56b03f6b2bc0082e9c,1573976,0.7275390625
7d3ec38faef24a56b03f6b2bc0082e9c,1565821,0.239013671875
a89bd088775442b0844c2ee579fd4953,1575823,0.99853515625
a89bd088775442b0844c2ee579fd4953,1590099,0.998046875
a89bd088775442b0844c2ee579fd4953,1560208,0.9931640625
a89bd088775442b0844c2ee579fd4953,1563875,0.9931640625
a89bd088775442b0844c2ee579fd4953,1582848,0.9931640625
a89bd088775442b0844c2ee579fd4953,1534315,0.9921875
a89bd088775442b0844c2ee579fd4953,1583761,0.94873046875
a89bd088775442b0844c2ee579fd4953,1563622,0.93212890625
a89bd088775442b0844c2ee579fd4953,1581225,0.73681640625
a89bd088775442b0844c2ee579fd4953,1575182,0.64794921875
a89bd088775442b0844c2ee579fd4953,1573361,0.4833984375
30a0df8b517f426cace576c77f11d7d7,1580713,0.99462890625
30a0df8b517f426cace576c77f11d7d7,1538852,0.99365234375
30a0df8b517f426cace576c77f11d7d7,1544864,0.9931640625
30a0df8b517f426cace576c77f11d7d7,1574693,0.9931640625
30a0df8b517f426cace576c77f11d7d7,1583585,0.9921875
30a0df8b517f426cace576c77f11d7d7,1538650,0.99169921875
30a0df8b517f426cace576c77f11d7d7,1562366,0.99169921875
30a0df8b517f426cace576c77f11d7d7,1569977,0.99169921875
30a0df8b517f426cace576c77f11d7d7,1594199,0.99169921875
30a0df8b517f426cace576c77f11d7d7,1550961,0.9912109375
30a0df8b517f426cace576c77f11d7d7,1587492,0.9912109375
30a0df8b517f426cace576c77f11d7d7,1535615,0.99072265625
30a0df8b517f426cace576c77f11d7d7,1541037,0.99072265625
30a0df8b517f426cace576c77f11d7d7,1532970,0.9892578125
30a0df8b517f426cace576c77f11d7d7,1589781,0.98828125
30a0df8b517f426cace576c77f11d7d7,1544713,0.98681640625
30a0df8b517f426cace576c77f11d7d7,1551325,0.98681640625
30a0df8b517f426cace576c77f11d7d7,1559779,0.986328125
30a0df8b517f426cace576c77f11d7d7,1590921,0.98388671875
30a0df8b517f426cace576c77f11d7d7,1576866,0.9833984375
30a0df8b517f426cace576c77f11d7d7,1556256,0.9814453125
30a0df8b517f426cace576c77f11d7d7,1540408,0.9697265625
30a0df8b517f426cace576c77f11d7d7,1564759,0.96875
30a0df8b517f426cace576c77f11d7d7,1593640,0.95751953125
30a0df8b517f426cace576c77f11d7d7,1551352,0.947265625
30a0df8b517f426cace576c77f11d7d7,1531393,0.943359375
30a0df8b517f426cace576c77f11d7d7,1546480,0.87353515625
30a0df8b517f426cace576c77f11d7d7,1579409,0.84619140625
30a0df8b517f426cace576c77f11d7d7,1586091,0.84033203125
30a0df8b517f426cace576c77f11d7d7,1543452,0.77880859375
30a0df8b517f426cace576c77f11d7d7,1530955,0.7763671875
30a0df8b517f426cace576c77f11d7d7,1550501,0.7158203125
30a0df8b517f426cace576c77f11d7d7,1532361,0.6416015625
30a0df8b517f426cace576c77f11d7d7,1574819,0.6416015625
30a0df8b517f426cace576c77f11d7d7,1583645,0.61962890625
30a0df8b517f426cace576c77f11d7d7,1545002,0.51953125
f90ec38458fe467fb27519f646b673c5,1588528,0.9921875
f90ec38458fe467fb27519f646b673c5,1564039,0.98828125
f90ec38458fe467fb27519f646b673c5,1599744,0.98828125
f90ec38458fe467fb27519f646b673c5,1551928,0.98486328125
f90ec38458fe467fb27519f646b673c5,1589446,0.970703125
f90ec38458fe467fb27519f646b673c5,1535439,0.96484375
f90ec38458fe467fb27519f646b673c5,1589120,0.95947265625
f90ec38458fe467fb27519f646b673c5,1600857,0.95751953125
f90ec38458fe467fb27519f646b673c5,1544247,0.91015625
f90ec38458fe467fb27519f646b673c5,1557278,0.521484375
f90ec38458fe467fb27519f646b673c5,1533144,0.515625
f90ec38458fe467fb27519f646b673c5,1537512,0.4931640625
06db11c0e6734f9a80d691666e66658f,1598128,0.9833984375
06db11c0e6734f9a80d691666e66658f,1589237,0.97802734375
06db11c0e6734f9a80d691666e66658f,1529875,0.96826171875
06db11c0e6734f9a80d691666e66658f,1580635,0.96435546875
06db11c0e6734f9a80d691666e66658f,1563616,0.9326171875
06db11c0e6734f9a80d691666e66658f,1563183,0.90087890625
06db11c0e6734f9a80d691666e66658f,1528766,0.8828125
06db11c0e6734f9a80d691666e66658f,1530303,0.83740234375
06db11c0e6734f9a80d691666e66658f,1567699,0.80419921875
06db11c0e6734f9a80d691666e66658f,1554782,0.73291015625
06db11c0e6734f9a80d691666e66658f,1588007,0.6884765625
06db11c0e6734f9a80d691666e66658f,1583609,0.685546875
06db11c0e6734f9a80d691666e66658f,1581779,0.68212890625
06db11c0e6734f9a80d691666e66658f,1569026,0.65625
06db11c0e6734f9a80d691666e66658f,1559141,0.65185546875
06db11c0e6734f9a80d691666e66658f,1598140,0.62451171875
06db11c0e6734f9a80d691666e66658f,1538743,0.5673828125
06db11c0e6734f9a80d691666e66658f,1544151,0.4921875
06db11c0e6734f9a80d691666e66658f,1541509,0.360595703125
6e093ce0f30046ea8e87d5d94d69536d,1539244,0.966796875
6e093ce0f30046ea8e87d5d94d69536d,1584264,0.947265625
6e093ce0f30046ea8e87d5d94d69536d,1572137,0.9248046875
6e093ce0f30046ea8e87d5d94d69536d,1577264,0.88330078125
6e093ce0f30046ea8e87d5d94d69536d,1578203,0.7939453125
6e093ce0f30046ea8e87d5d94d69536d,1598165,0.72265625
6e093ce0f30046ea8e87d5d94d69536d,1556345,0.703125
6e093ce0f30046ea8e87d5d94d69536d,1552404,0.6474609375
6e093ce0f30046ea8e87d5d94d69536d,1534924,0.6181640625
6e093ce0f30046ea8e87d5d94d69536d,1597528,0.5400390625
6e093ce0f30046ea8e87d5d94d69536d,1571466,0.481201171875
6e093ce0f30046ea8e87d5d94d69536d,1554249,0.48095703125
6e093ce0f30046ea8e87d5d94d69536d,1584752,0.304443359375
6e093ce0f30046ea8e87d5d94d69536d,1574653,0.197021484375
b6465addeb5c44248d70e15fc455ec6e,1551798,0.97509765625
b6465addeb5c44248d70e15fc455ec6e,1599914,0.97412109375
b6465addeb5c44248d70e15fc455ec6e,1557358,0.95849609375
b6465addeb5c44248d70e15fc455ec6e,1537630,0.95458984375
b6465addeb5c44248d70e15fc455ec6e,1550898,0.9482421875
b6465addeb5c44248d70e15fc455ec6e,1559183,0.9404296875
b6465addeb5c44248d70e15fc455ec6e,1567036,0.93896484375
b6465addeb5c44248d70e15fc455ec6e,1577264,0.89306640625
b6465addeb5c44248d70e15fc455ec6e,1572137,0.87158203125
b6465addeb5c44248d70e15fc455ec6e,1551649,0.84326171875
b6465addeb5c44248d70e15fc455ec6e,1541553,0.8427734375
b6465addeb5c44248d70e15fc455ec6e,1560609,0.7236328125
b6465addeb5c44248d70e15fc455ec6e,1553809,0.701171875
b6465addeb5c44248d70e15fc455ec6e,1552572,0.6279296875
b6465addeb5c44248d70e15fc455ec6e,1588789,0.6083984375
b6465addeb5c44248d70e15fc455ec6e,1573175,0.591796875
b6465addeb5c44248d70e15fc455ec6e,1542062,0.55908203125
b6465addeb5c44248d70e15fc455ec6e,1548789,0.469482421875
b6465addeb5c44248d70e15fc455ec6e,1534924,0.4453125
b6465addeb5c44248d70e15fc455ec6e,1575036,0.36328125
b6465addeb5c44248d70e15fc455ec6e,1600353,0.151123046875
b6465addeb5c44248d70e15fc455ec6e,1579908,0.129150390625
b6465addeb5c44248d70e15fc455ec6e,1566349,0.11614990234375
b6465addeb5c44248d70e15fc455ec6e,1576909,0.09283447265625
ede5a50ba50e41879a8538e0313a60d9,1578414,0.9970703125
ede5a50ba50e41879a8538e0313a60d9,1572536,0.99462890625
ede5a50ba50e41879a8538e0313a60d9,1584517,0.9912109375
ede5a50ba50e41879a8538e0313a60d9,1563488,0.9873046875
ede5a50ba50e41879a8538e0313a60d9,1563944,0.98583984375
ede5a50ba50e41879a8538e0313a60d9,1583632,0.98583984375
ede5a50ba50e41879a8538e0313a60d9,1591533,0.95458984375
ede5a50ba50e41879a8538e0313a60d9,1567075,0.7646484375
ede5a50ba50e41879a8538e0313a60d9,1569377,0.7275390625
ede5a50ba50e41879a8538e0313a60d9,1588367,0.71923828125
ede5a50ba50e41879a8538e0313a60d9,1595089,0.70166015625
ede5a50ba50e41879a8538e0313a60d9,1574034,0.65380859375
ede5a50ba50e41879a8538e0313a60d9,1556150,0.583984375
ede5a50ba50e41879a8538e0313a60d9,1528268,0.351318359375
3c41e821e1074b7282cf388ea28127db,1528193,0.98046875
3c41e821e1074b7282cf388ea28127db,1528199,0.970703125
3c41e821e1074b7282cf388ea28127db,1597322,0.96337890625
3c41e821e1074b7282cf388ea28127db,1554482,0.95654296875
3c41e821e1074b7282cf388ea28127db,1527920,0.95263671875
3c41e821e1074b7282cf388ea28127db,1567075,0.9521484375
3c41e821e1074b7282cf388ea28127db,1546898,0.9228515625
3c41e821e1074b7282cf388ea28127db,1563073,0.91162109375
3c41e821e1074b7282cf388ea28127db,1560492,0.890625
3c41e821e1074b7282cf388ea28127db,1562245,0.830078125
3c41e821e1074b7282cf388ea28127db,1593307,0.80322265625
3c41e821e1074b7282cf388ea28127db,1558424,0.73828125
3c41e821e1074b7282cf388ea28127db,1584795,0.72119140625
3c41e821e1074b7282cf388ea28127db,1595089,0.6826171875
3c41e821e1074b7282cf388ea28127db,1541637,0.68017578125
3c41e821e1074b7282cf388ea28127db,1587297,0.6669921875
3c41e821e1074b7282cf388ea28127db,1565064,0.64599609375
3c41e821e1074b7282cf388ea28127db,1591442,0.6416015625
3c41e821e1074b7282cf388ea28127db,1562881,0.60205078125
3c41e821e1074b7282cf388ea28127db,1562225,0.53955078125
3c41e821e1074b7282cf388ea28127db,1570684,0.5107421875
cd08d37911f345189485cf6c46244fe6,1592820,0.99609375
cd08d37911f345189485cf6c46244fe6,1535192,0.99560546875
cd08d37911f345189485cf6c46244fe6,1591699,0.99560546875
cd08d37911f345189485cf6c46244fe6,1536484,0.9951171875
cd08d37911f345189485cf6c46244fe6,1587778,0.99462890625
cd08d37911f345189485cf6c46244fe6,1556231,0.99462890625
cd08d37911f345189485cf6c46244fe6,1543504,0.994140625
cd08d37911f345189485cf6c46244fe6,1549865,0.99169921875
cd08d37911f345189485cf6c46244fe6,1559919,0.99169921875
cd08d37911f345189485cf6c46244fe6,1575965,0.9912109375
cd08d37911f345189485cf6c46244fe6,1554170,0.99072265625
cd08d37911f345189485cf6c46244fe6,1593420,0.990234375
cd08d37911f345189485cf6c46244fe6,1592854,0.98974609375
cd08d37911f345189485cf6c46244fe6,1529027,0.9873046875
cd08d37911f345189485cf6c46244fe6,1544300,0.986328125
cd08d37911f345189485cf6c46244fe6,1550075,0.97607421875
cd08d37911f345189485cf6c46244fe6,1579634,0.958984375
cd08d37911f345189485cf6c46244fe6,1540538,0.8681640625
cd08d37911f345189485cf6c46244fe6,1570298,0.4404296875
13cb184813f34099b8ac4cfd171b96e2,1548755,0.99169921875
13cb184813f34099b8ac4cfd171b96e2,1548162,0.98974609375
13cb184813f34099b8ac4cfd171b96e2,1595116,0.98876953125
13cb184813f34099b8ac4cfd171b96e2,1557984,0.98828125
13cb184813f34099b8ac4cfd171b96e2,1536720,0.9873046875
13cb184813f34099b8ac4cfd171b96e2,1540930,0.98681640625
13cb184813f34099b8ac4cfd171b96e2,1564032,0.986328125
13cb184813f34099b8ac4cfd171b96e2,1534786,0.98388671875
13cb184813f34099b8ac4cfd171b96e2,1529755,0.9833984375
13cb184813f34099b8ac4cfd171b96e2,1535697,0.9765625
13cb184813f34099b8ac4cfd171b96e2,1537053,0.97509765625
13cb184813f34099b8ac4cfd171b96e2,1534784,0.974609375
13cb184813f34099b8ac4cfd171b96e2,1586517,0.96142578125
13cb184813f34099b8ac4cfd171b96e2,1546042,0.95849609375
13cb184813f34099b8ac4cfd171b96e2,1575239,0.94189453125
13cb184813f34099b8ac4cfd171b96e2,1535407,0.89501953125
13cb184813f34099b8ac4cfd171b96e2,1584404,0.88525390625
13cb184813f34099b8ac4cfd171b96e2,1539923,0.84521484375
13cb184813f34099b8ac4cfd171b96e2,1594530,0.83154296875
13cb184813f34099b8ac4cfd171b96e2,1538711,0.830078125
13cb184813f34099b8ac4cfd171b96e2,1553249,0.82763671875
13cb184813f34099b8ac4cfd171b96e2,1550793,0.81591796875
13cb184813f34099b8ac4cfd171b96e2,1577851,0.806640625
9698e01c2104443c91c09b2929093e2c,1584490,0.99072265625
9698e01c2104443c91c09b2929093e2c,1587214,0.9892578125
9698e01c2104443c91c09b2929093e2c,1579407,0.98876953125
9698e01c2104443c91c09b2929093e2c,1561199,0.98828125
9698e01c2104443c91c09b2929093e2c,1572791,0.9853515625
9698e01c2104443c91c09b2929093e2c,1600732,0.97412109375
9698e01c2104443c91c09b2929093e2c,1580193,0.9697265625
9698e01c2104443c91c09b2929093e2c,1585469,0.96875
9698e01c2104443c91c09b2929093e2c,1578067,0.966796875
9698e01c2104443c91c09b2929093e2c,1562757,0.9599609375
9698e01c2104443c91c09b2929093e2c,1556447,0.95751953125
9698e01c2104443c91c09b2929093e2c,1564125,0.955078125
9698e01c2104443c91c09b2929093e2c,1578259,0.90625
9698e01c2104443c91c09b2929093e2c,1570372,0.505859375
7124b8148ecb49a09bf6ec29673f3762,1586792,0.9814453125
7124b8148ecb49a09bf6ec29673f3762,1546710,0.94970703125
7124b8148ecb49a09bf6ec29673f3762,1571466,0.9033203125
7124b8148ecb49a09bf6ec29673f3762,1551649,0.8876953125
7124b8148ecb49a09bf6ec29673f3762,1558684,0.87353515625
7124b8148ecb49a09bf6ec29673f3762,1536792,0.865234375
7124b8148ecb49a09bf6ec29673f3762,1577264,0.86474609375
7124b8148ecb49a09bf6ec29673f3762,1551866,0.81396484375
7124b8148ecb49a09bf6ec29673f3762,1557480,0.72119140625
7124b8148ecb49a09bf6ec29673f3762,1555842,0.5634765625
7124b8148ecb49a09bf6ec29673f3762,1594896,0.48681640625
7124b8148ecb49a09bf6ec29673f3762,1534924,0.399169921875
7124b8148ecb49a09bf6ec29673f3762,1557731,0.39794921875
7124b8148ecb49a09bf6ec29673f3762,1574653,0.389404296875
7124b8148ecb49a09bf6ec29673f3762,1590835,0.0057754516601562
62163ef4d39e4bb9a0de002292977559,1536484,0.994140625
62163ef4d39e4bb9a0de002292977559,1564121,0.994140625
62163ef4d39e4bb9a0de002292977559,1565642,0.99365234375
62163ef4d39e4bb9a0de002292977559,1587778,0.99365234375
62163ef4d39e4bb9a0de002292977559,1591699,0.99267578125
62163ef4d39e4bb9a0de002292977559,1559433,0.99169921875
62163ef4d39e4bb9a0de002292977559,1593420,0.9912109375
62163ef4d39e4bb9a0de002292977559,1549865,0.99072265625
62163ef4d39e4bb9a0de002292977559,1565546,0.99072265625
62163ef4d39e4bb9a0de002292977559,1544300,0.98974609375
62163ef4d39e4bb9a0de002292977559,1559919,0.98876953125
62163ef4d39e4bb9a0de002292977559,1535609,0.9853515625
62163ef4d39e4bb9a0de002292977559,1592854,0.98046875
62163ef4d39e4bb9a0de002292977559,1550075,0.97900390625
62163ef4d39e4bb9a0de002292977559,1571130,0.9755859375
62163ef4d39e4bb9a0de002292977559,1574326,0.9638671875
7782b12f594f450eb460e56edee8d7d5,1541068,0.9951171875
7782b12f594f450eb460e56edee8d7d5,1532071,0.99267578125
7782b12f594f450eb460e56edee8d7d5,1537637,0.99169921875
7782b12f594f450eb460e56edee8d7d5,1566861,0.99169921875
7782b12f594f450eb460e56edee8d7d5,1581972,0.99169921875
7782b12f594f450eb460e56edee8d7d5,1566475,0.9912109375
7782b12f594f450eb460e56edee8d7d5,1583376,0.9912109375
7782b12f594f450eb460e56edee8d7d5,1597389,0.99072265625
7782b12f594f450eb460e56edee8d7d5,1540629,0.990234375
7782b12f594f450eb460e56edee8d7d5,1597985,0.98828125
7782b12f594f450eb460e56edee8d7d5,1586464,0.97998046875
7782b12f594f450eb460e56edee8d7d5,1595467,0.966796875
7782b12f594f450eb460e56edee8d7d5,1573830,0.96484375
7782b12f594f450eb460e56edee8d7d5,1586231,0.9365234375
7782b12f594f450eb460e56edee8d7d5,1545057,0.923828125
7782b12f594f450eb460e56edee8d7d5,1541426,0.84521484375
7782b12f594f450eb460e56edee8d7d5,1573361,0.8076171875
7782b12f594f450eb460e56edee8d7d5,1545017,0.75244140625
7782b12f594f450eb460e56edee8d7d5,1570166,0.587890625
7782b12f594f450eb460e56edee8d7d5,1545007,0.419189453125
25c393b5b2e147d3b32deff76f5357f3,1552575,0.98828125
25c393b5b2e147d3b32deff76f5357f3,1600527,0.97998046875
25c393b5b2e147d3b32deff76f5357f3,1538764,0.9794921875
25c393b5b2e147d3b32deff76f5357f3,1531364,0.9716796875
25c393b5b2e147d3b32deff76f5357f3,1594534,0.9697265625
25c393b5b2e147d3b32deff76f5357f3,1572791,0.958984375
25c393b5b2e147d3b32deff76f5357f3,1536813,0.9375
25c393b5b2e147d3b32deff76f5357f3,1571583,0.916015625
25c393b5b2e147d3b32deff76f5357f3,1529517,0.9033203125
25c393b5b2e147d3b32deff76f5357f3,1541035,0.896484375
25c393b5b2e147d3b32deff76f5357f3,1571460,0.89599609375
25c393b5b2e147d3b32deff76f5357f3,1564757,0.88623046875
25c393b5b2e147d3b32deff76f5357f3,1532774,0.853515625
25c393b5b2e147d3b32deff76f5357f3,1561018,0.849609375
25c393b5b2e147d3b32deff76f5357f3,1593657,0.826171875
25c393b5b2e147d3b32deff76f5357f3,1550085,0.75927734375
25c393b5b2e147d3b32deff76f5357f3,1567895,0.63037109375
25c393b5b2e147d3b32deff76f5357f3,1577036,0.611328125
2408519c264140cf893a398687bc623d,1594878,0.9921875
2408519c264140cf893a398687bc623d,1591007,0.99072265625
2408519c264140cf893a398687bc623d,1530046,0.9736328125
2408519c264140cf893a398687bc623d,1532510,0.97265625
2408519c264140cf893a398687bc623d,1591803,0.9423828125
2408519c264140cf893a398687bc623d,1536807,0.90380859375
2408519c264140cf893a398687bc623d,1583077,0.89404296875
2408519c264140cf893a398687bc623d,1553320,0.88916015625
2408519c264140cf893a398687bc623d,1528092,0.85009765625
2408519c264140cf893a398687bc623d,1571761,0.8125
2408519c264140cf893a398687bc623d,1537885,0.81103515625
2408519c264140cf893a398687bc623d,1563270,0.78271484375
2408519c264140cf893a398687bc623d,1534444,0.78173828125
2408519c264140cf893a398687bc623d,1560481,0.67138671875
2408519c264140cf893a398687bc623d,1567848,0.6220703125
2408519c264140cf893a398687bc623d,1528488,0.58984375
2408519c264140cf893a398687bc623d,1530321,0.53466796875
2408519c264140cf893a398687bc623d,1591861,0.49951171875
2408519c264140cf893a398687bc623d,1543878,0.452880859375
8571dfe4140e4cc1ac84d78f815dc249,1542079,0.99609375
8571dfe4140e4cc1ac84d78f815dc249,1527883,0.99560546875
8571dfe4140e4cc1ac84d78f815dc249,1576336,0.994140625
8571dfe4140e4cc1ac84d78f815dc249,1572486,0.9931640625
8571dfe4140e4cc1ac84d78f815dc249,1554686,0.99267578125
8571dfe4140e4cc1ac84d78f815dc249,1542298,0.9921875
8571dfe4140e4cc1ac84d78f815dc249,1557436,0.99169921875
8571dfe4140e4cc1ac84d78f815dc249,1553258,0.9912109375
8571dfe4140e4cc1ac84d78f815dc249,1578717,0.9892578125
8571dfe4140e4cc1ac84d78f815dc249,1552585,0.98876953125
8571dfe4140e4cc1ac84d78f815dc249,1567231,0.869140625
8571dfe4140e4cc1ac84d78f815dc249,1576016,0.59765625
8571dfe4140e4cc1ac84d78f815dc249,1564641,0.434326171875
8571dfe4140e4cc1ac84d78f815dc249,1572944,0.05560302734375
48db16db55454ebfa0ce41eb849e1825,1591007,0.98974609375
48db16db55454ebfa0ce41eb849e1825,1576423,0.94384765625
48db16db55454ebfa0ce41eb849e1825,1559385,0.92919921875
48db16db55454ebfa0ce41eb849e1825,1543096,0.9248046875
48db16db55454ebfa0ce41eb849e1825,1558727,0.89208984375
48db16db55454ebfa0ce41eb849e1825,1548563,0.8916015625
48db16db55454ebfa0ce41eb849e1825,1584974,0.8740234375
48db16db55454ebfa0ce41eb849e1825,1544751,0.79150390625
48db16db55454ebfa0ce41eb849e1825,1571761,0.77197265625
48db16db55454ebfa0ce41eb849e1825,1572288,0.77099609375
48db16db55454ebfa0ce41eb849e1825,1594102,0.74267578125
48db16db55454ebfa0ce41eb849e1825,1546764,0.732421875
48db16db55454ebfa0ce41eb849e1825,1536816,0.1319580078125
48db16db55454ebfa0ce41eb849e1825,1553436,0.07574462890625
0bc275547f8f431aa670a03fe95d66ba,1547994,0.98828125
0bc275547f8f431aa670a03fe95d66ba,1582378,0.9873046875
0bc275547f8f431aa670a03fe95d66ba,1547564,0.98291015625
0bc275547f8f431aa670a03fe95d66ba,1534655,0.9775390625
0bc275547f8f431aa670a03fe95d66ba,1530302,0.9765625
0bc275547f8f431aa670a03fe95d66ba,1562244,0.97412109375
0bc275547f8f431aa670a03fe95d66ba,1566001,0.9697265625
0bc275547f8f431aa670a03fe95d66ba,1574821,0.96875
0bc275547f8f431aa670a03fe95d66ba,1544290,0.9658203125
0bc275547f8f431aa670a03fe95d66ba,1553262,0.9619140625
0bc275547f8f431aa670a03fe95d66ba,1571603,0.958984375
0bc275547f8f431aa670a03fe95d66ba,1554515,0.95458984375
0bc275547f8f431aa670a03fe95d66ba,1573598,0.93359375
0bc275547f8f431aa670a03fe95d66ba,1571993,0.93115234375
0bc275547f8f431aa670a03fe95d66ba,1573686,0.86767578125
0bc275547f8f431aa670a03fe95d66ba,1563146,0.81787109375
0bc275547f8f431aa670a03fe95d66ba,1573976,0.7353515625
0bc275547f8f431aa670a03fe95d66ba,1565821,0.172119140625
4d16dd90a4a14516b8be17c9d844f3cb,1538666,0.9951171875
4d16dd90a4a14516b8be17c9d844f3cb,1535165,0.99267578125
4d16dd90a4a14516b8be17c9d844f3cb,1587739,0.98876953125
4d16dd90a4a14516b8be17c9d844f3cb,1550338,0.98779296875
4d16dd90a4a14516b8be17c9d844f3cb,1539911,0.98681640625
4d16dd90a4a14516b8be17c9d844f3cb,1544990,0.9794921875
4d16dd90a4a14516b8be17c9d844f3cb,1593460,0.86376953125
4d16dd90a4a14516b8be17c9d844f3cb,1527900,0.8310546875
4d16dd90a4a14516b8be17c9d844f3cb,1542417,0.70849609375
4d16dd90a4a14516b8be17c9d844f3cb,1527888,0.69873046875
4d16dd90a4a14516b8be17c9d844f3cb,1585856,0.6923828125
4d16dd90a4a14516b8be17c9d844f3cb,1529001,0.63916015625
4d16dd90a4a14516b8be17c9d844f3cb,1553336,0.62939453125
4d16dd90a4a14516b8be17c9d844f3cb,1580989,0.5576171875
4d16dd90a4a14516b8be17c9d844f3cb,1530150,0.5498046875
4d16dd90a4a14516b8be17c9d844f3cb,1585515,0.489013671875
4d16dd90a4a14516b8be17c9d844f3cb,1564128,0.455078125
4d16dd90a4a14516b8be17c9d844f3cb,1570428,0.441162109375
4d16dd90a4a14516b8be17c9d844f3cb,1531777,0.4326171875
4d16dd90a4a14516b8be17c9d844f3cb,1531283,0.337646484375
a0a36c0f4efc46058bd3c87b242c8116,1565546,0.99072265625
a0a36c0f4efc46058bd3c87b242c8116,1564121,0.990234375
a0a36c0f4efc46058bd3c87b242c8116,1543504,0.9892578125
a0a36c0f4efc46058bd3c87b242c8116,1593413,0.98779296875
a0a36c0f4efc46058bd3c87b242c8116,1593420,0.98779296875
a0a36c0f4efc46058bd3c87b242c8116,1571130,0.96337890625
a0a36c0f4efc46058bd3c87b242c8116,1592847,0.95361328125
a0a36c0f4efc46058bd3c87b242c8116,1571382,0.951171875
a0a36c0f4efc46058bd3c87b242c8116,1546457,0.9482421875
a0a36c0f4efc46058bd3c87b242c8116,1541705,0.94091796875
a0a36c0f4efc46058bd3c87b242c8116,1544300,0.89013671875
a0a36c0f4efc46058bd3c87b242c8116,1548990,0.8515625
a0a36c0f4efc46058bd3c87b242c8116,1543931,0.8505859375
a0a36c0f4efc46058bd3c87b242c8116,1560350,0.80419921875
a0a36c0f4efc46058bd3c87b242c8116,1554146,0.62646484375
eb7759984d614c3db4d487372390e6ce,1536856,0.99560546875
eb7759984d614c3db4d487372390e6ce,1553918,0.99169921875
eb7759984d614c3db4d487372390e6ce,1532740,0.98974609375
eb7759984d614c3db4d487372390e6ce,1535550,0.9873046875
eb7759984d614c3db4d487372390e6ce,1551028,0.9873046875
eb7759984d614c3db4d487372390e6ce,1590238,0.98681640625
eb7759984d614c3db4d487372390e6ce,1592057,0.98583984375
eb7759984d614c3db4d487372390e6ce,1558215,0.97802734375
eb7759984d614c3db4d487372390e6ce,1566588,0.97705078125
eb7759984d614c3db4d487372390e6ce,1531431,0.966796875
eb7759984d614c3db4d487372390e6ce,1586249,0.93994140625
eb7759984d614c3db4d487372390e6ce,1532197,0.93798828125
eb7759984d614c3db4d487372390e6ce,1545901,0.93310546875
eb7759984d614c3db4d487372390e6ce,1588300,0.91015625
eb7759984d614c3db4d487372390e6ce,1591016,0.9091796875
eb7759984d614c3db4d487372390e6ce,1562498,0.8896484375
eb7759984d614c3db4d487372390e6ce,1584878,0.88916015625
eb7759984d614c3db4d487372390e6ce,1559250,0.83642578125
eb7759984d614c3db4d487372390e6ce,1554386,0.83251953125
eb7759984d614c3db4d487372390e6ce,1557361,0.814453125
eb7759984d614c3db4d487372390e6ce,1589770,0.66552734375
eb7759984d614c3db4d487372390e6ce,1551460,0.642578125
eb7759984d614c3db4d487372390e6ce,1591244,0.568359375
eb7759984d614c3db4d487372390e6ce,1532185,0.44921875
d8c31ef99691463eaf6df1284311b03b,1529755,0.99462890625
d8c31ef99691463eaf6df1284311b03b,1560587,0.9931640625
d8c31ef99691463eaf6df1284311b03b,1595116,0.9921875
d8c31ef99691463eaf6df1284311b03b,1548162,0.99072265625
d8c31ef99691463eaf6df1284311b03b,1564032,0.99072265625
d8c31ef99691463eaf6df1284311b03b,1540930,0.98828125
d8c31ef99691463eaf6df1284311b03b,1537053,0.98681640625
d8c31ef99691463eaf6df1284311b03b,1528720,0.98681640625
d8c31ef99691463eaf6df1284311b03b,1536720,0.9814453125
d8c31ef99691463eaf6df1284311b03b,1546042,0.9697265625
d8c31ef99691463eaf6df1284311b03b,1575239,0.96435546875
d8c31ef99691463eaf6df1284311b03b,1599581,0.96240234375
d8c31ef99691463eaf6df1284311b03b,1586517,0.9580078125
d8c31ef99691463eaf6df1284311b03b,1569433,0.94873046875
d8c31ef99691463eaf6df1284311b03b,1577851,0.88330078125
d8c31ef99691463eaf6df1284311b03b,1539923,0.85693359375
d8c31ef99691463eaf6df1284311b03b,1545442,0.77099609375
d8c31ef99691463eaf6df1284311b03b,1538711,0.77001953125
d8c31ef99691463eaf6df1284311b03b,1567861,0.74853515625
d8c31ef99691463eaf6df1284311b03b,1555600,0.54541015625
c3587ce3073548df941f281c087d563f,1545028,0.98974609375
c3587ce3073548df941f281c087d563f,1583585,0.98974609375
c3587ce3073548df941f281c087d563f,1559779,0.98095703125
c3587ce3073548df941f281c087d563f,1546480,0.9794921875
c3587ce3073548df941f281c087d563f,1531706,0.96533203125
c3587ce3073548df941f281c087d563f,1596887,0.95849609375
c3587ce3073548df941f281c087d563f,1553658,0.94873046875
c3587ce3073548df941f281c087d563f,1588133,0.935546875
c3587ce3073548df941f281c087d563f,1532283,0.9169921875
c3587ce3073548df941f281c087d563f,1578620,0.9072265625
c3587ce3073548df941f281c087d563f,1572422,0.88818359375
c3587ce3073548df941f281c087d563f,1569915,0.74755859375
c3587ce3073548df941f281c087d563f,1584391,0.338134765625
2eb91e3043f145dd9477c81fa2608cb1,1532510,0.97412109375
2eb91e3043f145dd9477c81fa2608cb1,1574220,0.87841796875
2eb91e3043f145dd9477c81fa2608cb1,1554967,0.86083984375
2eb91e3043f145dd9477c81fa2608cb1,1572288,0.84814453125
2eb91e3043f145dd9477c81fa2608cb1,1598513,0.81689453125
2eb91e3043f145dd9477c81fa2608cb1,1551180,0.802734375
2eb91e3043f145dd9477c81fa2608cb1,1534041,0.7998046875
2eb91e3043f145dd9477c81fa2608cb1,1528092,0.673828125
2eb91e3043f145dd9477c81fa2608cb1,1558193,0.67041015625
2eb91e3043f145dd9477c81fa2608cb1,1580885,0.6689453125
2eb91e3043f145dd9477c81fa2608cb1,1530321,0.607421875
2eb91e3043f145dd9477c81fa2608cb1,1598579,0.5380859375
2eb91e3043f145dd9477c81fa2608cb1,1549809,0.480712890625
2eb91e3043f145dd9477c81fa2608cb1,1530831,0.368896484375
2eb91e3043f145dd9477c81fa2608cb1,1565591,0.321533203125
2eb91e3043f145dd9477c81fa2608cb1,1560481,0.2230224609375
45cbc508185b401eb62e866170a99a92,1583643,0.98681640625
45cbc508185b401eb62e866170a99a92,1535382,0.970703125
45cbc508185b401eb62e866170a99a92,1591533,0.9677734375
45cbc508185b401eb62e866170a99a92,1589728,0.95263671875
45cbc508185b401eb62e866170a99a92,1528193,0.92431640625
45cbc508185b401eb62e866170a99a92,1584527,0.91796875
45cbc508185b401eb62e866170a99a92,1533443,0.91015625
45cbc508185b401eb62e866170a99a92,1528199,0.9052734375
45cbc508185b401eb62e866170a99a92,1527920,0.87646484375
45cbc508185b401eb62e866170a99a92,1528704,0.8720703125
45cbc508185b401eb62e866170a99a92,1594771,0.84228515625
45cbc508185b401eb62e866170a99a92,1575807,0.84130859375
45cbc508185b401eb62e866170a99a92,1583632,0.83984375
45cbc508185b401eb62e866170a99a92,1567075,0.83544921875
45cbc508185b401eb62e866170a99a92,1586262,0.8017578125
45cbc508185b401eb62e866170a99a92,1600817,0.79931640625
45cbc508185b401eb62e866170a99a92,1563073,0.76123046875
45cbc508185b401eb62e866170a99a92,1543259,0.76025390625
45cbc508185b401eb62e866170a99a92,1574034,0.75439453125
45cbc508185b401eb62e866170a99a92,1584795,0.7236328125
45cbc508185b401eb62e866170a99a92,1589363,0.6943359375
45cbc508185b401eb62e866170a99a92,1600761,0.68017578125
45cbc508185b401eb62e866170a99a92,1593307,0.6591796875
45cbc508185b401eb62e866170a99a92,1536101,0.640625
45cbc508185b401eb62e866170a99a92,1578240,0.61767578125
2e2da7521abe4ce89b9a8f81d46a6707,1528326,0.98681640625
2e2da7521abe4ce89b9a8f81d46a6707,1534532,0.9560546875
2e2da7521abe4ce89b9a8f81d46a6707,1580665,0.94970703125
2e2da7521abe4ce89b9a8f81d46a6707,1567425,0.9345703125
2e2da7521abe4ce89b9a8f81d46a6707,1553047,0.9228515625
2e2da7521abe4ce89b9a8f81d46a6707,1564190,0.92138671875
2e2da7521abe4ce89b9a8f81d46a6707,1566157,0.90380859375
2e2da7521abe4ce89b9a8f81d46a6707,1534560,0.8876953125
2e2da7521abe4ce89b9a8f81d46a6707,1569667,0.8486328125
2e2da7521abe4ce89b9a8f81d46a6707,1559190,0.7802734375
2e2da7521abe4ce89b9a8f81d46a6707,1563547,0.7802734375
2e2da7521abe4ce89b9a8f81d46a6707,1540844,0.775390625
2e2da7521abe4ce89b9a8f81d46a6707,1576074,0.71923828125
2e2da7521abe4ce89b9a8f81d46a6707,1591463,0.7099609375
2e2da7521abe4ce89b9a8f81d46a6707,1572133,0.41015625
55aab91442664e2eb418def2d1b301e9,1590838,0.9951171875
55aab91442664e2eb418def2d1b301e9,1577575,0.994140625
55aab91442664e2eb418def2d1b301e9,1542400,0.9921875
55aab91442664e2eb418def2d1b301e9,1594850,0.9912109375
55aab91442664e2eb418def2d1b301e9,1590701,0.99072265625
55aab91442664e2eb418def2d1b301e9,1577076,0.98876953125
55aab91442664e2eb418def2d1b301e9,1578653,0.95703125
55aab91442664e2eb418def2d1b301e9,1563013,0.88427734375
55aab91442664e2eb418def2d1b301e9,1559972,0.7548828125
55aab91442664e2eb418def2d1b301e9,1585505,0.468017578125
55aab91442664e2eb418def2d1b301e9,1560121,0.364990234375
55aab91442664e2eb418def2d1b301e9,1533616,0.07989501953125
55aab91442664e2eb418def2d1b301e9,1570719,0.06915283203125
e4fd15a1ab0d4ceb8c19339be8d9fb8e,1558858,0.99609375
e4fd15a1ab0d4ceb8c19339be8d9fb8e,1565314,0.9931640625
e4fd15a1ab0d4ceb8c19339be8d9fb8e,1533257,0.99267578125
e4fd15a1ab0d4ceb8c19339be8d9fb8e,1547768,0.99267578125
e4fd15a1ab0d4ceb8c19339be8d9fb8e,1598264,0.99267578125
e4fd15a1ab0d4ceb8c19339be8d9fb8e,1569571,0.99072265625
e4fd15a1ab0d4ceb8c19339be8d9fb8e,1553213,0.986328125
e4fd15a1ab0d4ceb8c19339be8d9fb8e,1540303,0.98486328125
e4fd15a1ab0d4ceb8c19339be8d9fb8e,1594315,0.96044921875
e4fd15a1ab0d4ceb8c19339be8d9fb8e,1581660,0.95947265625
e4fd15a1ab0d4ceb8c19339be8d9fb8e,1572339,0.94873046875
e4fd15a1ab0d4ceb8c19339be8d9fb8e,1546480,0.84033203125
e4fd15a1ab0d4ceb8c19339be8d9fb8e,1596920,0.83984375
e4fd15a1ab0d4ceb8c19339be8d9fb8e,1587547,0.72509765625
e4fd15a1ab0d4ceb8c19339be8d9fb8e,1568267,0.7060546875
e4fd15a1ab0d4ceb8c19339be8d9fb8e,1590763,0.6484375
e4fd15a1ab0d4ceb8c19339be8d9fb8e,1588680,0.64208984375
e4fd15a1ab0d4ceb8c19339be8d9fb8e,1552346,0.479248046875
e4fd15a1ab0d4ceb8c19339be8d9fb8e,1537060,0.283203125
7169d7d854534447acb6acaec11592cf,1534707,0.99853515625
7169d7d854534447acb6acaec11592cf,1566136,0.99853515625
7169d7d854534447acb6acaec11592cf,1545181,0.998046875
7169d7d854534447acb6acaec11592cf,1575457,0.9970703125
7169d7d854534447acb6acaec11592cf,1544609,0.99560546875
7169d7d854534447acb6acaec11592cf,1558552,0.99560546875
7169d7d854534447acb6acaec11592cf,1592973,0.99560546875
7169d7d854534447acb6acaec11592cf,1562866,0.9951171875
7169d7d854534447acb6acaec11592cf,1571820,0.9951171875
7169d7d854534447acb6acaec11592cf,1536605,0.99462890625
7169d7d854534447acb6acaec11592cf,1553850,0.994140625
7169d7d854534447acb6acaec11592cf,1567259,0.994140625
7169d7d854534447acb6acaec11592cf,1565915,0.99169921875
7169d7d854534447acb6acaec11592cf,1581143,0.98974609375
7169d7d854534447acb6acaec11592cf,1580597,0.98828125
7169d7d854534447acb6acaec11592cf,1589833,0.98681640625
7169d7d854534447acb6acaec11592cf,1556163,0.984375
7169d7d854534447acb6acaec11592cf,1579462,0.98193359375
7169d7d854534447acb6acaec11592cf,1544743,0.97216796875
7169d7d854534447acb6acaec11592cf,1585118,0.9228515625
7169d7d854534447acb6acaec11592cf,1591658,0.91259765625
7169d7d854534447acb6acaec11592cf,1546491,0.89013671875
7169d7d854534447acb6acaec11592cf,1594856,0.7900390625
4b36b46bda7f45ac8910f957a16690e1,1540956,0.99169921875
4b36b46bda7f45ac8910f957a16690e1,1600644,0.9814453125
4b36b46bda7f45ac8910f957a16690e1,1539652,0.97412109375
4b36b46bda7f45ac8910f957a16690e1,1545809,0.95849609375
4b36b46bda7f45ac8910f957a16690e1,1549201,0.95654296875
4b36b46bda7f45ac8910f957a16690e1,1573054,0.95654296875
4b36b46bda7f45ac8910f957a16690e1,1536696,0.94921875
4b36b46bda7f45ac8910f957a16690e1,1561199,0.9462890625
4b36b46bda7f45ac8910f957a16690e1,1571583,0.94580078125
4b36b46bda7f45ac8910f957a16690e1,1537749,0.9384765625
4b36b46bda7f45ac8910f957a16690e1,1562640,0.9091796875
4b36b46bda7f45ac8910f957a16690e1,1578067,0.9072265625
4b36b46bda7f45ac8910f957a16690e1,1556447,0.89892578125
4b36b46bda7f45ac8910f957a16690e1,1572791,0.896484375
4b36b46bda7f45ac8910f957a16690e1,1564125,0.87158203125
4b36b46bda7f45ac8910f957a16690e1,1556311,0.87060546875
4b36b46bda7f45ac8910f957a16690e1,1570372,0.45458984375
c7d9cae80d704292ba9a3d765924ed2b,1549626,0.98583984375
c7d9cae80d704292ba9a3d765924ed2b,1548375,0.97021484375
c7d9cae80d704292ba9a3d765924ed2b,1593507,0.9658203125
c7d9cae80d704292ba9a3d765924ed2b,1552747,0.94580078125
c7d9cae80d704292ba9a3d765924ed2b,1529011,0.9345703125
c7d9cae80d704292ba9a3d765924ed2b,1572003,0.91650390625
c7d9cae80d704292ba9a3d765924ed2b,1552406,0.8916015625
c7d9cae80d704292ba9a3d765924ed2b,1529552,0.8876953125
c7d9cae80d704292ba9a3d765924ed2b,1565626,0.8779296875
c7d9cae80d704292ba9a3d765924ed2b,1532380,0.869140625
c7d9cae80d704292ba9a3d765924ed2b,1590040,0.849609375
c7d9cae80d704292ba9a3d765924ed2b,1532667,0.84423828125
c7d9cae80d704292ba9a3d765924ed2b,1564116,0.83544921875
c7d9cae80d704292ba9a3d765924ed2b,1545031,0.814453125
c7d9cae80d704292ba9a3d765924ed2b,1533621,0.81396484375
c7d9cae80d704292ba9a3d765924ed2b,1583837,0.81396484375
c7d9cae80d704292ba9a3d765924ed2b,1589452,0.80615234375
c7d9cae80d704292ba9a3d765924ed2b,1545224,0.7958984375
c7d9cae80d704292ba9a3d765924ed2b,1550325,0.79248046875
c7d9cae80d704292ba9a3d765924ed2b,1573593,0.787109375
c7d9cae80d704292ba9a3d765924ed2b,1592915,0.7783203125
c7d9cae80d704292ba9a3d765924ed2b,1585583,0.76611328125
c7d9cae80d704292ba9a3d765924ed2b,1595873,0.76171875
c7d9cae80d704292ba9a3d765924ed2b,1573799,0.7216796875
c7d9cae80d704292ba9a3d765924ed2b,1555845,0.71630859375
c7d9cae80d704292ba9a3d765924ed2b,1535347,0.70556640625
c7d9cae80d704292ba9a3d765924ed2b,1556727,0.6220703125
c7d9cae80d704292ba9a3d765924ed2b,1536083,0.498291015625
c7d9cae80d704292ba9a3d765924ed2b,1558130,0.414306640625
c7d9cae80d704292ba9a3d765924ed2b,1566137,0.2568359375
c7d9cae80d704292ba9a3d765924ed2b,1562522,0.2076416015625
c7d9cae80d704292ba9a3d765924ed2b,1554652,0.16357421875
e3890a18676b4fd096d65d7d19358b7a,1536251,0.9970703125
e3890a18676b4fd096d65d7d19358b7a,1542111,0.99609375
e3890a18676b4fd096d65d7d19358b7a,1570024,0.99609375
e3890a18676b4fd096d65d7d19358b7a,1591016,0.99609375
e3890a18676b4fd096d65d7d19358b7a,1599265,0.99609375
e3890a18676b4fd096d65d7d19358b7a,1582562,0.99560546875
e3890a18676b4fd096d65d7d19358b7a,1586832,0.994140625
e3890a18676b4fd096d65d7d19358b7a,1577818,0.9921875
e3890a18676b4fd096d65d7d19358b7a,1590765,0.98974609375
e3890a18676b4fd096d65d7d19358b7a,1562339,0.98974609375
e3890a18676b4fd096d65d7d19358b7a,1548300,0.98828125
e3890a18676b4fd096d65d7d19358b7a,1539448,0.98681640625
e3890a18676b4fd096d65d7d19358b7a,1577218,0.98193359375
e3890a18676b4fd096d65d7d19358b7a,1527871,0.9716796875
c810cc8ce6704e7da382007374fbcbb5,1591533,0.98974609375
c810cc8ce6704e7da382007374fbcbb5,1555682,0.98388671875
c810cc8ce6704e7da382007374fbcbb5,1535382,0.98095703125
c810cc8ce6704e7da382007374fbcbb5,1533971,0.97705078125
c810cc8ce6704e7da382007374fbcbb5,1569230,0.974609375
c810cc8ce6704e7da382007374fbcbb5,1527618,0.96826171875
c810cc8ce6704e7da382007374fbcbb5,1575807,0.96533203125
c810cc8ce6704e7da382007374fbcbb5,1582133,0.9541015625
c810cc8ce6704e7da382007374fbcbb5,1567120,0.9384765625
c810cc8ce6704e7da382007374fbcbb5,1532774,0.92138671875
c810cc8ce6704e7da382007374fbcbb5,1543259,0.90966796875
c810cc8ce6704e7da382007374fbcbb5,1584500,0.8759765625
c810cc8ce6704e7da382007374fbcbb5,1559682,0.79736328125
c810cc8ce6704e7da382007374fbcbb5,1587507,0.79345703125
c810cc8ce6704e7da382007374fbcbb5,1562896,0.77880859375
c810cc8ce6704e7da382007374fbcbb5,1574034,0.716796875
c810cc8ce6704e7da382007374fbcbb5,1571553,0.57666015625
16e6bc484fab49fdbe8123d2d842fab8,1564000,0.99609375
16e6bc484fab49fdbe8123d2d842fab8,1548990,0.98974609375
16e6bc484fab49fdbe8123d2d842fab8,1560350,0.98974609375
16e6bc484fab49fdbe8123d2d842fab8,1544769,0.98388671875
16e6bc484fab49fdbe8123d2d842fab8,1559972,0.978515625
16e6bc484fab49fdbe8123d2d842fab8,1589474,0.96435546875
16e6bc484fab49fdbe8123d2d842fab8,1562896,0.95654296875
16e6bc484fab49fdbe8123d2d842fab8,1584159,0.955078125
16e6bc484fab49fdbe8123d2d842fab8,1543202,0.85009765625
16e6bc484fab49fdbe8123d2d842fab8,1582310,0.6484375
16e6bc484fab49fdbe8123d2d842fab8,1540670,0.568359375
16e6bc484fab49fdbe8123d2d842fab8,1556197,0.4892578125
16e6bc484fab49fdbe8123d2d842fab8,1584795,0.4873046875
16e6bc484fab49fdbe8123d2d842fab8,1574034,0.3798828125
16e6bc484fab49fdbe8123d2d842fab8,1575304,0.3115234375
16e6bc484fab49fdbe8123d2d842fab8,1600076,0.24560546875
16e6bc484fab49fdbe8123d2d842fab8,1562985,0.244873046875
16e6bc484fab49fdbe8123d2d842fab8,1538520,0.18896484375
16e6bc484fab49fdbe8123d2d842fab8,1538084,0.10321044921875
16e6bc484fab49fdbe8123d2d842fab8,1565064,0.0254669189453125
ad87c16c65364cdf899db6bde384efa9,1591533,0.9619140625
ad87c16c65364cdf899db6bde384efa9,1562886,0.94482421875
ad87c16c65364cdf899db6bde384efa9,1583932,0.9365234375
ad87c16c65364cdf899db6bde384efa9,1541800,0.92529296875
ad87c16c65364cdf899db6bde384efa9,1584795,0.849609375
ad87c16c65364cdf899db6bde384efa9,1595089,0.78662109375
ad87c16c65364cdf899db6bde384efa9,1527920,0.7822265625
ad87c16c65364cdf899db6bde384efa9,1567120,0.74169921875
ad87c16c65364cdf899db6bde384efa9,1554095,0.71533203125
ad87c16c65364cdf899db6bde384efa9,1556150,0.703125
ad87c16c65364cdf899db6bde384efa9,1593307,0.6123046875
ad87c16c65364cdf899db6bde384efa9,1565064,0.46875
ae0435dc4e86406dad548fcd648262c7,1595116,0.990234375
ae0435dc4e86406dad548fcd648262c7,1529239,0.9892578125
ae0435dc4e86406dad548fcd648262c7,1529755,0.98779296875
ae0435dc4e86406dad548fcd648262c7,1580430,0.98681640625
ae0435dc4e86406dad548fcd648262c7,1549657,0.98583984375
ae0435dc4e86406dad548fcd648262c7,1582702,0.98193359375
ae0435dc4e86406dad548fcd648262c7,1540930,0.95556640625
ae0435dc4e86406dad548fcd648262c7,1536720,0.9462890625
ae0435dc4e86406dad548fcd648262c7,1535407,0.89111328125
ae0435dc4e86406dad548fcd648262c7,1535680,0.888671875
ae0435dc4e86406dad548fcd648262c7,1575239,0.8662109375
ae0435dc4e86406dad548fcd648262c7,1535697,0.8642578125
ae0435dc4e86406dad548fcd648262c7,1527482,0.80029296875
ae0435dc4e86406dad548fcd648262c7,1550501,0.763671875
ae0435dc4e86406dad548fcd648262c7,1538711,0.65576171875
adfc9ad0c70f4834bdee61a4523cbde8,1545405,0.96044921875
adfc9ad0c70f4834bdee61a4523cbde8,1543286,0.93115234375
adfc9ad0c70f4834bdee61a4523cbde8,1582477,0.91748046875
adfc9ad0c70f4834bdee61a4523cbde8,1534205,0.89697265625
adfc9ad0c70f4834bdee61a4523cbde8,1539001,0.888671875
adfc9ad0c70f4834bdee61a4523cbde8,1582326,0.8623046875
adfc9ad0c70f4834bdee61a4523cbde8,1548904,0.85888671875
adfc9ad0c70f4834bdee61a4523cbde8,1553253,0.8427734375
adfc9ad0c70f4834bdee61a4523cbde8,1554556,0.83447265625
adfc9ad0c70f4834bdee61a4523cbde8,1534760,0.83349609375
adfc9ad0c70f4834bdee61a4523cbde8,1576425,0.75390625
adfc9ad0c70f4834bdee61a4523cbde8,1563558,0.744140625
adfc9ad0c70f4834bdee61a4523cbde8,1557733,0.73583984375
adfc9ad0c70f4834bdee61a4523cbde8,1590358,0.724609375
adfc9ad0c70f4834bdee61a4523cbde8,1571448,0.6708984375
adfc9ad0c70f4834bdee61a4523cbde8,1589818,0.6123046875
adfc9ad0c70f4834bdee61a4523cbde8,1581487,0.36181640625
adfc9ad0c70f4834bdee61a4523cbde8,1536816,0.2001953125
4ccd52174e364120a8bda6aeb89c6ee6,1582562,0.99755859375
4ccd52174e364120a8bda6aeb89c6ee6,1562339,0.99560546875
4ccd52174e364120a8bda6aeb89c6ee6,1559504,0.99462890625
4ccd52174e364120a8bda6aeb89c6ee6,1548300,0.98828125
4ccd52174e364120a8bda6aeb89c6ee6,1530581,0.98828125
4ccd52174e364120a8bda6aeb89c6ee6,1590765,0.9873046875
4ccd52174e364120a8bda6aeb89c6ee6,1527871,0.9833984375
4ccd52174e364120a8bda6aeb89c6ee6,1566419,0.9794921875
4ccd52174e364120a8bda6aeb89c6ee6,1542858,0.96142578125
4ccd52174e364120a8bda6aeb89c6ee6,1533257,0.92431640625
4ccd52174e364120a8bda6aeb89c6ee6,1548754,0.876953125
4ccd52174e364120a8bda6aeb89c6ee6,1600603,0.74755859375
4ccd52174e364120a8bda6aeb89c6ee6,1581112,0.73486328125
4ccd52174e364120a8bda6aeb89c6ee6,1567329,0.7236328125
4ccd52174e364120a8bda6aeb89c6ee6,1528828,0.59228515625
4ccd52174e364120a8bda6aeb89c6ee6,1588680,0.59033203125
07d8ebc540904fabbafac70a6de429b0,1597834,0.95458984375
07d8ebc540904fabbafac70a6de429b0,1574163,0.9267578125
07d8ebc540904fabbafac70a6de429b0,1572654,0.92041015625
07d8ebc540904fabbafac70a6de429b0,1587094,0.91845703125
07d8ebc540904fabbafac70a6de429b0,1547176,0.892578125
07d8ebc540904fabbafac70a6de429b0,1545719,0.79150390625
07d8ebc540904fabbafac70a6de429b0,1586187,0.79052734375
07d8ebc540904fabbafac70a6de429b0,1595540,0.7724609375
07d8ebc540904fabbafac70a6de429b0,1594554,0.6572265625
07d8ebc540904fabbafac70a6de429b0,1539076,0.599609375
07d8ebc540904fabbafac70a6de429b0,1528700,0.51318359375
07d8ebc540904fabbafac70a6de429b0,1589516,0.4140625
07d8ebc540904fabbafac70a6de429b0,1575769,0.40966796875
07d8ebc540904fabbafac70a6de429b0,1571466,0.394775390625
c75ff1d1a3d24d7c9e3fffa6a7720017,1576925,0.9580078125
c75ff1d1a3d24d7c9e3fffa6a7720017,1539664,0.95556640625
c75ff1d1a3d24d7c9e3fffa6a7720017,1600006,0.953125
c75ff1d1a3d24d7c9e3fffa6a7720017,1545405,0.93798828125
c75ff1d1a3d24d7c9e3fffa6a7720017,1564432,0.9150390625
c75ff1d1a3d24d7c9e3fffa6a7720017,1535174,0.90576171875
c75ff1d1a3d24d7c9e3fffa6a7720017,1595050,0.8896484375
c75ff1d1a3d24d7c9e3fffa6a7720017,1543286,0.8876953125
c75ff1d1a3d24d7c9e3fffa6a7720017,1577622,0.88720703125
c75ff1d1a3d24d7c9e3fffa6a7720017,1531250,0.8759765625
c75ff1d1a3d24d7c9e3fffa6a7720017,1551392,0.8662109375
c75ff1d1a3d24d7c9e3fffa6a7720017,1576332,0.85595703125
c75ff1d1a3d24d7c9e3fffa6a7720017,1575787,0.85498046875
c75ff1d1a3d24d7c9e3fffa6a7720017,1588526,0.8525390625
c75ff1d1a3d24d7c9e3fffa6a7720017,1540181,0.83349609375
c75ff1d1a3d24d7c9e3fffa6a7720017,1527609,0.8310546875
c75ff1d1a3d24d7c9e3fffa6a7720017,1561073,0.80322265625
c75ff1d1a3d24d7c9e3fffa6a7720017,1530171,0.76708984375
c75ff1d1a3d24d7c9e3fffa6a7720017,1534760,0.7578125
c75ff1d1a3d24d7c9e3fffa6a7720017,1560992,0.71923828125
c75ff1d1a3d24d7c9e3fffa6a7720017,1575300,0.71533203125
c75ff1d1a3d24d7c9e3fffa6a7720017,1591497,0.7109375
c75ff1d1a3d24d7c9e3fffa6a7720017,1576425,0.708984375
c75ff1d1a3d24d7c9e3fffa6a7720017,1533743,0.556640625
c75ff1d1a3d24d7c9e3fffa6a7720017,1589818,0.5478515625
c75ff1d1a3d24d7c9e3fffa6a7720017,1593023,0.51025390625
c75ff1d1a3d24d7c9e3fffa6a7720017,1581487,0.42236328125
c75ff1d1a3d24d7c9e3fffa6a7720017,1543878,0.334716796875
c75ff1d1a3d24d7c9e3fffa6a7720017,1587945,0.29541015625
c75ff1d1a3d24d7c9e3fffa6a7720017,1546381,0.1104736328125
c75ff1d1a3d24d7c9e3fffa6a7720017,1586863,0.08123779296875
3b68a1ef896d4927ae69e6e6dd3b47e0,1566162,0.9921875
3b68a1ef896d4927ae69e6e6dd3b47e0,1583585,0.9912109375
3b68a1ef896d4927ae69e6e6dd3b47e0,1551325,0.98583984375
3b68a1ef896d4927ae69e6e6dd3b47e0,1562366,0.978515625
3b68a1ef896d4927ae69e6e6dd3b47e0,1590921,0.96728515625
3b68a1ef896d4927ae69e6e6dd3b47e0,1544713,0.96240234375
3b68a1ef896d4927ae69e6e6dd3b47e0,1593640,0.96044921875
3b68a1ef896d4927ae69e6e6dd3b47e0,1540408,0.953125
3b68a1ef896d4927ae69e6e6dd3b47e0,1529138,0.943359375
3b68a1ef896d4927ae69e6e6dd3b47e0,1586091,0.90576171875
3b68a1ef896d4927ae69e6e6dd3b47e0,1556645,0.88037109375
3b68a1ef896d4927ae69e6e6dd3b47e0,1582520,0.87548828125
3b68a1ef896d4927ae69e6e6dd3b47e0,1535222,0.81689453125
3b68a1ef896d4927ae69e6e6dd3b47e0,1575912,0.8017578125
3b68a1ef896d4927ae69e6e6dd3b47e0,1534871,0.77978515625
3b68a1ef896d4927ae69e6e6dd3b47e0,1573625,0.76904296875
3b68a1ef896d4927ae69e6e6dd3b47e0,1541079,0.73095703125
3b68a1ef896d4927ae69e6e6dd3b47e0,1583750,0.61083984375
3b68a1ef896d4927ae69e6e6dd3b47e0,1595555,0.60205078125
3b68a1ef896d4927ae69e6e6dd3b47e0,1557216,0.405517578125
3b68a1ef896d4927ae69e6e6dd3b47e0,1598267,0.2125244140625
3b68a1ef896d4927ae69e6e6dd3b47e0,1549769,0.1163330078125
3b68a1ef896d4927ae69e6e6dd3b47e0,1541662,0.11163330078125
f8680c387ae348b890eaf03ca8cce32d,1574347,0.98876953125
f8680c387ae348b890eaf03ca8cce32d,1528859,0.98291015625
f8680c387ae348b890eaf03ca8cce32d,1586859,0.97998046875
f8680c387ae348b890eaf03ca8cce32d,1537283,0.97900390625
f8680c387ae348b890eaf03ca8cce32d,1538134,0.97705078125
f8680c387ae348b890eaf03ca8cce32d,1535403,0.95947265625
f8680c387ae348b890eaf03ca8cce32d,1543388,0.9375
f8680c387ae348b890eaf03ca8cce32d,1546201,0.92578125
f8680c387ae348b890eaf03ca8cce32d,1571827,0.90087890625
f8680c387ae348b890eaf03ca8cce32d,1589259,0.85888671875
f8680c387ae348b890eaf03ca8cce32d,1550523,0.78369140625
f8680c387ae348b890eaf03ca8cce32d,1589367,0.72265625
f8680c387ae348b890eaf03ca8cce32d,1535944,0.70556640625
f8680c387ae348b890eaf03ca8cce32d,1588269,0.68603515625
f8680c387ae348b890eaf03ca8cce32d,1533829,0.418212890625
f8680c387ae348b890eaf03ca8cce32d,1568745,0.342529296875
f8680c387ae348b890eaf03ca8cce32d,1549832,0.1951904296875
6c07bce2b48f4ea8b51c7b244a496be9,1584568,0.96435546875
6c07bce2b48f4ea8b51c7b244a496be9,1580973,0.9365234375
6c07bce2b48f4ea8b51c7b244a496be9,1564116,0.8623046875
6c07bce2b48f4ea8b51c7b244a496be9,1563212,0.86083984375
6c07bce2b48f4ea8b51c7b244a496be9,1595751,0.845703125
6c07bce2b48f4ea8b51c7b244a496be9,1562423,0.84375
6c07bce2b48f4ea8b51c7b244a496be9,1552747,0.76220703125
6c07bce2b48f4ea8b51c7b244a496be9,1557201,0.72607421875
6c07bce2b48f4ea8b51c7b244a496be9,1593539,0.7255859375
6c07bce2b48f4ea8b51c7b244a496be9,1585583,0.703125
6c07bce2b48f4ea8b51c7b244a496be9,1592915,0.66650390625
6c07bce2b48f4ea8b51c7b244a496be9,1573761,0.658203125
6c07bce2b48f4ea8b51c7b244a496be9,1578606,0.544921875
6c07bce2b48f4ea8b51c7b244a496be9,1573154,0.5380859375
6c07bce2b48f4ea8b51c7b244a496be9,1572274,0.23828125
6c07bce2b48f4ea8b51c7b244a496be9,1586937,0.197021484375
6c07bce2b48f4ea8b51c7b244a496be9,1558130,0.0699462890625
911493608e474699b26fdee1e85b8a52,1549438,0.97412109375
911493608e474699b26fdee1e85b8a52,1543226,0.94287109375
911493608e474699b26fdee1e85b8a52,1542634,0.92626953125
911493608e474699b26fdee1e85b8a52,1544490,0.884765625
911493608e474699b26fdee1e85b8a52,1571115,0.8642578125
911493608e474699b26fdee1e85b8a52,1588398,0.8525390625
911493608e474699b26fdee1e85b8a52,1575673,0.84912109375
911493608e474699b26fdee1e85b8a52,1599311,0.83984375
911493608e474699b26fdee1e85b8a52,1562447,0.8349609375
911493608e474699b26fdee1e85b8a52,1543891,0.80029296875
911493608e474699b26fdee1e85b8a52,1586243,0.78369140625
911493608e474699b26fdee1e85b8a52,1541074,0.72705078125
911493608e474699b26fdee1e85b8a52,1544344,0.71533203125
911493608e474699b26fdee1e85b8a52,1538167,0.5361328125
911493608e474699b26fdee1e85b8a52,1550283,0.445556640625
b8f53d9634324fd19d1e038e9c56d5b8,1571595,0.990234375
b8f53d9634324fd19d1e038e9c56d5b8,1548158,0.9716796875
b8f53d9634324fd19d1e038e9c56d5b8,1593804,0.966796875
b8f53d9634324fd19d1e038e9c56d5b8,1578501,0.9560546875
b8f53d9634324fd19d1e038e9c56d5b8,1552180,0.9482421875
b8f53d9634324fd19d1e038e9c56d5b8,1572928,0.92578125
b8f53d9634324fd19d1e038e9c56d5b8,1549418,0.90576171875
b8f53d9634324fd19d1e038e9c56d5b8,1599469,0.75830078125
b8f53d9634324fd19d1e038e9c56d5b8,1546562,0.712890625
b8f53d9634324fd19d1e038e9c56d5b8,1549628,0.591796875
b8f53d9634324fd19d1e038e9c56d5b8,1575379,0.56884765625
b8f53d9634324fd19d1e038e9c56d5b8,1589942,0.56494140625
b8f53d9634324fd19d1e038e9c56d5b8,1547440,0.48291015625
8631596e14bb4f87a34f5a357bfa0a57,1578414,0.98779296875
8631596e14bb4f87a34f5a357bfa0a57,1535382,0.98681640625
8631596e14bb4f87a34f5a357bfa0a57,1577385,0.978515625
8631596e14bb4f87a34f5a357bfa0a57,1534675,0.96728515625
8631596e14bb4f87a34f5a357bfa0a57,1573137,0.96142578125
8631596e14bb4f87a34f5a357bfa0a57,1562501,0.96044921875
8631596e14bb4f87a34f5a357bfa0a57,1572708,0.9580078125
8631596e14bb4f87a34f5a357bfa0a57,1574808,0.9423828125
8631596e14bb4f87a34f5a357bfa0a57,1589872,0.93994140625
8631596e14bb4f87a34f5a357bfa0a57,1550078,0.91845703125
8631596e14bb4f87a34f5a357bfa0a57,1559682,0.82080078125
8631596e14bb4f87a34f5a357bfa0a57,1584500,0.80224609375
8631596e14bb4f87a34f5a357bfa0a57,1535401,0.79541015625
8631596e14bb4f87a34f5a357bfa0a57,1553917,0.7041015625
8631596e14bb4f87a34f5a357bfa0a57,1571553,0.63671875
8631596e14bb4f87a34f5a357bfa0a57,1591037,0.419921875
8631596e14bb4f87a34f5a357bfa0a57,1552251,0.350830078125
ad87d7f13e3b451080ca825b71423717,1572270,0.994140625
ad87d7f13e3b451080ca825b71423717,1594534,0.98388671875
ad87d7f13e3b451080ca825b71423717,1589872,0.9833984375
ad87d7f13e3b451080ca825b71423717,1560461,0.9833984375
ad87d7f13e3b451080ca825b71423717,1563854,0.9814453125
ad87d7f13e3b451080ca825b71423717,1548435,0.97998046875
ad87d7f13e3b451080ca825b71423717,1591533,0.97998046875
ad87d7f13e3b451080ca825b71423717,1597043,0.955078125
ad87d7f13e3b451080ca825b71423717,1583932,0.95458984375
ad87d7f13e3b451080ca825b71423717,1588854,0.93994140625
ad87d7f13e3b451080ca825b71423717,1594433,0.716796875
ad87d7f13e3b451080ca825b71423717,1552251,0.59033203125
ad87d7f13e3b451080ca825b71423717,1572245,0.57958984375
ad87d7f13e3b451080ca825b71423717,1565064,0.55810546875
b15b3e35d543476ba7868e68b71a86be,1542681,0.986328125
b15b3e35d543476ba7868e68b71a86be,1540297,0.97412109375
b15b3e35d543476ba7868e68b71a86be,1551373,0.9736328125
b15b3e35d543476ba7868e68b71a86be,1554482,0.9697265625
b15b3e35d543476ba7868e68b71a86be,1541992,0.96923828125
b15b3e35d543476ba7868e68b71a86be,1538764,0.96826171875
b15b3e35d543476ba7868e68b71a86be,1543851,0.9609375
b15b3e35d543476ba7868e68b71a86be,1578087,0.95947265625
b15b3e35d543476ba7868e68b71a86be,1594534,0.95751953125
b15b3e35d543476ba7868e68b71a86be,1588367,0.95654296875
b15b3e35d543476ba7868e68b71a86be,1568525,0.9541015625
b15b3e35d543476ba7868e68b71a86be,1572708,0.90869140625
b15b3e35d543476ba7868e68b71a86be,1568324,0.90185546875
b15b3e35d543476ba7868e68b71a86be,1534200,0.89404296875
b15b3e35d543476ba7868e68b71a86be,1553894,0.89306640625
b15b3e35d543476ba7868e68b71a86be,1579707,0.7392578125
b15b3e35d543476ba7868e68b71a86be,1528268,0.7099609375
b15b3e35d543476ba7868e68b71a86be,1553917,0.681640625
b15b3e35d543476ba7868e68b71a86be,1545472,0.6533203125
b15b3e35d543476ba7868e68b71a86be,1550085,0.408203125
7ba8aa124fcb41cb80b5311381c3d1ec,1561426,0.74365234375
7ba8aa124fcb41cb80b5311381c3d1ec,1595120,0.66259765625
7ba8aa124fcb41cb80b5311381c3d1ec,1561820,0.607421875
7ba8aa124fcb41cb80b5311381c3d1ec,1585584,0.6025390625
7ba8aa124fcb41cb80b5311381c3d1ec,1595540,0.59228515625
7ba8aa124fcb41cb80b5311381c3d1ec,1598488,0.5654296875
7ba8aa124fcb41cb80b5311381c3d1ec,1555842,0.509765625
7ba8aa124fcb41cb80b5311381c3d1ec,1542494,0.494384765625
7ba8aa124fcb41cb80b5311381c3d1ec,1554676,0.452392578125
7ba8aa124fcb41cb80b5311381c3d1ec,1546096,0.43359375
7ba8aa124fcb41cb80b5311381c3d1ec,1543532,0.347412109375
7ba8aa124fcb41cb80b5311381c3d1ec,1574443,0.34619140625
7ba8aa124fcb41cb80b5311381c3d1ec,1573282,0.13525390625
7ba8aa124fcb41cb80b5311381c3d1ec,1575769,0.0867919921875
7ba8aa124fcb41cb80b5311381c3d1ec,1590835,0.0014209747314453
7e4e5fcecc204909b0ce84edda9f46db,1552876,0.98828125
7e4e5fcecc204909b0ce84edda9f46db,1540713,0.97216796875
7e4e5fcecc204909b0ce84edda9f46db,1580829,0.97119140625
7e4e5fcecc204909b0ce84edda9f46db,1573589,0.96533203125
7e4e5fcecc204909b0ce84edda9f46db,1542496,0.96484375
7e4e5fcecc204909b0ce84edda9f46db,1527946,0.9638671875
7e4e5fcecc204909b0ce84edda9f46db,1591584,0.95703125
7e4e5fcecc204909b0ce84edda9f46db,1570848,0.943359375
7e4e5fcecc204909b0ce84edda9f46db,1556170,0.90576171875
7e4e5fcecc204909b0ce84edda9f46db,1539392,0.8818359375
7e4e5fcecc204909b0ce84edda9f46db,1568871,0.8701171875
7e4e5fcecc204909b0ce84edda9f46db,1564784,0.865234375
7e4e5fcecc204909b0ce84edda9f46db,1548254,0.8505859375
7e4e5fcecc204909b0ce84edda9f46db,1549568,0.845703125
7e4e5fcecc204909b0ce84edda9f46db,1544710,0.8447265625
7e4e5fcecc204909b0ce84edda9f46db,1594939,0.82666015625
7e4e5fcecc204909b0ce84edda9f46db,1550340,0.79345703125
7e4e5fcecc204909b0ce84edda9f46db,1569632,0.7021484375
7e4e5fcecc204909b0ce84edda9f46db,1531046,0.280517578125
33f87c54e7f741a399cbd48c392258a1,1534637,0.98974609375
33f87c54e7f741a399cbd48c392258a1,1571852,0.98974609375
33f87c54e7f741a399cbd48c392258a1,1535587,0.98583984375
33f87c54e7f741a399cbd48c392258a1,1551725,0.98583984375
33f87c54e7f741a399cbd48c392258a1,1548158,0.98486328125
33f87c54e7f741a399cbd48c392258a1,1583302,0.98486328125
33f87c54e7f741a399cbd48c392258a1,1578501,0.9833984375
33f87c54e7f741a399cbd48c392258a1,1571051,0.98046875
33f87c54e7f741a399cbd48c392258a1,1561225,0.978515625
33f87c54e7f741a399cbd48c392258a1,1581647,0.97216796875
33f87c54e7f741a399cbd48c392258a1,1598041,0.9716796875
33f87c54e7f741a399cbd48c392258a1,1569594,0.96826171875
33f87c54e7f741a399cbd48c392258a1,1591180,0.95166015625
33f87c54e7f741a399cbd48c392258a1,1528385,0.947265625
33f87c54e7f741a399cbd48c392258a1,1581212,0.921875
33f87c54e7f741a399cbd48c392258a1,1562164,0.8916015625
33f87c54e7f741a399cbd48c392258a1,1539356,0.88525390625
33f87c54e7f741a399cbd48c392258a1,1591431,0.8828125
33f87c54e7f741a399cbd48c392258a1,1596468,0.8818359375
33f87c54e7f741a399cbd48c392258a1,1598137,0.8408203125
33f87c54e7f741a399cbd48c392258a1,1572429,0.76220703125
33f87c54e7f741a399cbd48c392258a1,1540413,0.72802734375
33f87c54e7f741a399cbd48c392258a1,1548159,0.6943359375
33f87c54e7f741a399cbd48c392258a1,1549627,0.54736328125
33f87c54e7f741a399cbd48c392258a1,1575522,0.1373291015625
047c4a6dda1d4b0aae48f38f43834375,1591007,0.97998046875
047c4a6dda1d4b0aae48f38f43834375,1550916,0.951171875
047c4a6dda1d4b0aae48f38f43834375,1563269,0.921875
047c4a6dda1d4b0aae48f38f43834375,1545763,0.82861328125
047c4a6dda1d4b0aae48f38f43834375,1562754,0.8271484375
047c4a6dda1d4b0aae48f38f43834375,1572288,0.798828125
047c4a6dda1d4b0aae48f38f43834375,1574220,0.7802734375
047c4a6dda1d4b0aae48f38f43834375,1548425,0.7626953125
047c4a6dda1d4b0aae48f38f43834375,1558727,0.73681640625
047c4a6dda1d4b0aae48f38f43834375,1533380,0.72509765625
047c4a6dda1d4b0aae48f38f43834375,1547066,0.447998046875
047c4a6dda1d4b0aae48f38f43834375,1548567,0.335205078125
047c4a6dda1d4b0aae48f38f43834375,1586683,0.17626953125
047c4a6dda1d4b0aae48f38f43834375,1580357,0.13671875
05cfcebebe594281a6dc6874e852aad1,1577482,0.99072265625
05cfcebebe594281a6dc6874e852aad1,1532740,0.9892578125
05cfcebebe594281a6dc6874e852aad1,1553918,0.98681640625
05cfcebebe594281a6dc6874e852aad1,1541072,0.98095703125
05cfcebebe594281a6dc6874e852aad1,1563222,0.97900390625
05cfcebebe594281a6dc6874e852aad1,1550899,0.96337890625
05cfcebebe594281a6dc6874e852aad1,1562870,0.96142578125
05cfcebebe594281a6dc6874e852aad1,1540747,0.96044921875
05cfcebebe594281a6dc6874e852aad1,1583674,0.95703125
05cfcebebe594281a6dc6874e852aad1,1558215,0.9541015625
05cfcebebe594281a6dc6874e852aad1,1566588,0.951171875
05cfcebebe594281a6dc6874e852aad1,1545901,0.923828125
05cfcebebe594281a6dc6874e852aad1,1531987,0.76416015625
05cfcebebe594281a6dc6874e852aad1,1572901,0.703125
05cfcebebe594281a6dc6874e852aad1,1549097,0.693359375
05cfcebebe594281a6dc6874e852aad1,1573686,0.638671875
05cfcebebe594281a6dc6874e852aad1,1537925,0.464111328125
05cfcebebe594281a6dc6874e852aad1,1571985,0.373291015625
8e6ce497b77a4a36a277fd29cf154858,1542681,0.99072265625
8e6ce497b77a4a36a277fd29cf154858,1584095,0.98486328125
8e6ce497b77a4a36a277fd29cf154858,1563488,0.9697265625
8e6ce497b77a4a36a277fd29cf154858,1555682,0.96875
8e6ce497b77a4a36a277fd29cf154858,1563944,0.96435546875
8e6ce497b77a4a36a277fd29cf154858,1567075,0.9560546875
8e6ce497b77a4a36a277fd29cf154858,1567583,0.90625
8e6ce497b77a4a36a277fd29cf154858,1554109,0.88818359375
8e6ce497b77a4a36a277fd29cf154858,1543259,0.88671875
8e6ce497b77a4a36a277fd29cf154858,1532220,0.6884765625
8e6ce497b77a4a36a277fd29cf154858,1536101,0.66162109375
2d98ea785c8a41d9b5e19675109b3954,1536338,0.99462890625
2d98ea785c8a41d9b5e19675109b3954,1595995,0.9921875
2d98ea785c8a41d9b5e19675109b3954,1531567,0.99169921875
2d98ea785c8a41d9b5e19675109b3954,1566475,0.98974609375
2d98ea785c8a41d9b5e19675109b3954,1536195,0.98828125
2d98ea785c8a41d9b5e19675109b3954,1562397,0.98828125
2d98ea785c8a41d9b5e19675109b3954,1597389,0.97314453125
2d98ea785c8a41d9b5e19675109b3954,1544247,0.96630859375
2d98ea785c8a41d9b5e19675109b3954,1537637,0.95849609375
2d98ea785c8a41d9b5e19675109b3954,1545057,0.95703125
2d98ea785c8a41d9b5e19675109b3954,1578655,0.9150390625
2d98ea785c8a41d9b5e19675109b3954,1588865,0.91357421875
2d98ea785c8a41d9b5e19675109b3954,1599744,0.90576171875
2d98ea785c8a41d9b5e19675109b3954,1554457,0.89501953125
2d98ea785c8a41d9b5e19675109b3954,1573830,0.83203125
2d98ea785c8a41d9b5e19675109b3954,1545017,0.73046875
2d98ea785c8a41d9b5e19675109b3954,1529928,0.56396484375
8b41393b821440909d65200d8addada3,1551725,0.9931640625
8b41393b821440909d65200d8addada3,1554244,0.99169921875
8b41393b821440909d65200d8addada3,1598041,0.99169921875
8b41393b821440909d65200d8addada3,1578501,0.990234375
8b41393b821440909d65200d8addada3,1581212,0.98876953125
8b41393b821440909d65200d8addada3,1564008,0.98681640625
8b41393b821440909d65200d8addada3,1596468,0.98046875
8b41393b821440909d65200d8addada3,1562164,0.97900390625
8b41393b821440909d65200d8addada3,1549888,0.9775390625
8b41393b821440909d65200d8addada3,1574766,0.97509765625
8b41393b821440909d65200d8addada3,1576324,0.9697265625
8b41393b821440909d65200d8addada3,1532705,0.96826171875
8b41393b821440909d65200d8addada3,1589449,0.955078125
8b41393b821440909d65200d8addada3,1554573,0.955078125
8b41393b821440909d65200d8addada3,1571051,0.955078125
8b41393b821440909d65200d8addada3,1549405,0.94677734375
8b41393b821440909d65200d8addada3,1593063,0.94384765625
8b41393b821440909d65200d8addada3,1564833,0.90234375
8b41393b821440909d65200d8addada3,1531321,0.869140625
8b41393b821440909d65200d8addada3,1548159,0.81494140625
8b41393b821440909d65200d8addada3,1569584,0.72021484375
8b41393b821440909d65200d8addada3,1553148,0.716796875
8b41393b821440909d65200d8addada3,1597217,0.55517578125
8cc360bfb6a84ff2a484847ea3d7a9b3,1533037,0.96923828125
8cc360bfb6a84ff2a484847ea3d7a9b3,1575168,0.96240234375
8cc360bfb6a84ff2a484847ea3d7a9b3,1549978,0.96142578125
8cc360bfb6a84ff2a484847ea3d7a9b3,1569131,0.93115234375
8cc360bfb6a84ff2a484847ea3d7a9b3,1545407,0.91796875
8cc360bfb6a84ff2a484847ea3d7a9b3,1574346,0.91357421875
8cc360bfb6a84ff2a484847ea3d7a9b3,1575630,0.8623046875
8cc360bfb6a84ff2a484847ea3d7a9b3,1577603,0.84130859375
8cc360bfb6a84ff2a484847ea3d7a9b3,1575108,0.81494140625
8cc360bfb6a84ff2a484847ea3d7a9b3,1549237,0.79296875
8cc360bfb6a84ff2a484847ea3d7a9b3,1567311,0.693359375
8cc360bfb6a84ff2a484847ea3d7a9b3,1546155,0.638671875
8cc360bfb6a84ff2a484847ea3d7a9b3,1545269,0.603515625
8cc360bfb6a84ff2a484847ea3d7a9b3,1543307,0.49951171875
8cc360bfb6a84ff2a484847ea3d7a9b3,1550884,0.482421875
8cc360bfb6a84ff2a484847ea3d7a9b3,1561746,0.451904296875
8cc360bfb6a84ff2a484847ea3d7a9b3,1556686,0.421142578125
8cc360bfb6a84ff2a484847ea3d7a9b3,1527566,0.32470703125
8cc360bfb6a84ff2a484847ea3d7a9b3,1538912,0.31689453125
8cc360bfb6a84ff2a484847ea3d7a9b3,1597834,0.296142578125
8cc360bfb6a84ff2a484847ea3d7a9b3,1561193,0.2000732421875
f4116ed6714740729a4035c40f602efd,1535312,0.96435546875
f4116ed6714740729a4035c40f602efd,1568411,0.9638671875
f4116ed6714740729a4035c40f602efd,1538710,0.96044921875
f4116ed6714740729a4035c40f602efd,1574918,0.96044921875
f4116ed6714740729a4035c40f602efd,1548515,0.9599609375
f4116ed6714740729a4035c40f602efd,1584600,0.9541015625
f4116ed6714740729a4035c40f602efd,1540735,0.95166015625
f4116ed6714740729a4035c40f602efd,1567163,0.95166015625
f4116ed6714740729a4035c40f602efd,1588319,0.939453125
f4116ed6714740729a4035c40f602efd,1598517,0.93603515625
f4116ed6714740729a4035c40f602efd,1572452,0.93115234375
f4116ed6714740729a4035c40f602efd,1593525,0.89892578125
f4116ed6714740729a4035c40f602efd,1535347,0.88623046875
f4116ed6714740729a4035c40f602efd,1598103,0.8828125
f4116ed6714740729a4035c40f602efd,1536748,0.85791015625
a47f0b9d3cc54d2da61f3b87d46fe2d3,1552388,0.9970703125
a47f0b9d3cc54d2da61f3b87d46fe2d3,1575457,0.9970703125
a47f0b9d3cc54d2da61f3b87d46fe2d3,1530635,0.99658203125
a47f0b9d3cc54d2da61f3b87d46fe2d3,1545181,0.99658203125
a47f0b9d3cc54d2da61f3b87d46fe2d3,1566136,0.99609375
a47f0b9d3cc54d2da61f3b87d46fe2d3,1556163,0.9931640625
a47f0b9d3cc54d2da61f3b87d46fe2d3,1553850,0.9921875
a47f0b9d3cc54d2da61f3b87d46fe2d3,1598535,0.9912109375
a47f0b9d3cc54d2da61f3b87d46fe2d3,1539612,0.98828125
a47f0b9d3cc54d2da61f3b87d46fe2d3,1571820,0.986328125
a47f0b9d3cc54d2da61f3b87d46fe2d3,1529114,0.9853515625
a47f0b9d3cc54d2da61f3b87d46fe2d3,1549956,0.9658203125
a47f0b9d3cc54d2da61f3b87d46fe2d3,1591781,0.95361328125
a47f0b9d3cc54d2da61f3b87d46fe2d3,1542071,0.943359375
a47f0b9d3cc54d2da61f3b87d46fe2d3,1585118,0.94287109375
a47f0b9d3cc54d2da61f3b87d46fe2d3,1594856,0.80322265625
01e5f2abd3314b0aa355f2e8704e44c9,1589728,0.97119140625
01e5f2abd3314b0aa355f2e8704e44c9,1584527,0.95947265625
01e5f2abd3314b0aa355f2e8704e44c9,1564546,0.95458984375
01e5f2abd3314b0aa355f2e8704e44c9,1594771,0.92919921875
01e5f2abd3314b0aa355f2e8704e44c9,1597322,0.91015625
01e5f2abd3314b0aa355f2e8704e44c9,1600761,0.81982421875
01e5f2abd3314b0aa355f2e8704e44c9,1600817,0.80908203125
01e5f2abd3314b0aa355f2e8704e44c9,1588854,0.78271484375
01e5f2abd3314b0aa355f2e8704e44c9,1549664,0.72265625
01e5f2abd3314b0aa355f2e8704e44c9,1595089,0.71630859375
01e5f2abd3314b0aa355f2e8704e44c9,1593307,0.68017578125
01e5f2abd3314b0aa355f2e8704e44c9,1591541,0.3369140625
2da4e700402f44d5a89a61f4ba8be09b,1570322,0.99560546875
2da4e700402f44d5a89a61f4ba8be09b,1537136,0.9921875
2da4e700402f44d5a89a61f4ba8be09b,1568000,0.98388671875
2da4e700402f44d5a89a61f4ba8be09b,1549950,0.9755859375
2da4e700402f44d5a89a61f4ba8be09b,1570148,0.9736328125
2da4e700402f44d5a89a61f4ba8be09b,1567025,0.9716796875
2da4e700402f44d5a89a61f4ba8be09b,1591877,0.96923828125
2da4e700402f44d5a89a61f4ba8be09b,1539370,0.9560546875
2da4e700402f44d5a89a61f4ba8be09b,1534755,0.91748046875
2da4e700402f44d5a89a61f4ba8be09b,1583579,0.8798828125
2da4e700402f44d5a89a61f4ba8be09b,1572712,0.7880859375
2da4e700402f44d5a89a61f4ba8be09b,1547009,0.76171875
2da4e700402f44d5a89a61f4ba8be09b,1582071,0.7236328125
8c29154c026541b8bfe372cc12d351a1,1564546,0.95263671875
8c29154c026541b8bfe372cc12d351a1,1545809,0.94921875
8c29154c026541b8bfe372cc12d351a1,1527920,0.93994140625
8c29154c026541b8bfe372cc12d351a1,1532533,0.91455078125
8c29154c026541b8bfe372cc12d351a1,1531837,0.91162109375
8c29154c026541b8bfe372cc12d351a1,1590137,0.9033203125
8c29154c026541b8bfe372cc12d351a1,1561422,0.88671875
8c29154c026541b8bfe372cc12d351a1,1600732,0.853515625
8c29154c026541b8bfe372cc12d351a1,1536696,0.84033203125
8c29154c026541b8bfe372cc12d351a1,1571460,0.81201171875
8c29154c026541b8bfe372cc12d351a1,1556447,0.7900390625
8c29154c026541b8bfe372cc12d351a1,1594433,0.69091796875
8c29154c026541b8bfe372cc12d351a1,1559053,0.68505859375
8c29154c026541b8bfe372cc12d351a1,1558135,0.53857421875
8c29154c026541b8bfe372cc12d351a1,1583716,0.496337890625
8c29154c026541b8bfe372cc12d351a1,1542967,0.375244140625
8c29154c026541b8bfe372cc12d351a1,1575304,0.291259765625
3ea8b9319e994dabb6d3ccc2add58673,1565176,0.9951171875
3ea8b9319e994dabb6d3ccc2add58673,1591416,0.9951171875
3ea8b9319e994dabb6d3ccc2add58673,1565546,0.99365234375
3ea8b9319e994dabb6d3ccc2add58673,1535192,0.99072265625
3ea8b9319e994dabb6d3ccc2add58673,1578653,0.990234375
3ea8b9319e994dabb6d3ccc2add58673,1587778,0.98828125
3ea8b9319e994dabb6d3ccc2add58673,1530659,0.98779296875
3ea8b9319e994dabb6d3ccc2add58673,1591699,0.9873046875
3ea8b9319e994dabb6d3ccc2add58673,1557169,0.986328125
3ea8b9319e994dabb6d3ccc2add58673,1559900,0.970703125
3ea8b9319e994dabb6d3ccc2add58673,1544300,0.96044921875
3ea8b9319e994dabb6d3ccc2add58673,1559972,0.95458984375
3ea8b9319e994dabb6d3ccc2add58673,1592847,0.93701171875
3ea8b9319e994dabb6d3ccc2add58673,1574722,0.908203125
3ea8b9319e994dabb6d3ccc2add58673,1545694,0.88037109375
3ea8b9319e994dabb6d3ccc2add58673,1534624,0.873046875
3ea8b9319e994dabb6d3ccc2add58673,1572250,0.84228515625
3ea8b9319e994dabb6d3ccc2add58673,1534516,0.798828125
3ea8b9319e994dabb6d3ccc2add58673,1540538,0.61669921875
3ea8b9319e994dabb6d3ccc2add58673,1546518,0.5986328125
3ea8b9319e994dabb6d3ccc2add58673,1533971,0.1409912109375
fcc3087f9a1a41b8818d8dbb965e4f03,1589449,0.96337890625
fcc3087f9a1a41b8818d8dbb965e4f03,1578507,0.96142578125
fcc3087f9a1a41b8818d8dbb965e4f03,1530396,0.95654296875
fcc3087f9a1a41b8818d8dbb965e4f03,1550455,0.955078125
fcc3087f9a1a41b8818d8dbb965e4f03,1581212,0.9462890625
fcc3087f9a1a41b8818d8dbb965e4f03,1566764,0.94189453125
fcc3087f9a1a41b8818d8dbb965e4f03,1574760,0.91650390625
fcc3087f9a1a41b8818d8dbb965e4f03,1596468,0.88037109375
fcc3087f9a1a41b8818d8dbb965e4f03,1595038,0.83935546875
fcc3087f9a1a41b8818d8dbb965e4f03,1578501,0.78857421875
fcc3087f9a1a41b8818d8dbb965e4f03,1591431,0.78173828125
fcc3087f9a1a41b8818d8dbb965e4f03,1581647,0.74755859375
fcc3087f9a1a41b8818d8dbb965e4f03,1533006,0.69482421875
fcc3087f9a1a41b8818d8dbb965e4f03,1535230,0.673828125
c0d837b580824488b3a887ffe9cf52e1,1587795,0.98876953125
c0d837b580824488b3a887ffe9cf52e1,1556092,0.98779296875
c0d837b580824488b3a887ffe9cf52e1,1575263,0.98095703125
c0d837b580824488b3a887ffe9cf52e1,1544474,0.974609375
c0d837b580824488b3a887ffe9cf52e1,1547994,0.9619140625
c0d837b580824488b3a887ffe9cf52e1,1570390,0.96142578125
c0d837b580824488b3a887ffe9cf52e1,1549605,0.95849609375
c0d837b580824488b3a887ffe9cf52e1,1585002,0.94287109375
c0d837b580824488b3a887ffe9cf52e1,1546565,0.92578125
c0d837b580824488b3a887ffe9cf52e1,1568317,0.92431640625
c0d837b580824488b3a887ffe9cf52e1,1563146,0.86279296875
c0d837b580824488b3a887ffe9cf52e1,1532641,0.5283203125
c0d837b580824488b3a887ffe9cf52e1,1565821,0.129150390625
4d7807f35c7a4f81a76ede5e50e19eb7,1570024,0.998046875
4d7807f35c7a4f81a76ede5e50e19eb7,1590110,0.99755859375
4d7807f35c7a4f81a76ede5e50e19eb7,1586832,0.99658203125
4d7807f35c7a4f81a76ede5e50e19eb7,1562339,0.99560546875
4d7807f35c7a4f81a76ede5e50e19eb7,1527871,0.994140625
4d7807f35c7a4f81a76ede5e50e19eb7,1539448,0.9921875
4d7807f35c7a4f81a76ede5e50e19eb7,1564847,0.990234375
4d7807f35c7a4f81a76ede5e50e19eb7,1567337,0.98828125
4d7807f35c7a4f81a76ede5e50e19eb7,1590765,0.98681640625
4d7807f35c7a4f81a76ede5e50e19eb7,1595585,0.98583984375
4d7807f35c7a4f81a76ede5e50e19eb7,1588997,0.7255859375
4d7807f35c7a4f81a76ede5e50e19eb7,1594714,0.59765625
b0cf75cad1ba45118ebdf6c92394d7cf,1535192,0.99658203125
b0cf75cad1ba45118ebdf6c92394d7cf,1565546,0.99609375
b0cf75cad1ba45118ebdf6c92394d7cf,1565642,0.99609375
b0cf75cad1ba45118ebdf6c92394d7cf,1543504,0.9951171875
b0cf75cad1ba45118ebdf6c92394d7cf,1559919,0.9951171875
b0cf75cad1ba45118ebdf6c92394d7cf,1541705,0.98974609375
b0cf75cad1ba45118ebdf6c92394d7cf,1592854,0.98876953125
b0cf75cad1ba45118ebdf6c92394d7cf,1550075,0.98779296875
b0cf75cad1ba45118ebdf6c92394d7cf,1543005,0.98681640625
b0cf75cad1ba45118ebdf6c92394d7cf,1579634,0.97412109375
b0cf75cad1ba45118ebdf6c92394d7cf,1591416,0.91943359375
b0cf75cad1ba45118ebdf6c92394d7cf,1570298,0.240234375
522c27ad38514ea5b771b1c091cf406c,1589363,0.99462890625
522c27ad38514ea5b771b1c091cf406c,1528199,0.9921875
522c27ad38514ea5b771b1c091cf406c,1578240,0.9921875
522c27ad38514ea5b771b1c091cf406c,1562225,0.990234375
522c27ad38514ea5b771b1c091cf406c,1591533,0.9873046875
522c27ad38514ea5b771b1c091cf406c,1528193,0.98486328125
522c27ad38514ea5b771b1c091cf406c,1565567,0.984375
522c27ad38514ea5b771b1c091cf406c,1577841,0.98095703125
522c27ad38514ea5b771b1c091cf406c,1600761,0.98095703125
522c27ad38514ea5b771b1c091cf406c,1573151,0.970703125
522c27ad38514ea5b771b1c091cf406c,1567583,0.97021484375
522c27ad38514ea5b771b1c091cf406c,1533971,0.9658203125
522c27ad38514ea5b771b1c091cf406c,1594771,0.96533203125
522c27ad38514ea5b771b1c091cf406c,1562896,0.96435546875
522c27ad38514ea5b771b1c091cf406c,1562881,0.9638671875
522c27ad38514ea5b771b1c091cf406c,1575807,0.96142578125
522c27ad38514ea5b771b1c091cf406c,1571858,0.95458984375
522c27ad38514ea5b771b1c091cf406c,1574034,0.92333984375
522c27ad38514ea5b771b1c091cf406c,1538549,0.9208984375
522c27ad38514ea5b771b1c091cf406c,1584795,0.90576171875
522c27ad38514ea5b771b1c091cf406c,1556197,0.8984375
522c27ad38514ea5b771b1c091cf406c,1567120,0.873046875
522c27ad38514ea5b771b1c091cf406c,1593307,0.7548828125
522c27ad38514ea5b771b1c091cf406c,1591541,0.513671875
522c27ad38514ea5b771b1c091cf406c,1565064,0.51220703125
6747e6648c494e4180f394e5e16a0421,1573054,0.9892578125
6747e6648c494e4180f394e5e16a0421,1560135,0.9853515625
6747e6648c494e4180f394e5e16a0421,1552732,0.98388671875
6747e6648c494e4180f394e5e16a0421,1565406,0.9833984375
6747e6648c494e4180f394e5e16a0421,1572791,0.97900390625
6747e6648c494e4180f394e5e16a0421,1568065,0.96875
6747e6648c494e4180f394e5e16a0421,1578067,0.96533203125
6747e6648c494e4180f394e5e16a0421,1531136,0.96435546875
6747e6648c494e4180f394e5e16a0421,1575807,0.9599609375
6747e6648c494e4180f394e5e16a0421,1561018,0.935546875
6747e6648c494e4180f394e5e16a0421,1559053,0.90478515625
6747e6648c494e4180f394e5e16a0421,1587297,0.8291015625
6747e6648c494e4180f394e5e16a0421,1541035,0.6875
6747e6648c494e4180f394e5e16a0421,1597427,0.5107421875
6747e6648c494e4180f394e5e16a0421,1546263,0.382080078125
3e0ca95a07934cde8d2521242e196b9b,1534140,0.98583984375
3e0ca95a07934cde8d2521242e196b9b,1580320,0.98291015625
3e0ca95a07934cde8d2521242e196b9b,1531565,0.98095703125
3e0ca95a07934cde8d2521242e196b9b,1552800,0.98095703125
3e0ca95a07934cde8d2521242e196b9b,1531564,0.970703125
3e0ca95a07934cde8d2521242e196b9b,1597107,0.9697265625
3e0ca95a07934cde8d2521242e196b9b,1598588,0.9697265625
3e0ca95a07934cde8d2521242e196b9b,1590850,0.96728515625
3e0ca95a07934cde8d2521242e196b9b,1597674,0.96044921875
3e0ca95a07934cde8d2521242e196b9b,1576645,0.96044921875
3e0ca95a07934cde8d2521242e196b9b,1572799,0.9111328125
3e0ca95a07934cde8d2521242e196b9b,1538887,0.8994140625
3e0ca95a07934cde8d2521242e196b9b,1552855,0.8974609375
3e0ca95a07934cde8d2521242e196b9b,1552196,0.89453125
3e0ca95a07934cde8d2521242e196b9b,1534363,0.8818359375
3e0ca95a07934cde8d2521242e196b9b,1533250,0.87841796875
3e0ca95a07934cde8d2521242e196b9b,1575937,0.86328125
3e0ca95a07934cde8d2521242e196b9b,1570134,0.84765625
3e0ca95a07934cde8d2521242e196b9b,1586655,0.68359375
3e0ca95a07934cde8d2521242e196b9b,1534523,0.61376953125
fc12afd32b954525963c6e4b4a908353,1565704,0.99462890625
fc12afd32b954525963c6e4b4a908353,1583585,0.9931640625
fc12afd32b954525963c6e4b4a908353,1586290,0.99267578125
fc12afd32b954525963c6e4b4a908353,1589542,0.9921875
fc12afd32b954525963c6e4b4a908353,1538852,0.99169921875
fc12afd32b954525963c6e4b4a908353,1550961,0.99169921875
fc12afd32b954525963c6e4b4a908353,1569977,0.99072265625
fc12afd32b954525963c6e4b4a908353,1537641,0.98583984375
fc12afd32b954525963c6e4b4a908353,1586091,0.96435546875
fc12afd32b954525963c6e4b4a908353,1546480,0.95947265625
fc12afd32b954525963c6e4b4a908353,1550501,0.95068359375
fc12afd32b954525963c6e4b4a908353,1587503,0.94384765625
fc12afd32b954525963c6e4b4a908353,1540845,0.91943359375
fc12afd32b954525963c6e4b4a908353,1584801,0.9072265625
fc12afd32b954525963c6e4b4a908353,1530955,0.89013671875
fc12afd32b954525963c6e4b4a908353,1585884,0.880859375
fc12afd32b954525963c6e4b4a908353,1528700,0.81298828125
fc12afd32b954525963c6e4b4a908353,1533397,0.802734375
fc12afd32b954525963c6e4b4a908353,1532361,0.74658203125
fc12afd32b954525963c6e4b4a908353,1545002,0.72705078125
fc12afd32b954525963c6e4b4a908353,1573625,0.68505859375
7fc077aa646b409a9ad42df92816bcab,1560587,0.99072265625
7fc077aa646b409a9ad42df92816bcab,1529755,0.990234375
7fc077aa646b409a9ad42df92816bcab,1595116,0.98974609375
7fc077aa646b409a9ad42df92816bcab,1577239,0.9873046875
7fc077aa646b409a9ad42df92816bcab,1548162,0.962890625
7fc077aa646b409a9ad42df92816bcab,1541603,0.95751953125
7fc077aa646b409a9ad42df92816bcab,1553249,0.9482421875
7fc077aa646b409a9ad42df92816bcab,1546042,0.9140625
7fc077aa646b409a9ad42df92816bcab,1535680,0.90966796875
7fc077aa646b409a9ad42df92816bcab,1563467,0.90380859375
7fc077aa646b409a9ad42df92816bcab,1569433,0.85888671875
7fc077aa646b409a9ad42df92816bcab,1548276,0.82763671875
7fc077aa646b409a9ad42df92816bcab,1539629,0.8017578125
7fc077aa646b409a9ad42df92816bcab,1547754,0.59375
7fc077aa646b409a9ad42df92816bcab,1567861,0.52587890625
27bb397871e54cf6926cd02dd61d15fe,1534668,0.98876953125
27bb397871e54cf6926cd02dd61d15fe,1563854,0.98779296875
27bb397871e54cf6926cd02dd61d15fe,1535382,0.97900390625
27bb397871e54cf6926cd02dd61d15fe,1543259,0.96826171875
27bb397871e54cf6926cd02dd61d15fe,1577385,0.96826171875
27bb397871e54cf6926cd02dd61d15fe,1578772,0.96826171875
27bb397871e54cf6926cd02dd61d15fe,1569161,0.96435546875
27bb397871e54cf6926cd02dd61d15fe,1540956,0.9609375
27bb397871e54cf6926cd02dd61d15fe,1574808,0.95849609375
27bb397871e54cf6926cd02dd61d15fe,1597043,0.95849609375
27bb397871e54cf6926cd02dd61d15fe,1574605,0.9462890625
27bb397871e54cf6926cd02dd61d15fe,1587507,0.7451171875
27bb397871e54cf6926cd02dd61d15fe,1538084,0.476318359375
27bb397871e54cf6926cd02dd61d15fe,1583716,0.3251953125
7fc262b53536445694ee386983d91b7d,1550744,0.986328125
7fc262b53536445694ee386983d91b7d,1550020,0.984375
7fc262b53536445694ee386983d91b7d,1586262,0.939453125
7fc262b53536445694ee386983d91b7d,1594771,0.927734375
7fc262b53536445694ee386983d91b7d,1528447,0.9267578125
7fc262b53536445694ee386983d91b7d,1568525,0.88916015625
7fc262b53536445694ee386983d91b7d,1589872,0.884765625
7fc262b53536445694ee386983d91b7d,1599183,0.84765625
7fc262b53536445694ee386983d91b7d,1576778,0.75048828125
7fc262b53536445694ee386983d91b7d,1562245,0.6318359375
7fc262b53536445694ee386983d91b7d,1587297,0.60498046875
7fc262b53536445694ee386983d91b7d,1581209,0.5341796875
7fc262b53536445694ee386983d91b7d,1570684,0.2384033203125
593fe3075572490eae3d628294946fdd,1541800,0.96435546875
593fe3075572490eae3d628294946fdd,1528193,0.95703125
593fe3075572490eae3d628294946fdd,1589537,0.95361328125
593fe3075572490eae3d628294946fdd,1531837,0.9267578125
593fe3075572490eae3d628294946fdd,1546293,0.9072265625
593fe3075572490eae3d628294946fdd,1575807,0.9072265625
593fe3075572490eae3d628294946fdd,1552738,0.89111328125
593fe3075572490eae3d628294946fdd,1583632,0.875
593fe3075572490eae3d628294946fdd,1554095,0.75927734375
593fe3075572490eae3d628294946fdd,1571858,0.73095703125
593fe3075572490eae3d628294946fdd,1596745,0.6435546875
593fe3075572490eae3d628294946fdd,1558424,0.63037109375
593fe3075572490eae3d628294946fdd,1531913,0.62109375
593fe3075572490eae3d628294946fdd,1565983,0.56103515625
593fe3075572490eae3d628294946fdd,1570684,0.5478515625
593fe3075572490eae3d628294946fdd,1591541,0.501953125
bcc9a15dfb2942478cb3feb961891449,1547994,0.97314453125
bcc9a15dfb2942478cb3feb961891449,1534655,0.966796875
bcc9a15dfb2942478cb3feb961891449,1587600,0.9658203125
bcc9a15dfb2942478cb3feb961891449,1582378,0.96484375
bcc9a15dfb2942478cb3feb961891449,1593110,0.96484375
bcc9a15dfb2942478cb3feb961891449,1542169,0.96435546875
bcc9a15dfb2942478cb3feb961891449,1538810,0.9638671875
bcc9a15dfb2942478cb3feb961891449,1600941,0.962890625
bcc9a15dfb2942478cb3feb961891449,1566001,0.95947265625
bcc9a15dfb2942478cb3feb961891449,1535758,0.95751953125
bcc9a15dfb2942478cb3feb961891449,1539801,0.9541015625
bcc9a15dfb2942478cb3feb961891449,1532740,0.9453125
bcc9a15dfb2942478cb3feb961891449,1585793,0.93896484375
bcc9a15dfb2942478cb3feb961891449,1588301,0.892578125
bcc9a15dfb2942478cb3feb961891449,1571993,0.89013671875
bcc9a15dfb2942478cb3feb961891449,1535550,0.86474609375
bcc9a15dfb2942478cb3feb961891449,1546565,0.8623046875
bcc9a15dfb2942478cb3feb961891449,1536856,0.8447265625
bcc9a15dfb2942478cb3feb961891449,1568317,0.8310546875
bcc9a15dfb2942478cb3feb961891449,1563146,0.8291015625
bcc9a15dfb2942478cb3feb961891449,1583046,0.81640625
bcc9a15dfb2942478cb3feb961891449,1593521,0.8017578125
bcc9a15dfb2942478cb3feb961891449,1565821,0.08831787109375
20da48be3c6d417ab9228b7091058d36,1542111,0.99072265625
20da48be3c6d417ab9228b7091058d36,1532197,0.98876953125
20da48be3c6d417ab9228b7091058d36,1560434,0.9853515625
20da48be3c6d417ab9228b7091058d36,1586681,0.98486328125
20da48be3c6d417ab9228b7091058d36,1576164,0.970703125
20da48be3c6d417ab9228b7091058d36,1547754,0.9580078125
20da48be3c6d417ab9228b7091058d36,1539448,0.9560546875
20da48be3c6d417ab9228b7091058d36,1572979,0.853515625
20da48be3c6d417ab9228b7091058d36,1596235,0.82666015625
20da48be3c6d417ab9228b7091058d36,1573131,0.8125
20da48be3c6d417ab9228b7091058d36,1553793,0.7939453125
20da48be3c6d417ab9228b7091058d36,1591244,0.64208984375
20da48be3c6d417ab9228b7091058d36,1539629,0.6123046875
20da48be3c6d417ab9228b7091058d36,1565845,0.58447265625
20da48be3c6d417ab9228b7091058d36,1531179,0.480224609375
20da48be3c6d417ab9228b7091058d36,1569894,0.465087890625
3d944c3b12b24b31a7a5d482b473f9ba,1582562,0.99365234375
3d944c3b12b24b31a7a5d482b473f9ba,1542111,0.9931640625
3d944c3b12b24b31a7a5d482b473f9ba,1577818,0.98876953125
3d944c3b12b24b31a7a5d482b473f9ba,1559504,0.98681640625
3d944c3b12b24b31a7a5d482b473f9ba,1590304,0.98681640625
3d944c3b12b24b31a7a5d482b473f9ba,1536976,0.9853515625
3d944c3b12b24b31a7a5d482b473f9ba,1590987,0.982421875
3d944c3b12b24b31a7a5d482b473f9ba,1585882,0.978515625
3d944c3b12b24b31a7a5d482b473f9ba,1577218,0.97705078125
3d944c3b12b24b31a7a5d482b473f9ba,1576164,0.97314453125
3d944c3b12b24b31a7a5d482b473f9ba,1530581,0.97314453125
3d944c3b12b24b31a7a5d482b473f9ba,1527871,0.9638671875
3d944c3b12b24b31a7a5d482b473f9ba,1567861,0.95458984375
3d944c3b12b24b31a7a5d482b473f9ba,1539381,0.93359375
3d944c3b12b24b31a7a5d482b473f9ba,1545442,0.9287109375
3d944c3b12b24b31a7a5d482b473f9ba,1530165,0.81689453125
a95d2d1e13ea4966b159e561d647300e,1552575,0.99169921875
a95d2d1e13ea4966b159e561d647300e,1560135,0.9892578125
a95d2d1e13ea4966b159e561d647300e,1554482,0.98876953125
a95d2d1e13ea4966b159e561d647300e,1569609,0.98828125
a95d2d1e13ea4966b159e561d647300e,1593538,0.98828125
a95d2d1e13ea4966b159e561d647300e,1578414,0.98681640625
a95d2d1e13ea4966b159e561d647300e,1572708,0.97802734375
a95d2d1e13ea4966b159e561d647300e,1541992,0.9765625
a95d2d1e13ea4966b159e561d647300e,1529517,0.94287109375
a95d2d1e13ea4966b159e561d647300e,1540288,0.84765625
a95d2d1e13ea4966b159e561d647300e,1584500,0.83740234375
a95d2d1e13ea4966b159e561d647300e,1531794,0.6298828125
a95d2d1e13ea4966b159e561d647300e,1597427,0.55419921875
d6ac9ecaa0604be6b976d8b0cc70cb26,1559433,0.99658203125
d6ac9ecaa0604be6b976d8b0cc70cb26,1575965,0.99462890625
d6ac9ecaa0604be6b976d8b0cc70cb26,1593413,0.99462890625
d6ac9ecaa0604be6b976d8b0cc70cb26,1587778,0.994140625
d6ac9ecaa0604be6b976d8b0cc70cb26,1554170,0.99365234375
d6ac9ecaa0604be6b976d8b0cc70cb26,1591416,0.99365234375
d6ac9ecaa0604be6b976d8b0cc70cb26,1544300,0.99169921875
d6ac9ecaa0604be6b976d8b0cc70cb26,1541705,0.99169921875
d6ac9ecaa0604be6b976d8b0cc70cb26,1549865,0.9912109375
d6ac9ecaa0604be6b976d8b0cc70cb26,1592854,0.99072265625
d6ac9ecaa0604be6b976d8b0cc70cb26,1574326,0.986328125
d6ac9ecaa0604be6b976d8b0cc70cb26,1571130,0.98583984375
d6ac9ecaa0604be6b976d8b0cc70cb26,1548990,0.97900390625
d6ac9ecaa0604be6b976d8b0cc70cb26,1553230,0.96923828125
d6ac9ecaa0604be6b976d8b0cc70cb26,1570298,0.8525390625
4117dd16086f48e4a65f14f31195b33d,1578414,0.98974609375
4117dd16086f48e4a65f14f31195b33d,1562501,0.9892578125
4117dd16086f48e4a65f14f31195b33d,1584517,0.98486328125
4117dd16086f48e4a65f14f31195b33d,1566874,0.9697265625
4117dd16086f48e4a65f14f31195b33d,1560461,0.96484375
4117dd16086f48e4a65f14f31195b33d,1528199,0.95947265625
4117dd16086f48e4a65f14f31195b33d,1597254,0.9287109375
4117dd16086f48e4a65f14f31195b33d,1571179,0.91552734375
4117dd16086f48e4a65f14f31195b33d,1597043,0.90625
4117dd16086f48e4a65f14f31195b33d,1527920,0.89501953125
4117dd16086f48e4a65f14f31195b33d,1528735,0.87353515625
4117dd16086f48e4a65f14f31195b33d,1558138,0.84130859375
4117dd16086f48e4a65f14f31195b33d,1595154,0.7666015625
4117dd16086f48e4a65f14f31195b33d,1549664,0.74755859375
4117dd16086f48e4a65f14f31195b33d,1558424,0.72021484375
4117dd16086f48e4a65f14f31195b33d,1534275,0.69189453125
4117dd16086f48e4a65f14f31195b33d,1565975,0.671875
4117dd16086f48e4a65f14f31195b33d,1535036,0.6015625
ec5b932b0970400b8d99b378290ebf7e,1550484,0.994140625
ec5b932b0970400b8d99b378290ebf7e,1568135,0.99072265625
ec5b932b0970400b8d99b378290ebf7e,1568075,0.98974609375
ec5b932b0970400b8d99b378290ebf7e,1549265,0.9892578125
ec5b932b0970400b8d99b378290ebf7e,1531032,0.98876953125
ec5b932b0970400b8d99b378290ebf7e,1545041,0.98828125
ec5b932b0970400b8d99b378290ebf7e,1579601,0.98779296875
ec5b932b0970400b8d99b378290ebf7e,1556261,0.98486328125
ec5b932b0970400b8d99b378290ebf7e,1574979,0.96484375
ec5b932b0970400b8d99b378290ebf7e,1590462,0.96044921875
ec5b932b0970400b8d99b378290ebf7e,1582410,0.9541015625
ec5b932b0970400b8d99b378290ebf7e,1553845,0.95361328125
ec5b932b0970400b8d99b378290ebf7e,1534709,0.8564453125
ec5b932b0970400b8d99b378290ebf7e,1552608,0.85009765625
ec5b932b0970400b8d99b378290ebf7e,1562400,0.8095703125
ec5b932b0970400b8d99b378290ebf7e,1553440,0.689453125
2b045e6f943c436b9d36fe56a75c35d2,1586859,0.9931640625
2b045e6f943c436b9d36fe56a75c35d2,1576767,0.98974609375
2b045e6f943c436b9d36fe56a75c35d2,1575894,0.986328125
2b045e6f943c436b9d36fe56a75c35d2,1560843,0.984375
2b045e6f943c436b9d36fe56a75c35d2,1586605,0.984375
2b045e6f943c436b9d36fe56a75c35d2,1547184,0.98388671875
2b045e6f943c436b9d36fe56a75c35d2,1536337,0.9755859375
2b045e6f943c436b9d36fe56a75c35d2,1575487,0.974609375
2b045e6f943c436b9d36fe56a75c35d2,1569795,0.966796875
2b045e6f943c436b9d36fe56a75c35d2,1553860,0.96630859375
2b045e6f943c436b9d36fe56a75c35d2,1558948,0.95361328125
2b045e6f943c436b9d36fe56a75c35d2,1546201,0.91162109375
2b045e6f943c436b9d36fe56a75c35d2,1545998,0.900390625
2b045e6f943c436b9d36fe56a75c35d2,1555762,0.890625
2b045e6f943c436b9d36fe56a75c35d2,1529047,0.88720703125
2b045e6f943c436b9d36fe56a75c35d2,1556557,0.88134765625
2b045e6f943c436b9d36fe56a75c35d2,1578962,0.87744140625
2b045e6f943c436b9d36fe56a75c35d2,1528859,0.85791015625
2b045e6f943c436b9d36fe56a75c35d2,1538134,0.84228515625
2b045e6f943c436b9d36fe56a75c35d2,1587051,0.83740234375
2b045e6f943c436b9d36fe56a75c35d2,1535879,0.80615234375
2b045e6f943c436b9d36fe56a75c35d2,1557936,0.796875
2b045e6f943c436b9d36fe56a75c35d2,1571827,0.75927734375
2b045e6f943c436b9d36fe56a75c35d2,1572184,0.724609375
2b045e6f943c436b9d36fe56a75c35d2,1565426,0.70166015625
2b045e6f943c436b9d36fe56a75c35d2,1600331,0.64453125
2b045e6f943c436b9d36fe56a75c35d2,1550838,0.57861328125
2b045e6f943c436b9d36fe56a75c35d2,1530489,0.1834716796875
2b045e6f943c436b9d36fe56a75c35d2,1555072,0.123779296875
92b302485f304c728e6c0a6e32f88235,1599265,0.9970703125
92b302485f304c728e6c0a6e32f88235,1599713,0.99658203125
92b302485f304c728e6c0a6e32f88235,1591016,0.9951171875
92b302485f304c728e6c0a6e32f88235,1576773,0.994140625
92b302485f304c728e6c0a6e32f88235,1559180,0.9931640625
92b302485f304c728e6c0a6e32f88235,1550031,0.99072265625
92b302485f304c728e6c0a6e32f88235,1530581,0.990234375
92b302485f304c728e6c0a6e32f88235,1577818,0.98876953125
92b302485f304c728e6c0a6e32f88235,1586681,0.98486328125
92b302485f304c728e6c0a6e32f88235,1577218,0.98046875
92b302485f304c728e6c0a6e32f88235,1527871,0.958984375
92b302485f304c728e6c0a6e32f88235,1576164,0.9541015625
92b302485f304c728e6c0a6e32f88235,1591244,0.63623046875
49b5bed050a74b2ba7a8060eb6903a30,1599265,0.99755859375
49b5bed050a74b2ba7a8060eb6903a30,1595703,0.9970703125
49b5bed050a74b2ba7a8060eb6903a30,1576773,0.99658203125
49b5bed050a74b2ba7a8060eb6903a30,1591016,0.99658203125
49b5bed050a74b2ba7a8060eb6903a30,1528273,0.99609375
49b5bed050a74b2ba7a8060eb6903a30,1559180,0.99609375
49b5bed050a74b2ba7a8060eb6903a30,1560200,0.99609375
49b5bed050a74b2ba7a8060eb6903a30,1590110,0.99609375
49b5bed050a74b2ba7a8060eb6903a30,1577818,0.994140625
49b5bed050a74b2ba7a8060eb6903a30,1590184,0.9931640625
49b5bed050a74b2ba7a8060eb6903a30,1567337,0.99267578125
49b5bed050a74b2ba7a8060eb6903a30,1585882,0.9921875
49b5bed050a74b2ba7a8060eb6903a30,1577218,0.9912109375
84b8196171ab4f8a9fa3a48a025748b7,1582749,0.8486328125
84b8196171ab4f8a9fa3a48a025748b7,1533164,0.84716796875
84b8196171ab4f8a9fa3a48a025748b7,1575212,0.8037109375
84b8196171ab4f8a9fa3a48a025748b7,1534924,0.79736328125
84b8196171ab4f8a9fa3a48a025748b7,1566884,0.76318359375
84b8196171ab4f8a9fa3a48a025748b7,1543878,0.75341796875
84b8196171ab4f8a9fa3a48a025748b7,1539019,0.712890625
84b8196171ab4f8a9fa3a48a025748b7,1575882,0.68896484375
84b8196171ab4f8a9fa3a48a025748b7,1560062,0.6708984375
84b8196171ab4f8a9fa3a48a025748b7,1552925,0.65966796875
84b8196171ab4f8a9fa3a48a025748b7,1535496,0.6083984375
84b8196171ab4f8a9fa3a48a025748b7,1596627,0.5625
84b8196171ab4f8a9fa3a48a025748b7,1576067,0.477294921875
84b8196171ab4f8a9fa3a48a025748b7,1528595,0.370361328125
84b8196171ab4f8a9fa3a48a025748b7,1584868,0.14404296875
d42e6bb54edf4ce485e21fa0bddac850,1530650,0.998046875
d42e6bb54edf4ce485e21fa0bddac850,1574620,0.99658203125
d42e6bb54edf4ce485e21fa0bddac850,1568936,0.99609375
d42e6bb54edf4ce485e21fa0bddac850,1598264,0.9921875
d42e6bb54edf4ce485e21fa0bddac850,1536302,0.99169921875
d42e6bb54edf4ce485e21fa0bddac850,1564746,0.9912109375
d42e6bb54edf4ce485e21fa0bddac850,1558080,0.98974609375
d42e6bb54edf4ce485e21fa0bddac850,1539224,0.98046875
d42e6bb54edf4ce485e21fa0bddac850,1547768,0.97900390625
d42e6bb54edf4ce485e21fa0bddac850,1555899,0.96533203125
d42e6bb54edf4ce485e21fa0bddac850,1567025,0.96142578125
d42e6bb54edf4ce485e21fa0bddac850,1529236,0.9599609375
d42e6bb54edf4ce485e21fa0bddac850,1542294,0.95947265625
d42e6bb54edf4ce485e21fa0bddac850,1590922,0.95068359375
d42e6bb54edf4ce485e21fa0bddac850,1587808,0.47119140625
d42e6bb54edf4ce485e21fa0bddac850,1597384,0.1055908203125
a9a782093e1746cc964e84209050ea36,1562699,0.99169921875
a9a782093e1746cc964e84209050ea36,1597208,0.99169921875
a9a782093e1746cc964e84209050ea36,1541200,0.98828125
a9a782093e1746cc964e84209050ea36,1530127,0.9736328125
a9a782093e1746cc964e84209050ea36,1571358,0.97216796875
a9a782093e1746cc964e84209050ea36,1559549,0.966796875
a9a782093e1746cc964e84209050ea36,1543632,0.9638671875
a9a782093e1746cc964e84209050ea36,1588023,0.96337890625
a9a782093e1746cc964e84209050ea36,1527929,0.9560546875
a9a782093e1746cc964e84209050ea36,1568632,0.927734375
a9a782093e1746cc964e84209050ea36,1544957,0.87744140625
a9a782093e1746cc964e84209050ea36,1571279,0.87353515625
a9a782093e1746cc964e84209050ea36,1591479,0.869140625
a9a782093e1746cc964e84209050ea36,1532920,0.83935546875
a9a782093e1746cc964e84209050ea36,1535566,0.3408203125
a9a782093e1746cc964e84209050ea36,1554298,0.206298828125
9e9325f4810b426e8018d6967206e2e3,1590316,0.95703125
9e9325f4810b426e8018d6967206e2e3,1552992,0.9462890625
9e9325f4810b426e8018d6967206e2e3,1568443,0.93896484375
9e9325f4810b426e8018d6967206e2e3,1576925,0.91455078125
9e9325f4810b426e8018d6967206e2e3,1542634,0.9013671875
9e9325f4810b426e8018d6967206e2e3,1582477,0.900390625
9e9325f4810b426e8018d6967206e2e3,1552865,0.8984375
9e9325f4810b426e8018d6967206e2e3,1543226,0.89306640625
9e9325f4810b426e8018d6967206e2e3,1583522,0.88037109375
9e9325f4810b426e8018d6967206e2e3,1532551,0.87841796875
9e9325f4810b426e8018d6967206e2e3,1600560,0.8720703125
9e9325f4810b426e8018d6967206e2e3,1571783,0.86328125
9e9325f4810b426e8018d6967206e2e3,1574519,0.861328125
9e9325f4810b426e8018d6967206e2e3,1600006,0.8525390625
9e9325f4810b426e8018d6967206e2e3,1587050,0.84228515625
9e9325f4810b426e8018d6967206e2e3,1571115,0.83837890625
9e9325f4810b426e8018d6967206e2e3,1560989,0.83544921875
9e9325f4810b426e8018d6967206e2e3,1582326,0.83154296875
9e9325f4810b426e8018d6967206e2e3,1560568,0.81494140625
9e9325f4810b426e8018d6967206e2e3,1528488,0.81005859375
9e9325f4810b426e8018d6967206e2e3,1563270,0.8095703125
9e9325f4810b426e8018d6967206e2e3,1575787,0.80126953125
9e9325f4810b426e8018d6967206e2e3,1555536,0.796875
9e9325f4810b426e8018d6967206e2e3,1583077,0.79443359375
9e9325f4810b426e8018d6967206e2e3,1549060,0.79345703125
9e9325f4810b426e8018d6967206e2e3,1543617,0.775390625
9e9325f4810b426e8018d6967206e2e3,1573568,0.77392578125
9e9325f4810b426e8018d6967206e2e3,1548698,0.77197265625
9e9325f4810b426e8018d6967206e2e3,1560992,0.75927734375
9e9325f4810b426e8018d6967206e2e3,1575673,0.7470703125
9e9325f4810b426e8018d6967206e2e3,1588398,0.74365234375
9e9325f4810b426e8018d6967206e2e3,1554065,0.73046875
9e9325f4810b426e8018d6967206e2e3,1527609,0.72900390625
9e9325f4810b426e8018d6967206e2e3,1572596,0.72265625
9e9325f4810b426e8018d6967206e2e3,1555432,0.71826171875
9e9325f4810b426e8018d6967206e2e3,1588526,0.71826171875
9e9325f4810b426e8018d6967206e2e3,1579641,0.71728515625
9e9325f4810b426e8018d6967206e2e3,1566762,0.70703125
9e9325f4810b426e8018d6967206e2e3,1553741,0.66748046875
9e9325f4810b426e8018d6967206e2e3,1544344,0.6640625
9e9325f4810b426e8018d6967206e2e3,1542054,0.66357421875
9e9325f4810b426e8018d6967206e2e3,1543891,0.65234375
9e9325f4810b426e8018d6967206e2e3,1582152,0.64990234375
9e9325f4810b426e8018d6967206e2e3,1591497,0.62548828125
9e9325f4810b426e8018d6967206e2e3,1538183,0.61083984375
9e9325f4810b426e8018d6967206e2e3,1548425,0.60986328125
9e9325f4810b426e8018d6967206e2e3,1582553,0.59326171875
9e9325f4810b426e8018d6967206e2e3,1579462,0.56201171875
9e9325f4810b426e8018d6967206e2e3,1557077,0.56103515625
9e9325f4810b426e8018d6967206e2e3,1561583,0.556640625
9e9325f4810b426e8018d6967206e2e3,1574924,0.53271484375
9e9325f4810b426e8018d6967206e2e3,1534707,0.52392578125
9e9325f4810b426e8018d6967206e2e3,1577764,0.51171875
9e9325f4810b426e8018d6967206e2e3,1589818,0.49365234375
9e9325f4810b426e8018d6967206e2e3,1586660,0.491943359375
9e9325f4810b426e8018d6967206e2e3,1557733,0.489013671875
9e9325f4810b426e8018d6967206e2e3,1591409,0.460205078125
9e9325f4810b426e8018d6967206e2e3,1591658,0.436767578125
9e9325f4810b426e8018d6967206e2e3,1574455,0.388671875
9e9325f4810b426e8018d6967206e2e3,1546381,0.0618896484375
10832dfec51e4891bd063b908f1d1fdf,1557571,0.98681640625
10832dfec51e4891bd063b908f1d1fdf,1582378,0.986328125
10832dfec51e4891bd063b908f1d1fdf,1533672,0.97998046875
10832dfec51e4891bd063b908f1d1fdf,1535758,0.97998046875
10832dfec51e4891bd063b908f1d1fdf,1554515,0.96484375
10832dfec51e4891bd063b908f1d1fdf,1581633,0.96337890625
10832dfec51e4891bd063b908f1d1fdf,1573598,0.9541015625
10832dfec51e4891bd063b908f1d1fdf,1591489,0.9033203125
10832dfec51e4891bd063b908f1d1fdf,1546565,0.88232421875
10832dfec51e4891bd063b908f1d1fdf,1551332,0.869140625
10832dfec51e4891bd063b908f1d1fdf,1571910,0.8037109375
10832dfec51e4891bd063b908f1d1fdf,1534732,0.759765625
10832dfec51e4891bd063b908f1d1fdf,1560866,0.73291015625
777a8028610145468a934ada3c0f2d2f,1578270,0.9951171875
777a8028610145468a934ada3c0f2d2f,1547411,0.9931640625
777a8028610145468a934ada3c0f2d2f,1532114,0.99267578125
777a8028610145468a934ada3c0f2d2f,1559562,0.9921875
777a8028610145468a934ada3c0f2d2f,1586154,0.99072265625
777a8028610145468a934ada3c0f2d2f,1593827,0.99072265625
777a8028610145468a934ada3c0f2d2f,1544275,0.98779296875
777a8028610145468a934ada3c0f2d2f,1575159,0.98779296875
777a8028610145468a934ada3c0f2d2f,1558448,0.98583984375
777a8028610145468a934ada3c0f2d2f,1576299,0.984375
777a8028610145468a934ada3c0f2d2f,1569280,0.9794921875
777a8028610145468a934ada3c0f2d2f,1578006,0.9794921875
777a8028610145468a934ada3c0f2d2f,1592527,0.9794921875
777a8028610145468a934ada3c0f2d2f,1532137,0.978515625
777a8028610145468a934ada3c0f2d2f,1527989,0.974609375
777a8028610145468a934ada3c0f2d2f,1576975,0.9345703125
777a8028610145468a934ada3c0f2d2f,1566603,0.89990234375
777a8028610145468a934ada3c0f2d2f,1580061,0.82861328125
777a8028610145468a934ada3c0f2d2f,1532209,0.80419921875
777a8028610145468a934ada3c0f2d2f,1549532,0.10968017578125
eba382e5deec44bfbeff8605ab3df789,1590316,0.87890625
eba382e5deec44bfbeff8605ab3df789,1576925,0.828125
eba382e5deec44bfbeff8605ab3df789,1554556,0.82421875
eba382e5deec44bfbeff8605ab3df789,1549708,0.77783203125
eba382e5deec44bfbeff8605ab3df789,1579641,0.67822265625
eba382e5deec44bfbeff8605ab3df789,1575212,0.6689453125
eba382e5deec44bfbeff8605ab3df789,1563558,0.61572265625
eba382e5deec44bfbeff8605ab3df789,1591820,0.583984375
eba382e5deec44bfbeff8605ab3df789,1551288,0.5771484375
eba382e5deec44bfbeff8605ab3df789,1586036,0.5654296875
eba382e5deec44bfbeff8605ab3df789,1573316,0.53369140625
eba382e5deec44bfbeff8605ab3df789,1586863,0.48876953125
eba382e5deec44bfbeff8605ab3df789,1575882,0.422119140625
eba382e5deec44bfbeff8605ab3df789,1565730,0.419189453125
eba382e5deec44bfbeff8605ab3df789,1580862,0.18798828125
eba382e5deec44bfbeff8605ab3df789,1588376,0.08209228515625
9cc453aa3f9a449c96d983e39040ccec,1562244,0.97607421875
9cc453aa3f9a449c96d983e39040ccec,1582378,0.97509765625
9cc453aa3f9a449c96d983e39040ccec,1567407,0.96240234375
9cc453aa3f9a449c96d983e39040ccec,1549605,0.96142578125
9cc453aa3f9a449c96d983e39040ccec,1539801,0.9580078125
9cc453aa3f9a449c96d983e39040ccec,1581633,0.95654296875
9cc453aa3f9a449c96d983e39040ccec,1593521,0.95458984375
9cc453aa3f9a449c96d983e39040ccec,1562249,0.953125
9cc453aa3f9a449c96d983e39040ccec,1538810,0.94873046875
9cc453aa3f9a449c96d983e39040ccec,1571603,0.93994140625
9cc453aa3f9a449c96d983e39040ccec,1542169,0.9287109375
9cc453aa3f9a449c96d983e39040ccec,1553676,0.92529296875
9cc453aa3f9a449c96d983e39040ccec,1546565,0.89013671875
9cc453aa3f9a449c96d983e39040ccec,1582566,0.88037109375
9cc453aa3f9a449c96d983e39040ccec,1575887,0.84130859375
9cc453aa3f9a449c96d983e39040ccec,1551332,0.8212890625
9cc453aa3f9a449c96d983e39040ccec,1588783,0.58447265625
b129ef5430c84341a439e92dfe2dd5bc,1569609,0.99169921875
b129ef5430c84341a439e92dfe2dd5bc,1543851,0.9892578125
b129ef5430c84341a439e92dfe2dd5bc,1572536,0.98779296875
b129ef5430c84341a439e92dfe2dd5bc,1558293,0.98193359375
b129ef5430c84341a439e92dfe2dd5bc,1564757,0.970703125
b129ef5430c84341a439e92dfe2dd5bc,1560645,0.93408203125
b129ef5430c84341a439e92dfe2dd5bc,1569161,0.8994140625
b129ef5430c84341a439e92dfe2dd5bc,1578772,0.8828125
b129ef5430c84341a439e92dfe2dd5bc,1552732,0.8427734375
b129ef5430c84341a439e92dfe2dd5bc,1585469,0.8095703125
b129ef5430c84341a439e92dfe2dd5bc,1540288,0.78759765625
b129ef5430c84341a439e92dfe2dd5bc,1532774,0.70703125
b129ef5430c84341a439e92dfe2dd5bc,1531794,0.6748046875
b129ef5430c84341a439e92dfe2dd5bc,1567895,0.650390625
b129ef5430c84341a439e92dfe2dd5bc,1591037,0.61474609375
7d6ff040782f4fa8ac0d31acd29750ff,1566265,0.97509765625
7d6ff040782f4fa8ac0d31acd29750ff,1552821,0.9619140625
7d6ff040782f4fa8ac0d31acd29750ff,1588021,0.95556640625
7d6ff040782f4fa8ac0d31acd29750ff,1539030,0.94970703125
7d6ff040782f4fa8ac0d31acd29750ff,1531868,0.9384765625
7d6ff040782f4fa8ac0d31acd29750ff,1584340,0.93359375
7d6ff040782f4fa8ac0d31acd29750ff,1564021,0.9033203125
7d6ff040782f4fa8ac0d31acd29750ff,1537678,0.8876953125
7d6ff040782f4fa8ac0d31acd29750ff,1529312,0.87353515625
7d6ff040782f4fa8ac0d31acd29750ff,1558129,0.86767578125
7d6ff040782f4fa8ac0d31acd29750ff,1552717,0.85986328125
7d6ff040782f4fa8ac0d31acd29750ff,1578640,0.85107421875
7d6ff040782f4fa8ac0d31acd29750ff,1588007,0.818359375
7d6ff040782f4fa8ac0d31acd29750ff,1594080,0.80029296875
7d6ff040782f4fa8ac0d31acd29750ff,1537843,0.7509765625
7d6ff040782f4fa8ac0d31acd29750ff,1555148,0.72509765625
7d6ff040782f4fa8ac0d31acd29750ff,1565337,0.65771484375
7d6ff040782f4fa8ac0d31acd29750ff,1548375,0.6259765625
7d6ff040782f4fa8ac0d31acd29750ff,1598653,0.61279296875
7d6ff040782f4fa8ac0d31acd29750ff,1544151,0.58544921875
7d6ff040782f4fa8ac0d31acd29750ff,1578587,0.55078125
182ebd586c6b4e8bb6c84d07ceb97ea9,1550961,0.99072265625
182ebd586c6b4e8bb6c84d07ceb97ea9,1538852,0.99072265625
182ebd586c6b4e8bb6c84d07ceb97ea9,1589781,0.99072265625
182ebd586c6b4e8bb6c84d07ceb97ea9,1551325,0.98876953125
182ebd586c6b4e8bb6c84d07ceb97ea9,1535651,0.98876953125
182ebd586c6b4e8bb6c84d07ceb97ea9,1587492,0.98876953125
182ebd586c6b4e8bb6c84d07ceb97ea9,1538650,0.98779296875
182ebd586c6b4e8bb6c84d07ceb97ea9,1562366,0.98779296875
182ebd586c6b4e8bb6c84d07ceb97ea9,1546480,0.96484375
182ebd586c6b4e8bb6c84d07ceb97ea9,1586091,0.96337890625
182ebd586c6b4e8bb6c84d07ceb97ea9,1553658,0.95947265625
182ebd586c6b4e8bb6c84d07ceb97ea9,1560573,0.95703125
182ebd586c6b4e8bb6c84d07ceb97ea9,1564759,0.955078125
182ebd586c6b4e8bb6c84d07ceb97ea9,1529138,0.9482421875
182ebd586c6b4e8bb6c84d07ceb97ea9,1540314,0.93359375
182ebd586c6b4e8bb6c84d07ceb97ea9,1534151,0.85302734375
182ebd586c6b4e8bb6c84d07ceb97ea9,1531491,0.84326171875
182ebd586c6b4e8bb6c84d07ceb97ea9,1568560,0.8291015625
182ebd586c6b4e8bb6c84d07ceb97ea9,1548776,0.82763671875
182ebd586c6b4e8bb6c84d07ceb97ea9,1528703,0.8037109375
182ebd586c6b4e8bb6c84d07ceb97ea9,1580579,0.80224609375
182ebd586c6b4e8bb6c84d07ceb97ea9,1532361,0.6806640625
182ebd586c6b4e8bb6c84d07ceb97ea9,1539837,0.640625
38383a831ed749b9841a28b3ccfa6c5f,1543341,0.91796875
38383a831ed749b9841a28b3ccfa6c5f,1593387,0.90625
38383a831ed749b9841a28b3ccfa6c5f,1552865,0.88134765625
38383a831ed749b9841a28b3ccfa6c5f,1532551,0.86669921875
38383a831ed749b9841a28b3ccfa6c5f,1553257,0.84130859375
38383a831ed749b9841a28b3ccfa6c5f,1573568,0.83935546875
38383a831ed749b9841a28b3ccfa6c5f,1577622,0.82470703125
38383a831ed749b9841a28b3ccfa6c5f,1593992,0.80908203125
38383a831ed749b9841a28b3ccfa6c5f,1598198,0.7919921875
38383a831ed749b9841a28b3ccfa6c5f,1530171,0.75439453125
38383a831ed749b9841a28b3ccfa6c5f,1599413,0.72607421875
38383a831ed749b9841a28b3ccfa6c5f,1576332,0.7109375
38383a831ed749b9841a28b3ccfa6c5f,1545230,0.7060546875
38383a831ed749b9841a28b3ccfa6c5f,1552857,0.6826171875
38383a831ed749b9841a28b3ccfa6c5f,1567848,0.64794921875
38383a831ed749b9841a28b3ccfa6c5f,1548356,0.6376953125
38383a831ed749b9841a28b3ccfa6c5f,1586243,0.6240234375
38383a831ed749b9841a28b3ccfa6c5f,1534760,0.6220703125
38383a831ed749b9841a28b3ccfa6c5f,1591806,0.59228515625
38383a831ed749b9841a28b3ccfa6c5f,1539534,0.578125
38383a831ed749b9841a28b3ccfa6c5f,1528664,0.50537109375
38383a831ed749b9841a28b3ccfa6c5f,1561492,0.4208984375
38383a831ed749b9841a28b3ccfa6c5f,1557077,0.396728515625
38383a831ed749b9841a28b3ccfa6c5f,1579641,0.378662109375
148819e980794db692f18e8d5a1bff73,1590290,0.97216796875
148819e980794db692f18e8d5a1bff73,1537690,0.9697265625
148819e980794db692f18e8d5a1bff73,1561467,0.96875
148819e980794db692f18e8d5a1bff73,1534560,0.95849609375
148819e980794db692f18e8d5a1bff73,1534532,0.94970703125
148819e980794db692f18e8d5a1bff73,1580665,0.94921875
148819e980794db692f18e8d5a1bff73,1566157,0.94384765625
148819e980794db692f18e8d5a1bff73,1557517,0.9365234375
148819e980794db692f18e8d5a1bff73,1572147,0.9365234375
148819e980794db692f18e8d5a1bff73,1578100,0.9365234375
148819e980794db692f18e8d5a1bff73,1541158,0.9306640625
148819e980794db692f18e8d5a1bff73,1567425,0.92919921875
148819e980794db692f18e8d5a1bff73,1593754,0.78857421875
148819e980794db692f18e8d5a1bff73,1582862,0.54345703125
148819e980794db692f18e8d5a1bff73,1586817,0.365966796875
2196d9dfa33a40e78cf896e9a6f9f436,1590916,0.99755859375
2196d9dfa33a40e78cf896e9a6f9f436,1595703,0.99658203125
2196d9dfa33a40e78cf896e9a6f9f436,1567337,0.9951171875
2196d9dfa33a40e78cf896e9a6f9f436,1590110,0.9951171875
2196d9dfa33a40e78cf896e9a6f9f436,1570024,0.99462890625
2196d9dfa33a40e78cf896e9a6f9f436,1599409,0.99462890625
2196d9dfa33a40e78cf896e9a6f9f436,1599713,0.99462890625
2196d9dfa33a40e78cf896e9a6f9f436,1586832,0.99365234375
2196d9dfa33a40e78cf896e9a6f9f436,1559504,0.99267578125
2196d9dfa33a40e78cf896e9a6f9f436,1582562,0.99267578125
2196d9dfa33a40e78cf896e9a6f9f436,1536251,0.9921875
2196d9dfa33a40e78cf896e9a6f9f436,1534672,0.9912109375
2196d9dfa33a40e78cf896e9a6f9f436,1590304,0.99072265625
2196d9dfa33a40e78cf896e9a6f9f436,1548300,0.98974609375
2196d9dfa33a40e78cf896e9a6f9f436,1542111,0.9892578125
2196d9dfa33a40e78cf896e9a6f9f436,1599265,0.9892578125
2196d9dfa33a40e78cf896e9a6f9f436,1539381,0.98876953125
2196d9dfa33a40e78cf896e9a6f9f436,1560200,0.98876953125
2196d9dfa33a40e78cf896e9a6f9f436,1570956,0.98876953125
2196d9dfa33a40e78cf896e9a6f9f436,1590987,0.98828125
2196d9dfa33a40e78cf896e9a6f9f436,1564847,0.9873046875
2196d9dfa33a40e78cf896e9a6f9f436,1566419,0.98583984375
2196d9dfa33a40e78cf896e9a6f9f436,1569383,0.98583984375
2196d9dfa33a40e78cf896e9a6f9f436,1590184,0.9814453125
2196d9dfa33a40e78cf896e9a6f9f436,1577818,0.9775390625
2196d9dfa33a40e78cf896e9a6f9f436,1595585,0.97265625
2196d9dfa33a40e78cf896e9a6f9f436,1550031,0.97216796875
2196d9dfa33a40e78cf896e9a6f9f436,1530581,0.9677734375
2196d9dfa33a40e78cf896e9a6f9f436,1585882,0.9638671875
2196d9dfa33a40e78cf896e9a6f9f436,1577218,0.962890625
2196d9dfa33a40e78cf896e9a6f9f436,1590765,0.9619140625
2196d9dfa33a40e78cf896e9a6f9f436,1548754,0.8994140625
2196d9dfa33a40e78cf896e9a6f9f436,1533257,0.875
2196d9dfa33a40e78cf896e9a6f9f436,1543333,0.833984375
2196d9dfa33a40e78cf896e9a6f9f436,1588680,0.568359375
2196d9dfa33a40e78cf896e9a6f9f436,1581112,0.5576171875
2196d9dfa33a40e78cf896e9a6f9f436,1567379,0.26416015625
2196d9dfa33a40e78cf896e9a6f9f436,1552071,0.15771484375
7c7c50f6e26244d78baef82c2c3ad48c,1530440,0.98681640625
7c7c50f6e26244d78baef82c2c3ad48c,1561538,0.98388671875
7c7c50f6e26244d78baef82c2c3ad48c,1576525,0.9833984375
7c7c50f6e26244d78baef82c2c3ad48c,1578936,0.98046875
7c7c50f6e26244d78baef82c2c3ad48c,1573426,0.9794921875
7c7c50f6e26244d78baef82c2c3ad48c,1532753,0.97900390625
7c7c50f6e26244d78baef82c2c3ad48c,1532737,0.9775390625
7c7c50f6e26244d78baef82c2c3ad48c,1546873,0.97265625
7c7c50f6e26244d78baef82c2c3ad48c,1569914,0.97265625
7c7c50f6e26244d78baef82c2c3ad48c,1550642,0.9677734375
7c7c50f6e26244d78baef82c2c3ad48c,1538832,0.96044921875
7c7c50f6e26244d78baef82c2c3ad48c,1562833,0.93603515625
7c7c50f6e26244d78baef82c2c3ad48c,1535216,0.9111328125
7c7c50f6e26244d78baef82c2c3ad48c,1593460,0.85693359375
7c7c50f6e26244d78baef82c2c3ad48c,1548312,0.75341796875
7c7c50f6e26244d78baef82c2c3ad48c,1593618,0.74755859375
7c7c50f6e26244d78baef82c2c3ad48c,1565885,0.73583984375
7c7c50f6e26244d78baef82c2c3ad48c,1590009,0.66015625
a6e8d2ebc58d407cb72fb6b39989dbcc,1584049,0.998046875
a6e8d2ebc58d407cb72fb6b39989dbcc,1595703,0.99755859375
a6e8d2ebc58d407cb72fb6b39989dbcc,1582562,0.99658203125
a6e8d2ebc58d407cb72fb6b39989dbcc,1599265,0.99609375
a6e8d2ebc58d407cb72fb6b39989dbcc,1528273,0.99365234375
a6e8d2ebc58d407cb72fb6b39989dbcc,1559180,0.99365234375
a6e8d2ebc58d407cb72fb6b39989dbcc,1560200,0.99365234375
a6e8d2ebc58d407cb72fb6b39989dbcc,1559504,0.99169921875
a6e8d2ebc58d407cb72fb6b39989dbcc,1576177,0.99169921875
a6e8d2ebc58d407cb72fb6b39989dbcc,1590304,0.99169921875
a6e8d2ebc58d407cb72fb6b39989dbcc,1577818,0.99072265625
a6e8d2ebc58d407cb72fb6b39989dbcc,1550031,0.9892578125
a6e8d2ebc58d407cb72fb6b39989dbcc,1577218,0.9892578125
a6e8d2ebc58d407cb72fb6b39989dbcc,1590987,0.98291015625
a6e8d2ebc58d407cb72fb6b39989dbcc,1527871,0.97216796875
a6e8d2ebc58d407cb72fb6b39989dbcc,1559250,0.96875
de04fa7147884a9aad4c2334332f6f43,1583643,0.99365234375
de04fa7147884a9aad4c2334332f6f43,1591533,0.98828125
de04fa7147884a9aad4c2334332f6f43,1589728,0.9873046875
de04fa7147884a9aad4c2334332f6f43,1555682,0.98388671875
de04fa7147884a9aad4c2334332f6f43,1597322,0.98291015625
de04fa7147884a9aad4c2334332f6f43,1528199,0.97998046875
de04fa7147884a9aad4c2334332f6f43,1578240,0.9765625
de04fa7147884a9aad4c2334332f6f43,1528704,0.9755859375
de04fa7147884a9aad4c2334332f6f43,1540579,0.9755859375
de04fa7147884a9aad4c2334332f6f43,1587297,0.9755859375
de04fa7147884a9aad4c2334332f6f43,1564546,0.97021484375
de04fa7147884a9aad4c2334332f6f43,1572241,0.96826171875
de04fa7147884a9aad4c2334332f6f43,1546898,0.96630859375
de04fa7147884a9aad4c2334332f6f43,1589363,0.9658203125
de04fa7147884a9aad4c2334332f6f43,1567583,0.96484375
de04fa7147884a9aad4c2334332f6f43,1541637,0.9638671875
de04fa7147884a9aad4c2334332f6f43,1544842,0.962890625
de04fa7147884a9aad4c2334332f6f43,1533971,0.9619140625
de04fa7147884a9aad4c2334332f6f43,1527920,0.95751953125
de04fa7147884a9aad4c2334332f6f43,1567120,0.9482421875
de04fa7147884a9aad4c2334332f6f43,1562225,0.94384765625
de04fa7147884a9aad4c2334332f6f43,1531837,0.93994140625
de04fa7147884a9aad4c2334332f6f43,1533443,0.93798828125
de04fa7147884a9aad4c2334332f6f43,1562881,0.9365234375
de04fa7147884a9aad4c2334332f6f43,1543259,0.93310546875
de04fa7147884a9aad4c2334332f6f43,1558046,0.9208984375
de04fa7147884a9aad4c2334332f6f43,1563073,0.91552734375
de04fa7147884a9aad4c2334332f6f43,1560492,0.90576171875
de04fa7147884a9aad4c2334332f6f43,1578680,0.87548828125
de04fa7147884a9aad4c2334332f6f43,1593307,0.84228515625
de04fa7147884a9aad4c2334332f6f43,1536101,0.82666015625
de04fa7147884a9aad4c2334332f6f43,1546789,0.81201171875
de04fa7147884a9aad4c2334332f6f43,1562245,0.78271484375
de04fa7147884a9aad4c2334332f6f43,1532578,0.71435546875
de04fa7147884a9aad4c2334332f6f43,1556150,0.71044921875
de04fa7147884a9aad4c2334332f6f43,1565064,0.6025390625
de04fa7147884a9aad4c2334332f6f43,1553729,0.50537109375
c8f2defe86b74b5898676c4bcc0088fd,1561265,0.9921875
c8f2defe86b74b5898676c4bcc0088fd,1566296,0.9912109375
c8f2defe86b74b5898676c4bcc0088fd,1600617,0.9912109375
c8f2defe86b74b5898676c4bcc0088fd,1579956,0.98974609375
c8f2defe86b74b5898676c4bcc0088fd,1587058,0.9892578125
c8f2defe86b74b5898676c4bcc0088fd,1576012,0.9873046875
c8f2defe86b74b5898676c4bcc0088fd,1592905,0.98583984375
c8f2defe86b74b5898676c4bcc0088fd,1594141,0.97998046875
c8f2defe86b74b5898676c4bcc0088fd,1589140,0.97607421875
c8f2defe86b74b5898676c4bcc0088fd,1572127,0.9697265625
c8f2defe86b74b5898676c4bcc0088fd,1587565,0.9658203125
c8f2defe86b74b5898676c4bcc0088fd,1584897,0.82958984375
c8f2defe86b74b5898676c4bcc0088fd,1573627,0.7734375
c8f2defe86b74b5898676c4bcc0088fd,1555219,0.68701171875
c8f2defe86b74b5898676c4bcc0088fd,1588236,0.28173828125
c8f2defe86b74b5898676c4bcc0088fd,1561354,0.2802734375
1beba2c9b3d64fb8b396ec7245656b93,1548755,0.99560546875
1beba2c9b3d64fb8b396ec7245656b93,1580430,0.99365234375
1beba2c9b3d64fb8b396ec7245656b93,1534517,0.99169921875
1beba2c9b3d64fb8b396ec7245656b93,1534786,0.98779296875
1beba2c9b3d64fb8b396ec7245656b93,1540930,0.98583984375
1beba2c9b3d64fb8b396ec7245656b93,1578698,0.9853515625
1beba2c9b3d64fb8b396ec7245656b93,1560587,0.9833984375
1beba2c9b3d64fb8b396ec7245656b93,1573609,0.9833984375
1beba2c9b3d64fb8b396ec7245656b93,1557984,0.97314453125
1beba2c9b3d64fb8b396ec7245656b93,1536720,0.95703125
1beba2c9b3d64fb8b396ec7245656b93,1586517,0.95654296875
1beba2c9b3d64fb8b396ec7245656b93,1535407,0.8720703125
1beba2c9b3d64fb8b396ec7245656b93,1573131,0.74560546875
1beba2c9b3d64fb8b396ec7245656b93,1538711,0.7333984375
1beba2c9b3d64fb8b396ec7245656b93,1539629,0.578125
610f4a590a9746c5a507dd4839a1caac,1527682,0.99072265625
610f4a590a9746c5a507dd4839a1caac,1567363,0.9873046875
610f4a590a9746c5a507dd4839a1caac,1530092,0.97998046875
610f4a590a9746c5a507dd4839a1caac,1572369,0.97802734375
610f4a590a9746c5a507dd4839a1caac,1563854,0.97802734375
610f4a590a9746c5a507dd4839a1caac,1585937,0.9765625
610f4a590a9746c5a507dd4839a1caac,1586160,0.96875
610f4a590a9746c5a507dd4839a1caac,1553903,0.96240234375
610f4a590a9746c5a507dd4839a1caac,1598560,0.9423828125
610f4a590a9746c5a507dd4839a1caac,1533894,0.89404296875
610f4a590a9746c5a507dd4839a1caac,1588091,0.8896484375
610f4a590a9746c5a507dd4839a1caac,1589233,0.88720703125
610f4a590a9746c5a507dd4839a1caac,1551454,0.861328125
610f4a590a9746c5a507dd4839a1caac,1548091,0.79833984375
41d28cd0cfb149d3acd28a46e5d8f938,1531605,0.99853515625
41d28cd0cfb149d3acd28a46e5d8f938,1590110,0.99853515625
41d28cd0cfb149d3acd28a46e5d8f938,1576773,0.998046875
41d28cd0cfb149d3acd28a46e5d8f938,1532197,0.99609375
41d28cd0cfb149d3acd28a46e5d8f938,1590987,0.9951171875
41d28cd0cfb149d3acd28a46e5d8f938,1567337,0.99462890625
41d28cd0cfb149d3acd28a46e5d8f938,1550031,0.99267578125
41d28cd0cfb149d3acd28a46e5d8f938,1577218,0.9921875
41d28cd0cfb149d3acd28a46e5d8f938,1562498,0.99169921875
41d28cd0cfb149d3acd28a46e5d8f938,1527871,0.98974609375
41d28cd0cfb149d3acd28a46e5d8f938,1591244,0.75244140625
41d28cd0cfb149d3acd28a46e5d8f938,1566471,0.5634765625
41d28cd0cfb149d3acd28a46e5d8f938,1543333,0.52099609375
41d28cd0cfb149d3acd28a46e5d8f938,1584718,0.287109375
41d28cd0cfb149d3acd28a46e5d8f938,1537698,0.218017578125
41d28cd0cfb149d3acd28a46e5d8f938,1567201,0.12548828125
d5ad0ccf51a44b2ba7b24af8b65ee742,1537136,0.98974609375
d5ad0ccf51a44b2ba7b24af8b65ee742,1547886,0.9619140625
d5ad0ccf51a44b2ba7b24af8b65ee742,1545485,0.95556640625
d5ad0ccf51a44b2ba7b24af8b65ee742,1544130,0.955078125
d5ad0ccf51a44b2ba7b24af8b65ee742,1547455,0.91552734375
d5ad0ccf51a44b2ba7b24af8b65ee742,1553317,0.89306640625
d5ad0ccf51a44b2ba7b24af8b65ee742,1527551,0.8828125
d5ad0ccf51a44b2ba7b24af8b65ee742,1530440,0.8828125
d5ad0ccf51a44b2ba7b24af8b65ee742,1550642,0.86474609375
d5ad0ccf51a44b2ba7b24af8b65ee742,1532737,0.82763671875
d5ad0ccf51a44b2ba7b24af8b65ee742,1527888,0.8271484375
d5ad0ccf51a44b2ba7b24af8b65ee742,1534108,0.77197265625
d5ad0ccf51a44b2ba7b24af8b65ee742,1553381,0.7705078125
d5ad0ccf51a44b2ba7b24af8b65ee742,1543294,0.73681640625
191e98495bb94483bd37804bb058e5b4,1587795,0.9873046875
191e98495bb94483bd37804bb058e5b4,1562244,0.982421875
191e98495bb94483bd37804bb058e5b4,1560344,0.97802734375
191e98495bb94483bd37804bb058e5b4,1575263,0.9755859375
191e98495bb94483bd37804bb058e5b4,1557571,0.96728515625
191e98495bb94483bd37804bb058e5b4,1593110,0.96728515625
191e98495bb94483bd37804bb058e5b4,1542169,0.966796875
191e98495bb94483bd37804bb058e5b4,1574821,0.96533203125
191e98495bb94483bd37804bb058e5b4,1547564,0.96142578125
191e98495bb94483bd37804bb058e5b4,1571603,0.95947265625
191e98495bb94483bd37804bb058e5b4,1567407,0.9560546875
191e98495bb94483bd37804bb058e5b4,1573598,0.95458984375
191e98495bb94483bd37804bb058e5b4,1581633,0.95361328125
191e98495bb94483bd37804bb058e5b4,1549605,0.93798828125
191e98495bb94483bd37804bb058e5b4,1537328,0.92041015625
191e98495bb94483bd37804bb058e5b4,1546565,0.90625
191e98495bb94483bd37804bb058e5b4,1571993,0.90234375
191e98495bb94483bd37804bb058e5b4,1588769,0.89111328125
191e98495bb94483bd37804bb058e5b4,1589417,0.8583984375
191e98495bb94483bd37804bb058e5b4,1590416,0.85791015625
191e98495bb94483bd37804bb058e5b4,1593521,0.841796875
191e98495bb94483bd37804bb058e5b4,1571910,0.81640625
191e98495bb94483bd37804bb058e5b4,1573976,0.79150390625
191e98495bb94483bd37804bb058e5b4,1553676,0.77783203125
191e98495bb94483bd37804bb058e5b4,1551332,0.7431640625
191e98495bb94483bd37804bb058e5b4,1541553,0.71142578125
191e98495bb94483bd37804bb058e5b4,1588783,0.6708984375
191e98495bb94483bd37804bb058e5b4,1552659,0.493408203125
191e98495bb94483bd37804bb058e5b4,1562140,0.458251953125
bf9f8f42577a490b9f05b0e539e07b29,1571090,0.998046875
bf9f8f42577a490b9f05b0e539e07b29,1531683,0.99755859375
bf9f8f42577a490b9f05b0e539e07b29,1577452,0.99755859375
bf9f8f42577a490b9f05b0e539e07b29,1533805,0.9970703125
bf9f8f42577a490b9f05b0e539e07b29,1559316,0.9970703125
bf9f8f42577a490b9f05b0e539e07b29,1532626,0.99609375
bf9f8f42577a490b9f05b0e539e07b29,1540783,0.99609375
bf9f8f42577a490b9f05b0e539e07b29,1560841,0.99609375
bf9f8f42577a490b9f05b0e539e07b29,1555647,0.99560546875
bf9f8f42577a490b9f05b0e539e07b29,1573393,0.99560546875
bf9f8f42577a490b9f05b0e539e07b29,1563875,0.9951171875
bf9f8f42577a490b9f05b0e539e07b29,1582848,0.9951171875
bf9f8f42577a490b9f05b0e539e07b29,1583761,0.97216796875
bf9f8f42577a490b9f05b0e539e07b29,1573471,0.8935546875
bf9f8f42577a490b9f05b0e539e07b29,1576522,0.87158203125
bf9f8f42577a490b9f05b0e539e07b29,1575182,0.76318359375
6001050cc27243a3aa641e6a63b6a5bf,1543781,0.9921875
6001050cc27243a3aa641e6a63b6a5bf,1560843,0.9892578125
6001050cc27243a3aa641e6a63b6a5bf,1575487,0.9892578125
6001050cc27243a3aa641e6a63b6a5bf,1529047,0.9736328125
6001050cc27243a3aa641e6a63b6a5bf,1547901,0.97119140625
6001050cc27243a3aa641e6a63b6a5bf,1575874,0.96337890625
6001050cc27243a3aa641e6a63b6a5bf,1555762,0.962890625
6001050cc27243a3aa641e6a63b6a5bf,1593905,0.94140625
6001050cc27243a3aa641e6a63b6a5bf,1546201,0.9140625
6001050cc27243a3aa641e6a63b6a5bf,1565426,0.8994140625
6001050cc27243a3aa641e6a63b6a5bf,1572184,0.896484375
6001050cc27243a3aa641e6a63b6a5bf,1557936,0.88037109375
6001050cc27243a3aa641e6a63b6a5bf,1550523,0.83154296875
6001050cc27243a3aa641e6a63b6a5bf,1599928,0.8203125
6001050cc27243a3aa641e6a63b6a5bf,1572863,0.60400390625
5d01561b8f0a48a1a986ec5805347c85,1591533,0.98876953125
5d01561b8f0a48a1a986ec5805347c85,1560461,0.9873046875
5d01561b8f0a48a1a986ec5805347c85,1567363,0.98681640625
5d01561b8f0a48a1a986ec5805347c85,1586160,0.98046875
5d01561b8f0a48a1a986ec5805347c85,1531837,0.96240234375
5d01561b8f0a48a1a986ec5805347c85,1551454,0.90869140625
5d01561b8f0a48a1a986ec5805347c85,1533971,0.9072265625
5d01561b8f0a48a1a986ec5805347c85,1589233,0.9033203125
5d01561b8f0a48a1a986ec5805347c85,1533443,0.88623046875
5d01561b8f0a48a1a986ec5805347c85,1531913,0.818359375
5d01561b8f0a48a1a986ec5805347c85,1593695,0.7587890625
5d01561b8f0a48a1a986ec5805347c85,1556150,0.53466796875
c58dd77ae8dd4cf4bf6efc2b0e725e10,1533473,0.99658203125
c58dd77ae8dd4cf4bf6efc2b0e725e10,1554409,0.99462890625
c58dd77ae8dd4cf4bf6efc2b0e725e10,1565700,0.99462890625
c58dd77ae8dd4cf4bf6efc2b0e725e10,1553405,0.99365234375
c58dd77ae8dd4cf4bf6efc2b0e725e10,1588060,0.99267578125
c58dd77ae8dd4cf4bf6efc2b0e725e10,1559832,0.9912109375
c58dd77ae8dd4cf4bf6efc2b0e725e10,1553859,0.98974609375
c58dd77ae8dd4cf4bf6efc2b0e725e10,1594055,0.9892578125
c58dd77ae8dd4cf4bf6efc2b0e725e10,1571825,0.98779296875
c58dd77ae8dd4cf4bf6efc2b0e725e10,1581518,0.9716796875
c58dd77ae8dd4cf4bf6efc2b0e725e10,1599625,0.79052734375
c58dd77ae8dd4cf4bf6efc2b0e725e10,1565393,0.7822265625
c58dd77ae8dd4cf4bf6efc2b0e725e10,1583904,0.75
c58dd77ae8dd4cf4bf6efc2b0e725e10,1540012,0.69482421875
c58dd77ae8dd4cf4bf6efc2b0e725e10,1585878,0.6748046875
c58dd77ae8dd4cf4bf6efc2b0e725e10,1580229,0.56298828125
c58dd77ae8dd4cf4bf6efc2b0e725e10,1541124,0.027008056640625
cde41517013d4866bcdf48340ce7ac29,1590316,0.9453125
cde41517013d4866bcdf48340ce7ac29,1583522,0.90283203125
cde41517013d4866bcdf48340ce7ac29,1539664,0.87939453125
cde41517013d4866bcdf48340ce7ac29,1530347,0.8427734375
cde41517013d4866bcdf48340ce7ac29,1531250,0.83544921875
cde41517013d4866bcdf48340ce7ac29,1568015,0.82177734375
cde41517013d4866bcdf48340ce7ac29,1530171,0.82080078125
cde41517013d4866bcdf48340ce7ac29,1582477,0.81982421875
cde41517013d4866bcdf48340ce7ac29,1540181,0.80859375
cde41517013d4866bcdf48340ce7ac29,1564766,0.80029296875
cde41517013d4866bcdf48340ce7ac29,1554556,0.7890625
cde41517013d4866bcdf48340ce7ac29,1534760,0.7080078125
cde41517013d4866bcdf48340ce7ac29,1572596,0.703125
cde41517013d4866bcdf48340ce7ac29,1565547,0.67578125
cde41517013d4866bcdf48340ce7ac29,1541074,0.6748046875
cde41517013d4866bcdf48340ce7ac29,1563708,0.6689453125
cde41517013d4866bcdf48340ce7ac29,1582326,0.64892578125
cde41517013d4866bcdf48340ce7ac29,1595186,0.61865234375
cde41517013d4866bcdf48340ce7ac29,1579403,0.60693359375
cde41517013d4866bcdf48340ce7ac29,1539604,0.5712890625
cde41517013d4866bcdf48340ce7ac29,1528664,0.5693359375
cde41517013d4866bcdf48340ce7ac29,1528271,0.5458984375
cde41517013d4866bcdf48340ce7ac29,1557733,0.451416015625
cde41517013d4866bcdf48340ce7ac29,1551138,0.351318359375
cde41517013d4866bcdf48340ce7ac29,1577764,0.34423828125
cde41517013d4866bcdf48340ce7ac29,1568629,0.0017414093017578
3a5d8c2b577947d2896f580e31d854ee,1532238,0.99462890625
3a5d8c2b577947d2896f580e31d854ee,1581647,0.99462890625
3a5d8c2b577947d2896f580e31d854ee,1543453,0.99169921875
3a5d8c2b577947d2896f580e31d854ee,1590425,0.98779296875
3a5d8c2b577947d2896f580e31d854ee,1548044,0.98291015625
3a5d8c2b577947d2896f580e31d854ee,1576324,0.97802734375
3a5d8c2b577947d2896f580e31d854ee,1549888,0.94091796875
3a5d8c2b577947d2896f580e31d854ee,1562164,0.9033203125
3a5d8c2b577947d2896f580e31d854ee,1549635,0.8125
3a5d8c2b577947d2896f580e31d854ee,1578686,0.7197265625
3a5d8c2b577947d2896f580e31d854ee,1531321,0.7109375
3a5d8c2b577947d2896f580e31d854ee,1580773,0.3603515625
7789894b2ab5467d93d038ad4f332566,1584568,0.96337890625
7789894b2ab5467d93d038ad4f332566,1598128,0.9560546875
7789894b2ab5467d93d038ad4f332566,1580973,0.95556640625
7789894b2ab5467d93d038ad4f332566,1595760,0.95263671875
7789894b2ab5467d93d038ad4f332566,1552406,0.93017578125
7789894b2ab5467d93d038ad4f332566,1564116,0.9228515625
7789894b2ab5467d93d038ad4f332566,1542161,0.84375
7789894b2ab5467d93d038ad4f332566,1597940,0.83740234375
7789894b2ab5467d93d038ad4f332566,1550471,0.77490234375
7789894b2ab5467d93d038ad4f332566,1542202,0.759765625
7789894b2ab5467d93d038ad4f332566,1593638,0.7529296875
7789894b2ab5467d93d038ad4f332566,1598752,0.7529296875
7789894b2ab5467d93d038ad4f332566,1563212,0.7294921875
7789894b2ab5467d93d038ad4f332566,1536333,0.72802734375
7789894b2ab5467d93d038ad4f332566,1529552,0.7216796875
7789894b2ab5467d93d038ad4f332566,1557201,0.7080078125
7789894b2ab5467d93d038ad4f332566,1543618,0.68701171875
7789894b2ab5467d93d038ad4f332566,1530485,0.64599609375
7789894b2ab5467d93d038ad4f332566,1585583,0.640625
7789894b2ab5467d93d038ad4f332566,1573761,0.6318359375
7789894b2ab5467d93d038ad4f332566,1592719,0.56591796875
7789894b2ab5467d93d038ad4f332566,1591946,0.55078125
7789894b2ab5467d93d038ad4f332566,1532953,0.5478515625
7789894b2ab5467d93d038ad4f332566,1533621,0.54248046875
7789894b2ab5467d93d038ad4f332566,1573154,0.51025390625
7789894b2ab5467d93d038ad4f332566,1532755,0.50244140625
7789894b2ab5467d93d038ad4f332566,1529888,0.459228515625
7789894b2ab5467d93d038ad4f332566,1578606,0.44189453125
7789894b2ab5467d93d038ad4f332566,1584428,0.414794921875
1904574384174614bf579c2a97e471b3,1565282,0.98974609375
1904574384174614bf579c2a97e471b3,1586859,0.984375
1904574384174614bf579c2a97e471b3,1595586,0.97998046875
1904574384174614bf579c2a97e471b3,1599620,0.97509765625
1904574384174614bf579c2a97e471b3,1593905,0.9658203125
1904574384174614bf579c2a97e471b3,1558948,0.9619140625
1904574384174614bf579c2a97e471b3,1528859,0.95654296875
1904574384174614bf579c2a97e471b3,1578962,0.953125
1904574384174614bf579c2a97e471b3,1569575,0.94091796875
1904574384174614bf579c2a97e471b3,1592778,0.91845703125
1904574384174614bf579c2a97e471b3,1537283,0.85302734375
1904574384174614bf579c2a97e471b3,1600331,0.84765625
1904574384174614bf579c2a97e471b3,1581264,0.7734375
1904574384174614bf579c2a97e471b3,1535944,0.73876953125
1904574384174614bf579c2a97e471b3,1550523,0.65234375
1904574384174614bf579c2a97e471b3,1596320,0.59375
1904574384174614bf579c2a97e471b3,1530489,0.58251953125
1904574384174614bf579c2a97e471b3,1555072,0.4990234375
ecd4aa56d6914f27a0065a2025cce418,1536338,0.99267578125
ecd4aa56d6914f27a0065a2025cce418,1531567,0.984375
ecd4aa56d6914f27a0065a2025cce418,1536195,0.98193359375
ecd4aa56d6914f27a0065a2025cce418,1555296,0.9765625
ecd4aa56d6914f27a0065a2025cce418,1538980,0.97119140625
ecd4aa56d6914f27a0065a2025cce418,1581523,0.96484375
ecd4aa56d6914f27a0065a2025cce418,1550798,0.96337890625
ecd4aa56d6914f27a0065a2025cce418,1597389,0.962890625
ecd4aa56d6914f27a0065a2025cce418,1549022,0.96044921875
ecd4aa56d6914f27a0065a2025cce418,1537637,0.93603515625
ecd4aa56d6914f27a0065a2025cce418,1566861,0.93603515625
ecd4aa56d6914f27a0065a2025cce418,1545057,0.8857421875
ecd4aa56d6914f27a0065a2025cce418,1554457,0.88427734375
ecd4aa56d6914f27a0065a2025cce418,1578655,0.857421875
ecd4aa56d6914f27a0065a2025cce418,1589446,0.84130859375
ecd4aa56d6914f27a0065a2025cce418,1583490,0.8369140625
ecd4aa56d6914f27a0065a2025cce418,1557771,0.7978515625
ecd4aa56d6914f27a0065a2025cce418,1592277,0.7734375
ecd4aa56d6914f27a0065a2025cce418,1586838,0.73046875
ecd4aa56d6914f27a0065a2025cce418,1578137,0.59033203125
4995c5d63635458784eb24c47878c562,1568525,0.98486328125
4995c5d63635458784eb24c47878c562,1569609,0.97607421875
4995c5d63635458784eb24c47878c562,1597043,0.974609375
4995c5d63635458784eb24c47878c562,1561422,0.97119140625
4995c5d63635458784eb24c47878c562,1551159,0.951171875
4995c5d63635458784eb24c47878c562,1538701,0.94775390625
4995c5d63635458784eb24c47878c562,1559560,0.89599609375
4995c5d63635458784eb24c47878c562,1536813,0.88818359375
4995c5d63635458784eb24c47878c562,1536356,0.87255859375
4995c5d63635458784eb24c47878c562,1558424,0.7705078125
4995c5d63635458784eb24c47878c562,1548331,0.763671875
4995c5d63635458784eb24c47878c562,1532220,0.716796875
4995c5d63635458784eb24c47878c562,1553450,0.521484375
4995c5d63635458784eb24c47878c562,1546263,0.50439453125
4995c5d63635458784eb24c47878c562,1564633,0.41845703125
212bcc6a3b554a4bb47d86dbe1cdc1d8,1569609,0.98779296875
212bcc6a3b554a4bb47d86dbe1cdc1d8,1597448,0.98779296875
212bcc6a3b554a4bb47d86dbe1cdc1d8,1584517,0.98681640625
212bcc6a3b554a4bb47d86dbe1cdc1d8,1588367,0.97607421875
212bcc6a3b554a4bb47d86dbe1cdc1d8,1589872,0.974609375
212bcc6a3b554a4bb47d86dbe1cdc1d8,1527920,0.97412109375
212bcc6a3b554a4bb47d86dbe1cdc1d8,1572708,0.97119140625
212bcc6a3b554a4bb47d86dbe1cdc1d8,1573415,0.96533203125
212bcc6a3b554a4bb47d86dbe1cdc1d8,1569377,0.9208984375
212bcc6a3b554a4bb47d86dbe1cdc1d8,1551159,0.90576171875
212bcc6a3b554a4bb47d86dbe1cdc1d8,1534210,0.88427734375
212bcc6a3b554a4bb47d86dbe1cdc1d8,1595071,0.8671875
212bcc6a3b554a4bb47d86dbe1cdc1d8,1599183,0.81689453125
212bcc6a3b554a4bb47d86dbe1cdc1d8,1528268,0.6796875
9145d75ea4a14e19b3b3a0f3bc3ec628,1534655,0.98876953125
9145d75ea4a14e19b3b3a0f3bc3ec628,1566001,0.98779296875
9145d75ea4a14e19b3b3a0f3bc3ec628,1587795,0.9873046875
9145d75ea4a14e19b3b3a0f3bc3ec628,1537328,0.9794921875
9145d75ea4a14e19b3b3a0f3bc3ec628,1567407,0.970703125
9145d75ea4a14e19b3b3a0f3bc3ec628,1535758,0.9697265625
9145d75ea4a14e19b3b3a0f3bc3ec628,1593521,0.96728515625
9145d75ea4a14e19b3b3a0f3bc3ec628,1571603,0.95947265625
9145d75ea4a14e19b3b3a0f3bc3ec628,1573598,0.953125
9145d75ea4a14e19b3b3a0f3bc3ec628,1573976,0.94287109375
9145d75ea4a14e19b3b3a0f3bc3ec628,1539801,0.93701171875
9145d75ea4a14e19b3b3a0f3bc3ec628,1570390,0.92724609375
9145d75ea4a14e19b3b3a0f3bc3ec628,1533352,0.91943359375
9145d75ea4a14e19b3b3a0f3bc3ec628,1546565,0.86865234375
9145d75ea4a14e19b3b3a0f3bc3ec628,1596232,0.849609375
9145d75ea4a14e19b3b3a0f3bc3ec628,1589516,0.81201171875
9145d75ea4a14e19b3b3a0f3bc3ec628,1563146,0.80224609375
9145d75ea4a14e19b3b3a0f3bc3ec628,1562140,0.6650390625
9145d75ea4a14e19b3b3a0f3bc3ec628,1578519,0.371826171875
9145d75ea4a14e19b3b3a0f3bc3ec628,1590559,0.0202484130859375
472294edf70049e98fd975f7168a7001,1539381,0.99267578125
472294edf70049e98fd975f7168a7001,1567337,0.99169921875
472294edf70049e98fd975f7168a7001,1599409,0.9912109375
472294edf70049e98fd975f7168a7001,1590916,0.99072265625
472294edf70049e98fd975f7168a7001,1590110,0.984375
472294edf70049e98fd975f7168a7001,1595585,0.98291015625
472294edf70049e98fd975f7168a7001,1588997,0.974609375
472294edf70049e98fd975f7168a7001,1594559,0.9736328125
472294edf70049e98fd975f7168a7001,1543333,0.96484375
472294edf70049e98fd975f7168a7001,1566419,0.94482421875
472294edf70049e98fd975f7168a7001,1594714,0.8359375
472294edf70049e98fd975f7168a7001,1570844,0.416748046875
472294edf70049e98fd975f7168a7001,1592346,0.306640625
36d90464180d4109b26308a5282032e9,1600560,0.9853515625
36d90464180d4109b26308a5282032e9,1593387,0.94873046875
36d90464180d4109b26308a5282032e9,1528803,0.94580078125
36d90464180d4109b26308a5282032e9,1530433,0.9443359375
36d90464180d4109b26308a5282032e9,1535174,0.92041015625
36d90464180d4109b26308a5282032e9,1534205,0.91357421875
36d90464180d4109b26308a5282032e9,1530171,0.90869140625
36d90464180d4109b26308a5282032e9,1539001,0.90478515625
36d90464180d4109b26308a5282032e9,1542634,0.89111328125
36d90464180d4109b26308a5282032e9,1551392,0.8896484375
36d90464180d4109b26308a5282032e9,1564432,0.88427734375
36d90464180d4109b26308a5282032e9,1527609,0.88232421875
36d90464180d4109b26308a5282032e9,1534598,0.87109375
36d90464180d4109b26308a5282032e9,1530347,0.8310546875
36d90464180d4109b26308a5282032e9,1535559,0.798828125
36d90464180d4109b26308a5282032e9,1596316,0.73095703125
9fa31158d6484b8888ac4c1703ca67d9,1582258,0.97119140625
9fa31158d6484b8888ac4c1703ca67d9,1541248,0.962890625
9fa31158d6484b8888ac4c1703ca67d9,1588240,0.96240234375
9fa31158d6484b8888ac4c1703ca67d9,1540161,0.95166015625
9fa31158d6484b8888ac4c1703ca67d9,1530127,0.9423828125
9fa31158d6484b8888ac4c1703ca67d9,1598912,0.93896484375
9fa31158d6484b8888ac4c1703ca67d9,1544960,0.9326171875
9fa31158d6484b8888ac4c1703ca67d9,1532920,0.92578125
9fa31158d6484b8888ac4c1703ca67d9,1539941,0.91552734375
9fa31158d6484b8888ac4c1703ca67d9,1577372,0.90185546875
9fa31158d6484b8888ac4c1703ca67d9,1571279,0.89892578125
9fa31158d6484b8888ac4c1703ca67d9,1571985,0.7646484375
9fa31158d6484b8888ac4c1703ca67d9,1549832,0.740234375
9fa31158d6484b8888ac4c1703ca67d9,1549400,0.7001953125
9fa31158d6484b8888ac4c1703ca67d9,1567300,0.5634765625
9fa31158d6484b8888ac4c1703ca67d9,1549978,0.474365234375
9fa31158d6484b8888ac4c1703ca67d9,1584803,0.425537109375
9fa31158d6484b8888ac4c1703ca67d9,1554298,0.41748046875
1f22cdab1c8b45ee8bbf9ade0b9f7def,1542681,0.98681640625
1f22cdab1c8b45ee8bbf9ade0b9f7def,1591533,0.97998046875
1f22cdab1c8b45ee8bbf9ade0b9f7def,1555682,0.97119140625
1f22cdab1c8b45ee8bbf9ade0b9f7def,1528199,0.9697265625
1f22cdab1c8b45ee8bbf9ade0b9f7def,1543851,0.9677734375
1f22cdab1c8b45ee8bbf9ade0b9f7def,1548435,0.966796875
1f22cdab1c8b45ee8bbf9ade0b9f7def,1568525,0.96630859375
1f22cdab1c8b45ee8bbf9ade0b9f7def,1551373,0.95947265625
1f22cdab1c8b45ee8bbf9ade0b9f7def,1567583,0.958984375
1f22cdab1c8b45ee8bbf9ade0b9f7def,1594918,0.95458984375
1f22cdab1c8b45ee8bbf9ade0b9f7def,1546898,0.95263671875
1f22cdab1c8b45ee8bbf9ade0b9f7def,1551159,0.8115234375
1f22cdab1c8b45ee8bbf9ade0b9f7def,1581209,0.80126953125
1f22cdab1c8b45ee8bbf9ade0b9f7def,1528268,0.576171875
1f22cdab1c8b45ee8bbf9ade0b9f7def,1570684,0.54443359375
36dfa18772da468889d0958a366d2735,1590701,0.99462890625
36dfa18772da468889d0958a366d2735,1584942,0.994140625
36dfa18772da468889d0958a366d2735,1570411,0.99365234375
36dfa18772da468889d0958a366d2735,1588402,0.99365234375
36dfa18772da468889d0958a366d2735,1598520,0.99267578125
36dfa18772da468889d0958a366d2735,1542400,0.9921875
36dfa18772da468889d0958a366d2735,1543997,0.9912109375
36dfa18772da468889d0958a366d2735,1577575,0.990234375
36dfa18772da468889d0958a366d2735,1590838,0.990234375
36dfa18772da468889d0958a366d2735,1565176,0.9892578125
36dfa18772da468889d0958a366d2735,1594850,0.98828125
36dfa18772da468889d0958a366d2735,1577076,0.9873046875
36dfa18772da468889d0958a366d2735,1534624,0.8916015625
36dfa18772da468889d0958a366d2735,1563013,0.88037109375
37c3dc7dbbf64f26917e4fef1148854a,1580713,0.99267578125
37c3dc7dbbf64f26917e4fef1148854a,1594199,0.990234375
37c3dc7dbbf64f26917e4fef1148854a,1564759,0.9873046875
37c3dc7dbbf64f26917e4fef1148854a,1576866,0.9873046875
37c3dc7dbbf64f26917e4fef1148854a,1589542,0.9873046875
37c3dc7dbbf64f26917e4fef1148854a,1535615,0.986328125
37c3dc7dbbf64f26917e4fef1148854a,1535651,0.98583984375
37c3dc7dbbf64f26917e4fef1148854a,1586091,0.98095703125
37c3dc7dbbf64f26917e4fef1148854a,1596887,0.9677734375
37c3dc7dbbf64f26917e4fef1148854a,1531393,0.9658203125
37c3dc7dbbf64f26917e4fef1148854a,1553658,0.95361328125
37c3dc7dbbf64f26917e4fef1148854a,1587503,0.94580078125
37c3dc7dbbf64f26917e4fef1148854a,1534151,0.9384765625
37c3dc7dbbf64f26917e4fef1148854a,1531491,0.93212890625
37c3dc7dbbf64f26917e4fef1148854a,1576410,0.90869140625
37c3dc7dbbf64f26917e4fef1148854a,1591721,0.90234375
37c3dc7dbbf64f26917e4fef1148854a,1539837,0.80615234375
1f09417a3b024c1a996dd2eb72929c0b,1528257,0.990234375
1f09417a3b024c1a996dd2eb72929c0b,1528326,0.98876953125
1f09417a3b024c1a996dd2eb72929c0b,1530548,0.98681640625
1f09417a3b024c1a996dd2eb72929c0b,1536412,0.9599609375
1f09417a3b024c1a996dd2eb72929c0b,1566157,0.95166015625
1f09417a3b024c1a996dd2eb72929c0b,1573437,0.75390625
1f09417a3b024c1a996dd2eb72929c0b,1536496,0.73681640625
1f09417a3b024c1a996dd2eb72929c0b,1585096,0.72509765625
1f09417a3b024c1a996dd2eb72929c0b,1559190,0.69970703125
1f09417a3b024c1a996dd2eb72929c0b,1585306,0.69970703125
1f09417a3b024c1a996dd2eb72929c0b,1564190,0.6572265625
1f09417a3b024c1a996dd2eb72929c0b,1568570,0.62060546875
1f09417a3b024c1a996dd2eb72929c0b,1597144,0.429443359375
1f09417a3b024c1a996dd2eb72929c0b,1563075,0.177490234375
1f09417a3b024c1a996dd2eb72929c0b,1597662,0.06475830078125
93e7a0ea61514022b3cd6d4a038bf64b,1594838,0.9970703125
93e7a0ea61514022b3cd6d4a038bf64b,1558810,0.99609375
93e7a0ea61514022b3cd6d4a038bf64b,1568936,0.99560546875
93e7a0ea61514022b3cd6d4a038bf64b,1555899,0.9892578125
93e7a0ea61514022b3cd6d4a038bf64b,1569267,0.9873046875
93e7a0ea61514022b3cd6d4a038bf64b,1569262,0.9814453125
93e7a0ea61514022b3cd6d4a038bf64b,1581660,0.9736328125
93e7a0ea61514022b3cd6d4a038bf64b,1590922,0.97216796875
93e7a0ea61514022b3cd6d4a038bf64b,1533257,0.96875
93e7a0ea61514022b3cd6d4a038bf64b,1578513,0.96435546875
93e7a0ea61514022b3cd6d4a038bf64b,1560658,0.95947265625
93e7a0ea61514022b3cd6d4a038bf64b,1578459,0.947265625
93e7a0ea61514022b3cd6d4a038bf64b,1547782,0.9462890625
93e7a0ea61514022b3cd6d4a038bf64b,1573471,0.77978515625
d296ec1752b8415b903e70f37b184854,1547564,0.97216796875
d296ec1752b8415b903e70f37b184854,1560344,0.96923828125
d296ec1752b8415b903e70f37b184854,1535758,0.96142578125
d296ec1752b8415b903e70f37b184854,1561317,0.95556640625
d296ec1752b8415b903e70f37b184854,1600941,0.955078125
d296ec1752b8415b903e70f37b184854,1574821,0.951171875
d296ec1752b8415b903e70f37b184854,1575263,0.94873046875
d296ec1752b8415b903e70f37b184854,1567407,0.94384765625
d296ec1752b8415b903e70f37b184854,1533672,0.943359375
d296ec1752b8415b903e70f37b184854,1562920,0.9306640625
d296ec1752b8415b903e70f37b184854,1553262,0.9150390625
d296ec1752b8415b903e70f37b184854,1544290,0.90966796875
d296ec1752b8415b903e70f37b184854,1593521,0.90087890625
d296ec1752b8415b903e70f37b184854,1554515,0.89892578125
d296ec1752b8415b903e70f37b184854,1593621,0.8818359375
d296ec1752b8415b903e70f37b184854,1571603,0.876953125
d296ec1752b8415b903e70f37b184854,1585002,0.8642578125
d296ec1752b8415b903e70f37b184854,1554105,0.84423828125
d296ec1752b8415b903e70f37b184854,1537053,0.8310546875
d296ec1752b8415b903e70f37b184854,1571993,0.79443359375
d296ec1752b8415b903e70f37b184854,1573598,0.783203125
d296ec1752b8415b903e70f37b184854,1542532,0.68017578125
d296ec1752b8415b903e70f37b184854,1569433,0.66748046875
d296ec1752b8415b903e70f37b184854,1582109,0.62939453125
d296ec1752b8415b903e70f37b184854,1578698,0.5634765625
d296ec1752b8415b903e70f37b184854,1541553,0.47265625
d296ec1752b8415b903e70f37b184854,1560312,0.379638671875
d296ec1752b8415b903e70f37b184854,1565821,0.29541015625
11b224c0cf7147b7b488629de6d9ac36,1531868,0.92578125
11b224c0cf7147b7b488629de6d9ac36,1543039,0.88720703125
11b224c0cf7147b7b488629de6d9ac36,1530303,0.87060546875
11b224c0cf7147b7b488629de6d9ac36,1586469,0.8642578125
11b224c0cf7147b7b488629de6d9ac36,1528766,0.859375
11b224c0cf7147b7b488629de6d9ac36,1590353,0.8466796875
11b224c0cf7147b7b488629de6d9ac36,1600093,0.83544921875
11b224c0cf7147b7b488629de6d9ac36,1557339,0.81787109375
11b224c0cf7147b7b488629de6d9ac36,1571004,0.77587890625
11b224c0cf7147b7b488629de6d9ac36,1594402,0.7734375
11b224c0cf7147b7b488629de6d9ac36,1528462,0.759765625
11b224c0cf7147b7b488629de6d9ac36,1577284,0.73974609375
11b224c0cf7147b7b488629de6d9ac36,1584428,0.60791015625
11b224c0cf7147b7b488629de6d9ac36,1551054,0.5341796875
11b224c0cf7147b7b488629de6d9ac36,1539608,0.494873046875
817f2f23797c4da1ae593d9b842e39b5,1586157,0.998046875
817f2f23797c4da1ae593d9b842e39b5,1559291,0.99560546875
817f2f23797c4da1ae593d9b842e39b5,1597657,0.99365234375
817f2f23797c4da1ae593d9b842e39b5,1559292,0.9931640625
817f2f23797c4da1ae593d9b842e39b5,1591510,0.9931640625
817f2f23797c4da1ae593d9b842e39b5,1567221,0.99072265625
817f2f23797c4da1ae593d9b842e39b5,1581616,0.98828125
817f2f23797c4da1ae593d9b842e39b5,1529500,0.9814453125
817f2f23797c4da1ae593d9b842e39b5,1549602,0.97802734375
817f2f23797c4da1ae593d9b842e39b5,1575158,0.75732421875
4e86987181ce42ed977714d40ecc4ec8,1570322,0.9951171875
4e86987181ce42ed977714d40ecc4ec8,1538475,0.9912109375
4e86987181ce42ed977714d40ecc4ec8,1570148,0.9873046875
4e86987181ce42ed977714d40ecc4ec8,1537136,0.978515625
4e86987181ce42ed977714d40ecc4ec8,1570821,0.9765625
4e86987181ce42ed977714d40ecc4ec8,1568000,0.97216796875
4e86987181ce42ed977714d40ecc4ec8,1593327,0.95263671875
4e86987181ce42ed977714d40ecc4ec8,1542998,0.93896484375
4e86987181ce42ed977714d40ecc4ec8,1593384,0.9169921875
4e86987181ce42ed977714d40ecc4ec8,1540641,0.88818359375
4e86987181ce42ed977714d40ecc4ec8,1545485,0.88427734375
4e86987181ce42ed977714d40ecc4ec8,1581518,0.5595703125
4e86987181ce42ed977714d40ecc4ec8,1596962,0.40185546875
4e86987181ce42ed977714d40ecc4ec8,1598015,0.188232421875
e5a7a6d07b154d689d8346d6817b6959,1536059,0.98388671875
e5a7a6d07b154d689d8346d6817b6959,1537933,0.9814453125
e5a7a6d07b154d689d8346d6817b6959,1553617,0.97607421875
e5a7a6d07b154d689d8346d6817b6959,1572137,0.96337890625
e5a7a6d07b154d689d8346d6817b6959,1551866,0.94580078125
e5a7a6d07b154d689d8346d6817b6959,1586792,0.9423828125
e5a7a6d07b154d689d8346d6817b6959,1558684,0.9130859375
e5a7a6d07b154d689d8346d6817b6959,1564784,0.888671875
e5a7a6d07b154d689d8346d6817b6959,1556345,0.88525390625
e5a7a6d07b154d689d8346d6817b6959,1532707,0.87939453125
e5a7a6d07b154d689d8346d6817b6959,1546166,0.8330078125
e5a7a6d07b154d689d8346d6817b6959,1599500,0.6728515625
e5a7a6d07b154d689d8346d6817b6959,1552980,0.66748046875
e5a7a6d07b154d689d8346d6817b6959,1554249,0.63720703125
e5a7a6d07b154d689d8346d6817b6959,1567386,0.5595703125
e5a7a6d07b154d689d8346d6817b6959,1548789,0.489013671875
dad0d53b685d4d2ea9f08393f0ea3135,1585524,0.94775390625
dad0d53b685d4d2ea9f08393f0ea3135,1533940,0.94189453125
dad0d53b685d4d2ea9f08393f0ea3135,1543286,0.92529296875
dad0d53b685d4d2ea9f08393f0ea3135,1531250,0.9033203125
dad0d53b685d4d2ea9f08393f0ea3135,1528803,0.89892578125
dad0d53b685d4d2ea9f08393f0ea3135,1530041,0.86572265625
dad0d53b685d4d2ea9f08393f0ea3135,1539001,0.86279296875
dad0d53b685d4d2ea9f08393f0ea3135,1527609,0.8408203125
dad0d53b685d4d2ea9f08393f0ea3135,1566762,0.83740234375
dad0d53b685d4d2ea9f08393f0ea3135,1538156,0.82373046875
dad0d53b685d4d2ea9f08393f0ea3135,1571207,0.806640625
dad0d53b685d4d2ea9f08393f0ea3135,1576526,0.74365234375
dad0d53b685d4d2ea9f08393f0ea3135,1558725,0.6201171875
dad0d53b685d4d2ea9f08393f0ea3135,1596316,0.48486328125
dad0d53b685d4d2ea9f08393f0ea3135,1596225,0.2156982421875
7df1cfb6899e4cf5ac82ffb355213070,1570267,0.98681640625
7df1cfb6899e4cf5ac82ffb355213070,1583376,0.97705078125
7df1cfb6899e4cf5ac82ffb355213070,1591721,0.96630859375
7df1cfb6899e4cf5ac82ffb355213070,1537637,0.96484375
7df1cfb6899e4cf5ac82ffb355213070,1566861,0.96484375
7df1cfb6899e4cf5ac82ffb355213070,1586464,0.96435546875
7df1cfb6899e4cf5ac82ffb355213070,1581523,0.96337890625
7df1cfb6899e4cf5ac82ffb355213070,1541068,0.9609375
7df1cfb6899e4cf5ac82ffb355213070,1540845,0.9541015625
7df1cfb6899e4cf5ac82ffb355213070,1550798,0.9443359375
7df1cfb6899e4cf5ac82ffb355213070,1545057,0.921875
7df1cfb6899e4cf5ac82ffb355213070,1540629,0.8994140625
7df1cfb6899e4cf5ac82ffb355213070,1574508,0.82470703125
7df1cfb6899e4cf5ac82ffb355213070,1545017,0.7783203125
7df1cfb6899e4cf5ac82ffb355213070,1545007,0.7705078125
7df1cfb6899e4cf5ac82ffb355213070,1541426,0.69580078125
7df1cfb6899e4cf5ac82ffb355213070,1583913,0.65478515625
42a90e10e244428389931f8ae12625f4,1551460,0.97216796875
42a90e10e244428389931f8ae12625f4,1559675,0.87890625
42a90e10e244428389931f8ae12625f4,1553793,0.8759765625
42a90e10e244428389931f8ae12625f4,1567861,0.84619140625
42a90e10e244428389931f8ae12625f4,1570693,0.81787109375
42a90e10e244428389931f8ae12625f4,1578967,0.75634765625
42a90e10e244428389931f8ae12625f4,1565845,0.7255859375
42a90e10e244428389931f8ae12625f4,1587547,0.708984375
42a90e10e244428389931f8ae12625f4,1591768,0.69287109375
42a90e10e244428389931f8ae12625f4,1576260,0.68994140625
42a90e10e244428389931f8ae12625f4,1568060,0.6826171875
42a90e10e244428389931f8ae12625f4,1585256,0.62744140625
42a90e10e244428389931f8ae12625f4,1548818,0.583984375
42a90e10e244428389931f8ae12625f4,1565439,0.5654296875
42a90e10e244428389931f8ae12625f4,1560312,0.497314453125
42a90e10e244428389931f8ae12625f4,1557771,0.413330078125
42a90e10e244428389931f8ae12625f4,1565937,0.255126953125
12816e9add644023ba1a7e4fb25b7199,1572449,0.99658203125
12816e9add644023ba1a7e4fb25b7199,1563222,0.99267578125
12816e9add644023ba1a7e4fb25b7199,1541072,0.99072265625
12816e9add644023ba1a7e4fb25b7199,1597106,0.98779296875
12816e9add644023ba1a7e4fb25b7199,1562870,0.986328125
12816e9add644023ba1a7e4fb25b7199,1552108,0.9794921875
12816e9add644023ba1a7e4fb25b7199,1583595,0.96875
12816e9add644023ba1a7e4fb25b7199,1588300,0.96728515625
12816e9add644023ba1a7e4fb25b7199,1571194,0.9619140625
12816e9add644023ba1a7e4fb25b7199,1547265,0.93896484375
7ef629564077444788f2a16ea72b17de,1583643,0.98583984375
7ef629564077444788f2a16ea72b17de,1591533,0.97412109375
7ef629564077444788f2a16ea72b17de,1596888,0.96826171875
7ef629564077444788f2a16ea72b17de,1597322,0.96240234375
7ef629564077444788f2a16ea72b17de,1589728,0.958984375
7ef629564077444788f2a16ea72b17de,1586262,0.9453125
7ef629564077444788f2a16ea72b17de,1594771,0.9326171875
7ef629564077444788f2a16ea72b17de,1598598,0.93017578125
7ef629564077444788f2a16ea72b17de,1588854,0.92724609375
7ef629564077444788f2a16ea72b17de,1593307,0.84912109375
7ef629564077444788f2a16ea72b17de,1587297,0.81298828125
7ef629564077444788f2a16ea72b17de,1578680,0.7783203125
7ef629564077444788f2a16ea72b17de,1584795,0.728515625
7ef629564077444788f2a16ea72b17de,1594433,0.658203125
7ef629564077444788f2a16ea72b17de,1581209,0.6279296875
7ef629564077444788f2a16ea72b17de,1589363,0.494384765625
c83df637b12946beae23387cb048e196,1574549,0.95263671875
c83df637b12946beae23387cb048e196,1561348,0.8935546875
c83df637b12946beae23387cb048e196,1570010,0.865234375
c83df637b12946beae23387cb048e196,1530247,0.85302734375
c83df637b12946beae23387cb048e196,1582321,0.82861328125
c83df637b12946beae23387cb048e196,1561268,0.818359375
c83df637b12946beae23387cb048e196,1543622,0.7978515625
c83df637b12946beae23387cb048e196,1545913,0.73974609375
c83df637b12946beae23387cb048e196,1536792,0.73486328125
c83df637b12946beae23387cb048e196,1581173,0.732421875
c83df637b12946beae23387cb048e196,1594700,0.732421875
c83df637b12946beae23387cb048e196,1587253,0.71044921875
c83df637b12946beae23387cb048e196,1535155,0.1856689453125
c83df637b12946beae23387cb048e196,1584549,0.1759033203125
25b1ac0fba094a64bd41bf11369123f1,1563616,0.970703125
25b1ac0fba094a64bd41bf11369123f1,1591674,0.96337890625
25b1ac0fba094a64bd41bf11369123f1,1529875,0.95947265625
25b1ac0fba094a64bd41bf11369123f1,1590491,0.95849609375
25b1ac0fba094a64bd41bf11369123f1,1588021,0.95458984375
25b1ac0fba094a64bd41bf11369123f1,1571004,0.95166015625
25b1ac0fba094a64bd41bf11369123f1,1554782,0.9443359375
25b1ac0fba094a64bd41bf11369123f1,1595853,0.94384765625
25b1ac0fba094a64bd41bf11369123f1,1586469,0.943359375
25b1ac0fba094a64bd41bf11369123f1,1572457,0.93994140625
25b1ac0fba094a64bd41bf11369123f1,1590353,0.9384765625
25b1ac0fba094a64bd41bf11369123f1,1574280,0.91015625
25b1ac0fba094a64bd41bf11369123f1,1600093,0.90869140625
25b1ac0fba094a64bd41bf11369123f1,1567581,0.9013671875
25b1ac0fba094a64bd41bf11369123f1,1579794,0.9013671875
25b1ac0fba094a64bd41bf11369123f1,1588565,0.8955078125
25b1ac0fba094a64bd41bf11369123f1,1569026,0.89453125
25b1ac0fba094a64bd41bf11369123f1,1537678,0.86962890625
25b1ac0fba094a64bd41bf11369123f1,1588007,0.86083984375
25b1ac0fba094a64bd41bf11369123f1,1570541,0.845703125
25b1ac0fba094a64bd41bf11369123f1,1557201,0.8251953125
25b1ac0fba094a64bd41bf11369123f1,1568088,0.80712890625
25b1ac0fba094a64bd41bf11369123f1,1584742,0.80419921875
25b1ac0fba094a64bd41bf11369123f1,1572115,0.794921875
25b1ac0fba094a64bd41bf11369123f1,1566887,0.76416015625
25b1ac0fba094a64bd41bf11369123f1,1557339,0.75341796875
25b1ac0fba094a64bd41bf11369123f1,1584428,0.7392578125
25b1ac0fba094a64bd41bf11369123f1,1588319,0.72998046875
25b1ac0fba094a64bd41bf11369123f1,1538486,0.71826171875
25b1ac0fba094a64bd41bf11369123f1,1555148,0.70947265625
25b1ac0fba094a64bd41bf11369123f1,1583348,0.69091796875
25b1ac0fba094a64bd41bf11369123f1,1537057,0.64306640625
25b1ac0fba094a64bd41bf11369123f1,1556653,0.619140625
25b1ac0fba094a64bd41bf11369123f1,1548515,0.480224609375
25b1ac0fba094a64bd41bf11369123f1,1536273,0.30224609375
863b7111a4fb459ea325a301e5305bb7,1551798,0.9892578125
863b7111a4fb459ea325a301e5305bb7,1553617,0.9873046875
863b7111a4fb459ea325a301e5305bb7,1536059,0.984375
863b7111a4fb459ea325a301e5305bb7,1586792,0.96728515625
863b7111a4fb459ea325a301e5305bb7,1577424,0.95068359375
863b7111a4fb459ea325a301e5305bb7,1552913,0.9150390625
863b7111a4fb459ea325a301e5305bb7,1551649,0.89306640625
863b7111a4fb459ea325a301e5305bb7,1557275,0.8583984375
863b7111a4fb459ea325a301e5305bb7,1571466,0.82177734375
863b7111a4fb459ea325a301e5305bb7,1557319,0.79736328125
863b7111a4fb459ea325a301e5305bb7,1599500,0.74560546875
863b7111a4fb459ea325a301e5305bb7,1545729,0.673828125
863b7111a4fb459ea325a301e5305bb7,1557731,0.623046875
863b7111a4fb459ea325a301e5305bb7,1580385,0.5625
863b7111a4fb459ea325a301e5305bb7,1554249,0.54541015625
863b7111a4fb459ea325a301e5305bb7,1574653,0.544921875
863b7111a4fb459ea325a301e5305bb7,1567386,0.53662109375
863b7111a4fb459ea325a301e5305bb7,1584281,0.165771484375
0dd61958e1274c72b9e4efea872a9035,1584527,0.96923828125
0dd61958e1274c72b9e4efea872a9035,1541800,0.96630859375
0dd61958e1274c72b9e4efea872a9035,1565567,0.95751953125
0dd61958e1274c72b9e4efea872a9035,1586262,0.95703125
0dd61958e1274c72b9e4efea872a9035,1594771,0.896484375
0dd61958e1274c72b9e4efea872a9035,1550753,0.83544921875
0dd61958e1274c72b9e4efea872a9035,1587294,0.8310546875
0dd61958e1274c72b9e4efea872a9035,1575807,0.7978515625
0dd61958e1274c72b9e4efea872a9035,1549664,0.7861328125
0dd61958e1274c72b9e4efea872a9035,1567583,0.7666015625
0dd61958e1274c72b9e4efea872a9035,1589233,0.71826171875
0dd61958e1274c72b9e4efea872a9035,1593307,0.712890625
0dd61958e1274c72b9e4efea872a9035,1531913,0.70947265625
0dd61958e1274c72b9e4efea872a9035,1535036,0.55078125
0dd61958e1274c72b9e4efea872a9035,1560347,0.341552734375
b7ba5355c1864ca3928e88f9bbe3576d,1562670,0.97900390625
b7ba5355c1864ca3928e88f9bbe3576d,1530420,0.978515625
b7ba5355c1864ca3928e88f9bbe3576d,1578289,0.97265625
b7ba5355c1864ca3928e88f9bbe3576d,1570421,0.9501953125
b7ba5355c1864ca3928e88f9bbe3576d,1575581,0.91015625
b7ba5355c1864ca3928e88f9bbe3576d,1593236,0.88671875
b7ba5355c1864ca3928e88f9bbe3576d,1534197,0.83984375
b7ba5355c1864ca3928e88f9bbe3576d,1559830,0.82568359375
b7ba5355c1864ca3928e88f9bbe3576d,1552276,0.8232421875
b7ba5355c1864ca3928e88f9bbe3576d,1530071,0.80126953125
b7ba5355c1864ca3928e88f9bbe3576d,1559938,0.77294921875
b7ba5355c1864ca3928e88f9bbe3576d,1587220,0.73583984375
b7ba5355c1864ca3928e88f9bbe3576d,1542068,0.4365234375
b7ba5355c1864ca3928e88f9bbe3576d,1532595,0.37255859375
b7ba5355c1864ca3928e88f9bbe3576d,1554662,0.298583984375
87f45f78000d4b19bfc69818ea4dd308,1587795,0.98779296875
87f45f78000d4b19bfc69818ea4dd308,1593521,0.97314453125
87f45f78000d4b19bfc69818ea4dd308,1553262,0.9716796875
87f45f78000d4b19bfc69818ea4dd308,1546939,0.9677734375
87f45f78000d4b19bfc69818ea4dd308,1547564,0.96630859375
87f45f78000d4b19bfc69818ea4dd308,1574821,0.96630859375
87f45f78000d4b19bfc69818ea4dd308,1533352,0.96240234375
87f45f78000d4b19bfc69818ea4dd308,1542169,0.96240234375
87f45f78000d4b19bfc69818ea4dd308,1562920,0.95751953125
87f45f78000d4b19bfc69818ea4dd308,1573598,0.947265625
87f45f78000d4b19bfc69818ea4dd308,1571993,0.94482421875
87f45f78000d4b19bfc69818ea4dd308,1593110,0.94189453125
87f45f78000d4b19bfc69818ea4dd308,1573686,0.91357421875
87f45f78000d4b19bfc69818ea4dd308,1571910,0.9111328125
87f45f78000d4b19bfc69818ea4dd308,1534686,0.904296875
87f45f78000d4b19bfc69818ea4dd308,1533454,0.89892578125
87f45f78000d4b19bfc69818ea4dd308,1546565,0.88916015625
87f45f78000d4b19bfc69818ea4dd308,1550899,0.85107421875
87f45f78000d4b19bfc69818ea4dd308,1576239,0.71533203125
87f45f78000d4b19bfc69818ea4dd308,1588783,0.58935546875
87f45f78000d4b19bfc69818ea4dd308,1565821,0.347412109375
ae58653432454752b695255ad7ed91a2,1568889,0.9912109375
ae58653432454752b695255ad7ed91a2,1554807,0.990234375
ae58653432454752b695255ad7ed91a2,1529072,0.9736328125
ae58653432454752b695255ad7ed91a2,1576228,0.96337890625
ae58653432454752b695255ad7ed91a2,1560501,0.93115234375
ae58653432454752b695255ad7ed91a2,1529138,0.92724609375
ae58653432454752b695255ad7ed91a2,1532970,0.9228515625
ae58653432454752b695255ad7ed91a2,1531212,0.892578125
ae58653432454752b695255ad7ed91a2,1546480,0.85595703125
ae58653432454752b695255ad7ed91a2,1573681,0.85009765625
ae58653432454752b695255ad7ed91a2,1581792,0.8232421875
ae58653432454752b695255ad7ed91a2,1541662,0.814453125
ae58653432454752b695255ad7ed91a2,1559675,0.76123046875
ae58653432454752b695255ad7ed91a2,1568267,0.72265625
ae58653432454752b695255ad7ed91a2,1572339,0.72265625
ae58653432454752b695255ad7ed91a2,1592096,0.62744140625
ae58653432454752b695255ad7ed91a2,1564128,0.587890625
ae58653432454752b695255ad7ed91a2,1536665,0.5458984375
ae58653432454752b695255ad7ed91a2,1545002,0.451171875
ae58653432454752b695255ad7ed91a2,1558071,0.414794921875
ae58653432454752b695255ad7ed91a2,1578627,0.241455078125
dd0e27dcb5b947808b5a7fab8725aa94,1597322,0.974609375
dd0e27dcb5b947808b5a7fab8725aa94,1551683,0.9619140625
dd0e27dcb5b947808b5a7fab8725aa94,1576139,0.9599609375
dd0e27dcb5b947808b5a7fab8725aa94,1586262,0.919921875
dd0e27dcb5b947808b5a7fab8725aa94,1597043,0.919921875
dd0e27dcb5b947808b5a7fab8725aa94,1528447,0.89892578125
dd0e27dcb5b947808b5a7fab8725aa94,1593307,0.8583984375
dd0e27dcb5b947808b5a7fab8725aa94,1562892,0.8447265625
dd0e27dcb5b947808b5a7fab8725aa94,1587294,0.837890625
dd0e27dcb5b947808b5a7fab8725aa94,1528735,0.8046875
dd0e27dcb5b947808b5a7fab8725aa94,1550753,0.78662109375
dd0e27dcb5b947808b5a7fab8725aa94,1571858,0.7802734375
dd0e27dcb5b947808b5a7fab8725aa94,1554095,0.75634765625
dd0e27dcb5b947808b5a7fab8725aa94,1537185,0.7509765625
dd0e27dcb5b947808b5a7fab8725aa94,1534275,0.740234375
dd0e27dcb5b947808b5a7fab8725aa94,1573151,0.73974609375
dd0e27dcb5b947808b5a7fab8725aa94,1549664,0.734375
dd0e27dcb5b947808b5a7fab8725aa94,1578240,0.489990234375
9cc5a96e01f044c9b17e2d0cf6304562,1546096,0.87890625
9cc5a96e01f044c9b17e2d0cf6304562,1528221,0.85791015625
9cc5a96e01f044c9b17e2d0cf6304562,1553745,0.82861328125
9cc5a96e01f044c9b17e2d0cf6304562,1531984,0.81005859375
9cc5a96e01f044c9b17e2d0cf6304562,1595540,0.77490234375
9cc5a96e01f044c9b17e2d0cf6304562,1593758,0.7587890625
9cc5a96e01f044c9b17e2d0cf6304562,1578203,0.75537109375
9cc5a96e01f044c9b17e2d0cf6304562,1578427,0.7392578125
9cc5a96e01f044c9b17e2d0cf6304562,1532527,0.734375
9cc5a96e01f044c9b17e2d0cf6304562,1547936,0.7314453125
9cc5a96e01f044c9b17e2d0cf6304562,1554676,0.71484375
9cc5a96e01f044c9b17e2d0cf6304562,1556639,0.708984375
9cc5a96e01f044c9b17e2d0cf6304562,1598488,0.7021484375
9cc5a96e01f044c9b17e2d0cf6304562,1528090,0.650390625
9cc5a96e01f044c9b17e2d0cf6304562,1535659,0.6435546875
9cc5a96e01f044c9b17e2d0cf6304562,1560609,0.63671875
9cc5a96e01f044c9b17e2d0cf6304562,1563004,0.63623046875
9cc5a96e01f044c9b17e2d0cf6304562,1535586,0.60498046875
9cc5a96e01f044c9b17e2d0cf6304562,1570710,0.59423828125
9cc5a96e01f044c9b17e2d0cf6304562,1592244,0.58544921875
9cc5a96e01f044c9b17e2d0cf6304562,1586187,0.5791015625
9cc5a96e01f044c9b17e2d0cf6304562,1543532,0.479736328125
9cc5a96e01f044c9b17e2d0cf6304562,1552966,0.2286376953125
9cc5a96e01f044c9b17e2d0cf6304562,1594896,0.138916015625
9cc5a96e01f044c9b17e2d0cf6304562,1590835,0.1324462890625
a545bf883d6945d68d7a6fac13a78774,1527682,0.98876953125
a545bf883d6945d68d7a6fac13a78774,1551683,0.96630859375
a545bf883d6945d68d7a6fac13a78774,1553894,0.96435546875
a545bf883d6945d68d7a6fac13a78774,1535382,0.9638671875
a545bf883d6945d68d7a6fac13a78774,1591533,0.962890625
a545bf883d6945d68d7a6fac13a78774,1576139,0.9599609375
a545bf883d6945d68d7a6fac13a78774,1597322,0.9541015625
a545bf883d6945d68d7a6fac13a78774,1548435,0.95263671875
a545bf883d6945d68d7a6fac13a78774,1555682,0.93896484375
a545bf883d6945d68d7a6fac13a78774,1589728,0.9345703125
a545bf883d6945d68d7a6fac13a78774,1534668,0.92333984375
a545bf883d6945d68d7a6fac13a78774,1561422,0.91943359375
a545bf883d6945d68d7a6fac13a78774,1528447,0.9111328125
a545bf883d6945d68d7a6fac13a78774,1565567,0.908203125
a545bf883d6945d68d7a6fac13a78774,1583632,0.90625
a545bf883d6945d68d7a6fac13a78774,1546293,0.900390625
a545bf883d6945d68d7a6fac13a78774,1549532,0.89892578125
a545bf883d6945d68d7a6fac13a78774,1540579,0.896484375
a545bf883d6945d68d7a6fac13a78774,1528704,0.89599609375
a545bf883d6945d68d7a6fac13a78774,1575807,0.89453125
a545bf883d6945d68d7a6fac13a78774,1552738,0.8740234375
a545bf883d6945d68d7a6fac13a78774,1527920,0.87353515625
a545bf883d6945d68d7a6fac13a78774,1531837,0.84228515625
a545bf883d6945d68d7a6fac13a78774,1567583,0.83203125
a545bf883d6945d68d7a6fac13a78774,1588854,0.81640625
a545bf883d6945d68d7a6fac13a78774,1543259,0.787109375
a545bf883d6945d68d7a6fac13a78774,1555151,0.787109375
a545bf883d6945d68d7a6fac13a78774,1563073,0.787109375
a545bf883d6945d68d7a6fac13a78774,1600900,0.76708984375
a545bf883d6945d68d7a6fac13a78774,1562985,0.75537109375
a545bf883d6945d68d7a6fac13a78774,1587507,0.73388671875
a545bf883d6945d68d7a6fac13a78774,1573151,0.66064453125
a545bf883d6945d68d7a6fac13a78774,1595071,0.6357421875
a545bf883d6945d68d7a6fac13a78774,1554095,0.62646484375
a545bf883d6945d68d7a6fac13a78774,1534275,0.625
a545bf883d6945d68d7a6fac13a78774,1574034,0.58837890625
a545bf883d6945d68d7a6fac13a78774,1565975,0.58154296875
a545bf883d6945d68d7a6fac13a78774,1556150,0.52734375
a545bf883d6945d68d7a6fac13a78774,1587297,0.50927734375
14802bb7088b447da8316e31df07c960,1549438,0.9755859375
14802bb7088b447da8316e31df07c960,1600560,0.97314453125
14802bb7088b447da8316e31df07c960,1545405,0.9580078125
14802bb7088b447da8316e31df07c960,1590316,0.95703125
14802bb7088b447da8316e31df07c960,1577622,0.9541015625
14802bb7088b447da8316e31df07c960,1571783,0.9423828125
14802bb7088b447da8316e31df07c960,1532551,0.93896484375
14802bb7088b447da8316e31df07c960,1593387,0.93701171875
14802bb7088b447da8316e31df07c960,1546764,0.921875
14802bb7088b447da8316e31df07c960,1543226,0.91455078125
14802bb7088b447da8316e31df07c960,1539664,0.91015625
14802bb7088b447da8316e31df07c960,1568308,0.9072265625
14802bb7088b447da8316e31df07c960,1535174,0.90380859375
14802bb7088b447da8316e31df07c960,1594878,0.90185546875
14802bb7088b447da8316e31df07c960,1552865,0.90185546875
14802bb7088b447da8316e31df07c960,1573568,0.89990234375
14802bb7088b447da8316e31df07c960,1541149,0.88037109375
14802bb7088b447da8316e31df07c960,1582326,0.873046875
14802bb7088b447da8316e31df07c960,1534598,0.86865234375
14802bb7088b447da8316e31df07c960,1529451,0.8681640625
14802bb7088b447da8316e31df07c960,1543286,0.861328125
14802bb7088b447da8316e31df07c960,1528488,0.86083984375
14802bb7088b447da8316e31df07c960,1539001,0.84912109375
14802bb7088b447da8316e31df07c960,1528803,0.84521484375
14802bb7088b447da8316e31df07c960,1599413,0.84375
14802bb7088b447da8316e31df07c960,1583077,0.830078125
14802bb7088b447da8316e31df07c960,1561073,0.82373046875
14802bb7088b447da8316e31df07c960,1530347,0.8173828125
14802bb7088b447da8316e31df07c960,1552857,0.8173828125
14802bb7088b447da8316e31df07c960,1548698,0.8095703125
14802bb7088b447da8316e31df07c960,1553253,0.7880859375
14802bb7088b447da8316e31df07c960,1560992,0.765625
14802bb7088b447da8316e31df07c960,1579641,0.755859375
14802bb7088b447da8316e31df07c960,1541074,0.75537109375
14802bb7088b447da8316e31df07c960,1527609,0.751953125
14802bb7088b447da8316e31df07c960,1587983,0.73828125
14802bb7088b447da8316e31df07c960,1537504,0.7138671875
14802bb7088b447da8316e31df07c960,1547066,0.6982421875
14802bb7088b447da8316e31df07c960,1535559,0.69287109375
14802bb7088b447da8316e31df07c960,1539534,0.69140625
14802bb7088b447da8316e31df07c960,1591820,0.6884765625
14802bb7088b447da8316e31df07c960,1591497,0.67236328125
14802bb7088b447da8316e31df07c960,1561583,0.65625
14802bb7088b447da8316e31df07c960,1561492,0.6044921875
14802bb7088b447da8316e31df07c960,1544344,0.60107421875
14802bb7088b447da8316e31df07c960,1546889,0.59765625
14802bb7088b447da8316e31df07c960,1563979,0.5234375
14802bb7088b447da8316e31df07c960,1528092,0.482666015625
14802bb7088b447da8316e31df07c960,1543878,0.392822265625
14802bb7088b447da8316e31df07c960,1546381,0.08123779296875
14802bb7088b447da8316e31df07c960,1586863,0.009857177734375
aefd83a5e9064b2480a302ae4861a50e,1544864,0.998046875
aefd83a5e9064b2480a302ae4861a50e,1599766,0.98974609375
aefd83a5e9064b2480a302ae4861a50e,1532508,0.986328125
aefd83a5e9064b2480a302ae4861a50e,1566117,0.978515625
aefd83a5e9064b2480a302ae4861a50e,1561229,0.96044921875
aefd83a5e9064b2480a302ae4861a50e,1591183,0.9423828125
aefd83a5e9064b2480a302ae4861a50e,1600483,0.939453125
aefd83a5e9064b2480a302ae4861a50e,1556658,0.908203125
aefd83a5e9064b2480a302ae4861a50e,1556641,0.80419921875
aefd83a5e9064b2480a302ae4861a50e,1568583,0.681640625
aefd83a5e9064b2480a302ae4861a50e,1595733,0.65380859375
7f9fbf64a6ce49d98f58852545172526,1586533,0.99365234375
7f9fbf64a6ce49d98f58852545172526,1582201,0.9921875
7f9fbf64a6ce49d98f58852545172526,1544990,0.98828125
7f9fbf64a6ce49d98f58852545172526,1576934,0.98193359375
7f9fbf64a6ce49d98f58852545172526,1553578,0.9677734375
7f9fbf64a6ce49d98f58852545172526,1569048,0.9658203125
7f9fbf64a6ce49d98f58852545172526,1563339,0.9638671875
7f9fbf64a6ce49d98f58852545172526,1532737,0.87353515625
7f9fbf64a6ce49d98f58852545172526,1582177,0.8525390625
7f9fbf64a6ce49d98f58852545172526,1600433,0.75634765625
7f9fbf64a6ce49d98f58852545172526,1584213,0.497802734375
7f9fbf64a6ce49d98f58852545172526,1584891,0.26416015625
7f9fbf64a6ce49d98f58852545172526,1571488,0.1951904296875
7f9fbf64a6ce49d98f58852545172526,1580229,0.11260986328125
74eb85bc0bbe406692b88b3bf8c4b831,1553257,0.90625
74eb85bc0bbe406692b88b3bf8c4b831,1573568,0.90283203125
74eb85bc0bbe406692b88b3bf8c4b831,1532551,0.896484375
74eb85bc0bbe406692b88b3bf8c4b831,1586660,0.890625
74eb85bc0bbe406692b88b3bf8c4b831,1545573,0.87158203125
74eb85bc0bbe406692b88b3bf8c4b831,1563270,0.8701171875
74eb85bc0bbe406692b88b3bf8c4b831,1583522,0.85205078125
74eb85bc0bbe406692b88b3bf8c4b831,1582152,0.8427734375
74eb85bc0bbe406692b88b3bf8c4b831,1537224,0.83251953125
74eb85bc0bbe406692b88b3bf8c4b831,1582477,0.82080078125
74eb85bc0bbe406692b88b3bf8c4b831,1560431,0.80126953125
74eb85bc0bbe406692b88b3bf8c4b831,1533940,0.79248046875
74eb85bc0bbe406692b88b3bf8c4b831,1586243,0.78076171875
74eb85bc0bbe406692b88b3bf8c4b831,1546598,0.7734375
74eb85bc0bbe406692b88b3bf8c4b831,1562866,0.771484375
74eb85bc0bbe406692b88b3bf8c4b831,1565915,0.771484375
74eb85bc0bbe406692b88b3bf8c4b831,1563979,0.76611328125
74eb85bc0bbe406692b88b3bf8c4b831,1577145,0.765625
74eb85bc0bbe406692b88b3bf8c4b831,1545230,0.7568359375
74eb85bc0bbe406692b88b3bf8c4b831,1554967,0.7529296875
74eb85bc0bbe406692b88b3bf8c4b831,1544344,0.70458984375
74eb85bc0bbe406692b88b3bf8c4b831,1547066,0.703125
74eb85bc0bbe406692b88b3bf8c4b831,1546764,0.69970703125
74eb85bc0bbe406692b88b3bf8c4b831,1571783,0.6826171875
74eb85bc0bbe406692b88b3bf8c4b831,1574220,0.6669921875
74eb85bc0bbe406692b88b3bf8c4b831,1574924,0.66015625
74eb85bc0bbe406692b88b3bf8c4b831,1574455,0.5654296875
74eb85bc0bbe406692b88b3bf8c4b831,1557991,0.55615234375
74eb85bc0bbe406692b88b3bf8c4b831,1528092,0.52734375
74eb85bc0bbe406692b88b3bf8c4b831,1533803,0.3544921875
25c7120dd48648cdb9948be972fe7a78,1559779,0.98779296875
25c7120dd48648cdb9948be972fe7a78,1550961,0.98388671875
25c7120dd48648cdb9948be972fe7a78,1590921,0.9638671875
25c7120dd48648cdb9948be972fe7a78,1533396,0.9443359375
25c7120dd48648cdb9948be972fe7a78,1543452,0.94189453125
25c7120dd48648cdb9948be972fe7a78,1550046,0.939453125
25c7120dd48648cdb9948be972fe7a78,1576410,0.9345703125
25c7120dd48648cdb9948be972fe7a78,1575158,0.90087890625
25c7120dd48648cdb9948be972fe7a78,1537812,0.8857421875
25c7120dd48648cdb9948be972fe7a78,1578883,0.884765625
25c7120dd48648cdb9948be972fe7a78,1579620,0.72119140625
25c7120dd48648cdb9948be972fe7a78,1549861,0.685546875
c5f2300eb5e8400cba8e845dc479a6f6,1559779,0.9580078125
c5f2300eb5e8400cba8e845dc479a6f6,1536473,0.951171875
c5f2300eb5e8400cba8e845dc479a6f6,1583585,0.93310546875
c5f2300eb5e8400cba8e845dc479a6f6,1530165,0.92919921875
c5f2300eb5e8400cba8e845dc479a6f6,1535615,0.91796875
c5f2300eb5e8400cba8e845dc479a6f6,1596920,0.830078125
c5f2300eb5e8400cba8e845dc479a6f6,1531491,0.82958984375
c5f2300eb5e8400cba8e845dc479a6f6,1556256,0.78076171875
c5f2300eb5e8400cba8e845dc479a6f6,1590921,0.75830078125
c5f2300eb5e8400cba8e845dc479a6f6,1563152,0.7060546875
c5f2300eb5e8400cba8e845dc479a6f6,1588133,0.7041015625
c5f2300eb5e8400cba8e845dc479a6f6,1536665,0.67138671875
c5f2300eb5e8400cba8e845dc479a6f6,1565845,0.499267578125
c5f2300eb5e8400cba8e845dc479a6f6,1531120,0.2247314453125
b02d858f03e94e92888ff033f35b022e,1580861,0.99853515625
b02d858f03e94e92888ff033f35b022e,1546284,0.99755859375
b02d858f03e94e92888ff033f35b022e,1538624,0.99609375
b02d858f03e94e92888ff033f35b022e,1545687,0.99560546875
b02d858f03e94e92888ff033f35b022e,1577399,0.9951171875
b02d858f03e94e92888ff033f35b022e,1599073,0.9921875
b02d858f03e94e92888ff033f35b022e,1531907,0.99072265625
b02d858f03e94e92888ff033f35b022e,1557751,0.978515625
b02d858f03e94e92888ff033f35b022e,1547706,0.9697265625
b02d858f03e94e92888ff033f35b022e,1579186,0.95751953125
b02d858f03e94e92888ff033f35b022e,1537419,0.888671875
b02d858f03e94e92888ff033f35b022e,1596023,0.88720703125
b02d858f03e94e92888ff033f35b022e,1554277,0.87890625
b02d858f03e94e92888ff033f35b022e,1558399,0.390380859375
5e0096302b0e47448a6b2578b75a0a7e,1564982,0.9970703125
5e0096302b0e47448a6b2578b75a0a7e,1563568,0.99658203125
5e0096302b0e47448a6b2578b75a0a7e,1536864,0.99609375
5e0096302b0e47448a6b2578b75a0a7e,1572277,0.994140625
5e0096302b0e47448a6b2578b75a0a7e,1573093,0.994140625
5e0096302b0e47448a6b2578b75a0a7e,1550588,0.98876953125
5e0096302b0e47448a6b2578b75a0a7e,1590843,0.98779296875
5e0096302b0e47448a6b2578b75a0a7e,1543618,0.95703125
5e0096302b0e47448a6b2578b75a0a7e,1592719,0.88134765625
5e0096302b0e47448a6b2578b75a0a7e,1591946,0.865234375
5e0096302b0e47448a6b2578b75a0a7e,1597848,0.6875
5e0096302b0e47448a6b2578b75a0a7e,1551734,0.66845703125
5e0096302b0e47448a6b2578b75a0a7e,1575746,0.65380859375
5e0096302b0e47448a6b2578b75a0a7e,1549619,0.6357421875
5e0096302b0e47448a6b2578b75a0a7e,1589020,0.62060546875
5e0096302b0e47448a6b2578b75a0a7e,1595873,0.6181640625
5e0096302b0e47448a6b2578b75a0a7e,1584742,0.6015625
5e0096302b0e47448a6b2578b75a0a7e,1552216,0.578125
5e0096302b0e47448a6b2578b75a0a7e,1599664,0.5634765625
5e0096302b0e47448a6b2578b75a0a7e,1532755,0.5390625
5e0096302b0e47448a6b2578b75a0a7e,1600454,0.5263671875
e13275f470d54bfcbc21125a0c00d5fa,1599376,0.98681640625
e13275f470d54bfcbc21125a0c00d5fa,1582321,0.96728515625
e13275f470d54bfcbc21125a0c00d5fa,1560579,0.95849609375
e13275f470d54bfcbc21125a0c00d5fa,1591212,0.95263671875
e13275f470d54bfcbc21125a0c00d5fa,1546809,0.939453125
e13275f470d54bfcbc21125a0c00d5fa,1547120,0.90478515625
e13275f470d54bfcbc21125a0c00d5fa,1572864,0.9033203125
e13275f470d54bfcbc21125a0c00d5fa,1537344,0.90087890625
e13275f470d54bfcbc21125a0c00d5fa,1577918,0.87060546875
e13275f470d54bfcbc21125a0c00d5fa,1585952,0.85986328125
e13275f470d54bfcbc21125a0c00d5fa,1528318,0.78076171875
e13275f470d54bfcbc21125a0c00d5fa,1565450,0.73974609375
e13275f470d54bfcbc21125a0c00d5fa,1593069,0.6875
e13275f470d54bfcbc21125a0c00d5fa,1530193,0.6328125
e13275f470d54bfcbc21125a0c00d5fa,1591903,0.1995849609375
ecaae4b36d1040fb95d930ef4ce14682,1536059,0.986328125
ecaae4b36d1040fb95d930ef4ce14682,1591144,0.98291015625
ecaae4b36d1040fb95d930ef4ce14682,1544018,0.96484375
ecaae4b36d1040fb95d930ef4ce14682,1543239,0.95556640625
ecaae4b36d1040fb95d930ef4ce14682,1590831,0.943359375
ecaae4b36d1040fb95d930ef4ce14682,1583781,0.91943359375
ecaae4b36d1040fb95d930ef4ce14682,1571466,0.91796875
ecaae4b36d1040fb95d930ef4ce14682,1550898,0.90380859375
ecaae4b36d1040fb95d930ef4ce14682,1528681,0.89697265625
ecaae4b36d1040fb95d930ef4ce14682,1563679,0.84912109375
ecaae4b36d1040fb95d930ef4ce14682,1578203,0.81982421875
ecaae4b36d1040fb95d930ef4ce14682,1596830,0.8046875
ecaae4b36d1040fb95d930ef4ce14682,1571767,0.8037109375
ecaae4b36d1040fb95d930ef4ce14682,1557319,0.77734375
ecaae4b36d1040fb95d930ef4ce14682,1595747,0.77294921875
ecaae4b36d1040fb95d930ef4ce14682,1577424,0.75
ecaae4b36d1040fb95d930ef4ce14682,1545083,0.7490234375
ecaae4b36d1040fb95d930ef4ce14682,1588789,0.72412109375
ecaae4b36d1040fb95d930ef4ce14682,1544722,0.669921875
ecaae4b36d1040fb95d930ef4ce14682,1545729,0.64453125
ecaae4b36d1040fb95d930ef4ce14682,1567386,0.57373046875
ecaae4b36d1040fb95d930ef4ce14682,1575036,0.259521484375
8d72b831bec34414a8ecde3a3006049a,1566973,0.98828125
8d72b831bec34414a8ecde3a3006049a,1533736,0.9755859375
8d72b831bec34414a8ecde3a3006049a,1543854,0.97216796875
8d72b831bec34414a8ecde3a3006049a,1558113,0.970703125
8d72b831bec34414a8ecde3a3006049a,1552439,0.9697265625
8d72b831bec34414a8ecde3a3006049a,1543666,0.95703125
8d72b831bec34414a8ecde3a3006049a,1579291,0.94775390625
8d72b831bec34414a8ecde3a3006049a,1543048,0.9091796875
8d72b831bec34414a8ecde3a3006049a,1534421,0.890625
8d72b831bec34414a8ecde3a3006049a,1562842,0.849609375
8d72b831bec34414a8ecde3a3006049a,1540706,0.83154296875
8d72b831bec34414a8ecde3a3006049a,1570880,0.81689453125
8d72b831bec34414a8ecde3a3006049a,1544897,0.798828125
8d72b831bec34414a8ecde3a3006049a,1527806,0.7099609375
8d72b831bec34414a8ecde3a3006049a,1566656,0.55859375
8d72b831bec34414a8ecde3a3006049a,1592334,0.53515625
8d72b831bec34414a8ecde3a3006049a,1538555,0.474609375
8d72b831bec34414a8ecde3a3006049a,1551081,0.08831787109375
601f2b3905454ca6adfb87043301e5c1,1587795,0.98779296875
601f2b3905454ca6adfb87043301e5c1,1539801,0.97314453125
601f2b3905454ca6adfb87043301e5c1,1533672,0.96435546875
601f2b3905454ca6adfb87043301e5c1,1567407,0.95849609375
601f2b3905454ca6adfb87043301e5c1,1546939,0.9541015625
601f2b3905454ca6adfb87043301e5c1,1562249,0.951171875
601f2b3905454ca6adfb87043301e5c1,1544290,0.9423828125
601f2b3905454ca6adfb87043301e5c1,1550899,0.9306640625
601f2b3905454ca6adfb87043301e5c1,1537328,0.9267578125
601f2b3905454ca6adfb87043301e5c1,1546565,0.8466796875
601f2b3905454ca6adfb87043301e5c1,1582109,0.7373046875
601f2b3905454ca6adfb87043301e5c1,1531004,0.73291015625
601f2b3905454ca6adfb87043301e5c1,1545427,0.6181640625
601f2b3905454ca6adfb87043301e5c1,1562140,0.58984375
601f2b3905454ca6adfb87043301e5c1,1552659,0.456787109375
601f2b3905454ca6adfb87043301e5c1,1578519,0.358154296875
7259a54899774b31bf5cf0619c82e263,1531567,0.994140625
7259a54899774b31bf5cf0619c82e263,1595995,0.994140625
7259a54899774b31bf5cf0619c82e263,1566475,0.990234375
7259a54899774b31bf5cf0619c82e263,1536338,0.98974609375
7259a54899774b31bf5cf0619c82e263,1536195,0.98876953125
7259a54899774b31bf5cf0619c82e263,1550798,0.9853515625
7259a54899774b31bf5cf0619c82e263,1545057,0.98486328125
7259a54899774b31bf5cf0619c82e263,1555296,0.98486328125
7259a54899774b31bf5cf0619c82e263,1581792,0.98486328125
7259a54899774b31bf5cf0619c82e263,1549022,0.9833984375
7259a54899774b31bf5cf0619c82e263,1574628,0.98046875
7259a54899774b31bf5cf0619c82e263,1597389,0.98046875
7259a54899774b31bf5cf0619c82e263,1536890,0.97802734375
7259a54899774b31bf5cf0619c82e263,1566861,0.97119140625
7259a54899774b31bf5cf0619c82e263,1562397,0.9677734375
7259a54899774b31bf5cf0619c82e263,1574508,0.96044921875
7259a54899774b31bf5cf0619c82e263,1554457,0.9462890625
7259a54899774b31bf5cf0619c82e263,1568560,0.94140625
7259a54899774b31bf5cf0619c82e263,1589446,0.92529296875
7259a54899774b31bf5cf0619c82e263,1583490,0.91943359375
7259a54899774b31bf5cf0619c82e263,1545017,0.82421875
7259a54899774b31bf5cf0619c82e263,1590372,0.564453125
7259a54899774b31bf5cf0619c82e263,1583980,0.50537109375
7259a54899774b31bf5cf0619c82e263,1582080,0.1685791015625
96c158eb6e564d34963882b958c5a73b,1572137,0.97216796875
96c158eb6e564d34963882b958c5a73b,1586792,0.96240234375
96c158eb6e564d34963882b958c5a73b,1564838,0.95556640625
96c158eb6e564d34963882b958c5a73b,1558684,0.94482421875
96c158eb6e564d34963882b958c5a73b,1528681,0.9375
96c158eb6e564d34963882b958c5a73b,1599423,0.9091796875
96c158eb6e564d34963882b958c5a73b,1551649,0.89013671875
96c158eb6e564d34963882b958c5a73b,1577264,0.88720703125
96c158eb6e564d34963882b958c5a73b,1550898,0.87255859375
96c158eb6e564d34963882b958c5a73b,1551866,0.849609375
96c158eb6e564d34963882b958c5a73b,1599500,0.8310546875
96c158eb6e564d34963882b958c5a73b,1546166,0.80419921875
96c158eb6e564d34963882b958c5a73b,1552838,0.78515625
96c158eb6e564d34963882b958c5a73b,1584754,0.728515625
96c158eb6e564d34963882b958c5a73b,1545729,0.6865234375
96c158eb6e564d34963882b958c5a73b,1571466,0.677734375
96c158eb6e564d34963882b958c5a73b,1557731,0.6015625
db7f49fb45e04c93a522f3461fb83bf4,1559385,0.9873046875
db7f49fb45e04c93a522f3461fb83bf4,1532510,0.986328125
db7f49fb45e04c93a522f3461fb83bf4,1554967,0.96044921875
db7f49fb45e04c93a522f3461fb83bf4,1591788,0.9580078125
db7f49fb45e04c93a522f3461fb83bf4,1533380,0.95556640625
db7f49fb45e04c93a522f3461fb83bf4,1598513,0.955078125
db7f49fb45e04c93a522f3461fb83bf4,1588596,0.94287109375
db7f49fb45e04c93a522f3461fb83bf4,1558193,0.94140625
db7f49fb45e04c93a522f3461fb83bf4,1581632,0.93798828125
db7f49fb45e04c93a522f3461fb83bf4,1534041,0.8837890625
db7f49fb45e04c93a522f3461fb83bf4,1598579,0.87744140625
db7f49fb45e04c93a522f3461fb83bf4,1551613,0.8193359375
db7f49fb45e04c93a522f3461fb83bf4,1546598,0.71484375
db7f49fb45e04c93a522f3461fb83bf4,1536804,0.6513671875
db7f49fb45e04c93a522f3461fb83bf4,1528820,0.6435546875
db7f49fb45e04c93a522f3461fb83bf4,1575787,0.472900390625
f34d3e5d082d4430a28f9295dd625bc8,1584568,0.962890625
f34d3e5d082d4430a28f9295dd625bc8,1598128,0.9287109375
f34d3e5d082d4430a28f9295dd625bc8,1595760,0.9228515625
f34d3e5d082d4430a28f9295dd625bc8,1552406,0.90283203125
f34d3e5d082d4430a28f9295dd625bc8,1545116,0.88134765625
f34d3e5d082d4430a28f9295dd625bc8,1542161,0.87890625
f34d3e5d082d4430a28f9295dd625bc8,1563212,0.8671875
f34d3e5d082d4430a28f9295dd625bc8,1589452,0.8544921875
f34d3e5d082d4430a28f9295dd625bc8,1564116,0.8486328125
f34d3e5d082d4430a28f9295dd625bc8,1544712,0.8447265625
f34d3e5d082d4430a28f9295dd625bc8,1580802,0.83154296875
f34d3e5d082d4430a28f9295dd625bc8,1552747,0.8154296875
f34d3e5d082d4430a28f9295dd625bc8,1597848,0.80810546875
f34d3e5d082d4430a28f9295dd625bc8,1593638,0.79833984375
f34d3e5d082d4430a28f9295dd625bc8,1599233,0.794921875
f34d3e5d082d4430a28f9295dd625bc8,1595898,0.77490234375
f34d3e5d082d4430a28f9295dd625bc8,1598752,0.76904296875
f34d3e5d082d4430a28f9295dd625bc8,1550471,0.75927734375
f34d3e5d082d4430a28f9295dd625bc8,1529552,0.7548828125
f34d3e5d082d4430a28f9295dd625bc8,1591946,0.748046875
f34d3e5d082d4430a28f9295dd625bc8,1595853,0.708984375
f34d3e5d082d4430a28f9295dd625bc8,1557201,0.7021484375
f34d3e5d082d4430a28f9295dd625bc8,1551734,0.6865234375
f34d3e5d082d4430a28f9295dd625bc8,1591017,0.68310546875
f34d3e5d082d4430a28f9295dd625bc8,1542202,0.677734375
f34d3e5d082d4430a28f9295dd625bc8,1536333,0.6640625
f34d3e5d082d4430a28f9295dd625bc8,1592915,0.6611328125
f34d3e5d082d4430a28f9295dd625bc8,1532755,0.6572265625
f34d3e5d082d4430a28f9295dd625bc8,1543618,0.65087890625
f34d3e5d082d4430a28f9295dd625bc8,1593539,0.64794921875
f34d3e5d082d4430a28f9295dd625bc8,1533621,0.642578125
f34d3e5d082d4430a28f9295dd625bc8,1591565,0.642578125
f34d3e5d082d4430a28f9295dd625bc8,1537057,0.626953125
f34d3e5d082d4430a28f9295dd625bc8,1592719,0.60888671875
f34d3e5d082d4430a28f9295dd625bc8,1591010,0.6015625
f34d3e5d082d4430a28f9295dd625bc8,1585583,0.5908203125
f34d3e5d082d4430a28f9295dd625bc8,1587397,0.5810546875
f34d3e5d082d4430a28f9295dd625bc8,1550325,0.55810546875
f34d3e5d082d4430a28f9295dd625bc8,1530485,0.55712890625
f34d3e5d082d4430a28f9295dd625bc8,1597940,0.544921875
f34d3e5d082d4430a28f9295dd625bc8,1595873,0.53759765625
f34d3e5d082d4430a28f9295dd625bc8,1529888,0.5341796875
f34d3e5d082d4430a28f9295dd625bc8,1584428,0.52490234375
f34d3e5d082d4430a28f9295dd625bc8,1569100,0.5205078125
f34d3e5d082d4430a28f9295dd625bc8,1568088,0.50732421875
f34d3e5d082d4430a28f9295dd625bc8,1561042,0.5029296875
f34d3e5d082d4430a28f9295dd625bc8,1587417,0.489501953125
f34d3e5d082d4430a28f9295dd625bc8,1578606,0.390625
f34d3e5d082d4430a28f9295dd625bc8,1573154,0.3671875
f34d3e5d082d4430a28f9295dd625bc8,1556551,0.324462890625
f34d3e5d082d4430a28f9295dd625bc8,1576865,0.2047119140625
f34d3e5d082d4430a28f9295dd625bc8,1558130,0.1312255859375
f34d3e5d082d4430a28f9295dd625bc8,1536083,0.128173828125
d63d7d963d4d42349f9c732219f79519,1566001,0.98828125
d63d7d963d4d42349f9c732219f79519,1582378,0.974609375
d63d7d963d4d42349f9c732219f79519,1575263,0.97412109375
d63d7d963d4d42349f9c732219f79519,1587600,0.97314453125
d63d7d963d4d42349f9c732219f79519,1530302,0.9716796875
d63d7d963d4d42349f9c732219f79519,1562244,0.97119140625
d63d7d963d4d42349f9c732219f79519,1544474,0.96923828125
d63d7d963d4d42349f9c732219f79519,1556092,0.96875
d63d7d963d4d42349f9c732219f79519,1535758,0.966796875
d63d7d963d4d42349f9c732219f79519,1538810,0.9658203125
d63d7d963d4d42349f9c732219f79519,1547265,0.95751953125
d63d7d963d4d42349f9c732219f79519,1545494,0.95654296875
d63d7d963d4d42349f9c732219f79519,1547994,0.9560546875
d63d7d963d4d42349f9c732219f79519,1549605,0.94970703125
d63d7d963d4d42349f9c732219f79519,1573361,0.939453125
d63d7d963d4d42349f9c732219f79519,1545901,0.90771484375
d63d7d963d4d42349f9c732219f79519,1578875,0.90478515625
d63d7d963d4d42349f9c732219f79519,1560670,0.90283203125
d63d7d963d4d42349f9c732219f79519,1550899,0.90185546875
d63d7d963d4d42349f9c732219f79519,1533454,0.90087890625
d63d7d963d4d42349f9c732219f79519,1568317,0.89404296875
d63d7d963d4d42349f9c732219f79519,1578665,0.89208984375
d63d7d963d4d42349f9c732219f79519,1563146,0.88232421875
d63d7d963d4d42349f9c732219f79519,1541553,0.81396484375
d63d7d963d4d42349f9c732219f79519,1564194,0.8134765625
d63d7d963d4d42349f9c732219f79519,1591489,0.72021484375
d63d7d963d4d42349f9c732219f79519,1596235,0.5576171875
d63d7d963d4d42349f9c732219f79519,1578519,0.430419921875
d63d7d963d4d42349f9c732219f79519,1537042,0.120361328125
d63d7d963d4d42349f9c732219f79519,1565821,0.08648681640625
b6c1cab17d5b4197890e7c2d7cd80827,1542681,0.990234375
b6c1cab17d5b4197890e7c2d7cd80827,1578414,0.9873046875
b6c1cab17d5b4197890e7c2d7cd80827,1563488,0.98193359375
b6c1cab17d5b4197890e7c2d7cd80827,1576305,0.96728515625
b6c1cab17d5b4197890e7c2d7cd80827,1577269,0.96435546875
b6c1cab17d5b4197890e7c2d7cd80827,1568525,0.95947265625
b6c1cab17d5b4197890e7c2d7cd80827,1551373,0.90380859375
b6c1cab17d5b4197890e7c2d7cd80827,1588367,0.82666015625
b6c1cab17d5b4197890e7c2d7cd80827,1534200,0.80029296875
b6c1cab17d5b4197890e7c2d7cd80827,1578008,0.7490234375
b6c1cab17d5b4197890e7c2d7cd80827,1597305,0.66748046875
b6c1cab17d5b4197890e7c2d7cd80827,1553450,0.5791015625
b6c1cab17d5b4197890e7c2d7cd80827,1571179,0.497314453125
b6c1cab17d5b4197890e7c2d7cd80827,1528268,0.4501953125
2fe8e11606d145c99f667c5b59ad3167,1575239,0.93994140625
2fe8e11606d145c99f667c5b59ad3167,1547754,0.9384765625
2fe8e11606d145c99f667c5b59ad3167,1542858,0.9306640625
2fe8e11606d145c99f667c5b59ad3167,1559504,0.89453125
2fe8e11606d145c99f667c5b59ad3167,1566419,0.8525390625
2fe8e11606d145c99f667c5b59ad3167,1539381,0.841796875
2fe8e11606d145c99f667c5b59ad3167,1573131,0.83251953125
2fe8e11606d145c99f667c5b59ad3167,1545442,0.81298828125
2fe8e11606d145c99f667c5b59ad3167,1548754,0.7734375
2fe8e11606d145c99f667c5b59ad3167,1539629,0.74560546875
2fe8e11606d145c99f667c5b59ad3167,1541822,0.69677734375
2fe8e11606d145c99f667c5b59ad3167,1567861,0.6806640625
2fe8e11606d145c99f667c5b59ad3167,1565845,0.64794921875
2fe8e11606d145c99f667c5b59ad3167,1567329,0.64501953125
2fe8e11606d145c99f667c5b59ad3167,1543333,0.50390625
2fe8e11606d145c99f667c5b59ad3167,1559675,0.497314453125
2fe8e11606d145c99f667c5b59ad3167,1588997,0.183349609375
6a01a2e25be9410d9f99b46a67bb54fd,1538506,0.99658203125
6a01a2e25be9410d9f99b46a67bb54fd,1559291,0.99658203125
6a01a2e25be9410d9f99b46a67bb54fd,1533446,0.99609375
6a01a2e25be9410d9f99b46a67bb54fd,1594834,0.99560546875
6a01a2e25be9410d9f99b46a67bb54fd,1559292,0.9951171875
6a01a2e25be9410d9f99b46a67bb54fd,1567221,0.9931640625
6a01a2e25be9410d9f99b46a67bb54fd,1581616,0.99072265625
6a01a2e25be9410d9f99b46a67bb54fd,1566120,0.98046875
6a01a2e25be9410d9f99b46a67bb54fd,1575158,0.81787109375
6a01a2e25be9410d9f99b46a67bb54fd,1530748,0.77294921875
6a01a2e25be9410d9f99b46a67bb54fd,1573686,0.25390625
a265f24629bf45ba8b6d485ed7f6efb8,1534707,0.998046875
a265f24629bf45ba8b6d485ed7f6efb8,1566136,0.99755859375
a265f24629bf45ba8b6d485ed7f6efb8,1530635,0.99609375
a265f24629bf45ba8b6d485ed7f6efb8,1544609,0.99609375
a265f24629bf45ba8b6d485ed7f6efb8,1557991,0.99609375
a265f24629bf45ba8b6d485ed7f6efb8,1575457,0.99609375
a265f24629bf45ba8b6d485ed7f6efb8,1545181,0.99560546875
a265f24629bf45ba8b6d485ed7f6efb8,1581143,0.9951171875
a265f24629bf45ba8b6d485ed7f6efb8,1568310,0.99462890625
a265f24629bf45ba8b6d485ed7f6efb8,1553850,0.994140625
a265f24629bf45ba8b6d485ed7f6efb8,1563979,0.99169921875
a265f24629bf45ba8b6d485ed7f6efb8,1539612,0.9912109375
a265f24629bf45ba8b6d485ed7f6efb8,1571820,0.98876953125
a265f24629bf45ba8b6d485ed7f6efb8,1598535,0.97802734375
a265f24629bf45ba8b6d485ed7f6efb8,1595640,0.96875
a265f24629bf45ba8b6d485ed7f6efb8,1554928,0.96142578125
a265f24629bf45ba8b6d485ed7f6efb8,1589833,0.95556640625
a265f24629bf45ba8b6d485ed7f6efb8,1565489,0.91259765625
a265f24629bf45ba8b6d485ed7f6efb8,1546899,0.875
a265f24629bf45ba8b6d485ed7f6efb8,1594856,0.8642578125
a265f24629bf45ba8b6d485ed7f6efb8,1573091,0.51904296875
e4069877160348f4ab17eac4e36fa2bd,1534557,0.96826171875
e4069877160348f4ab17eac4e36fa2bd,1559929,0.95556640625
e4069877160348f4ab17eac4e36fa2bd,1532324,0.9501953125
e4069877160348f4ab17eac4e36fa2bd,1533071,0.9453125
e4069877160348f4ab17eac4e36fa2bd,1563464,0.91943359375
e4069877160348f4ab17eac4e36fa2bd,1554776,0.90576171875
e4069877160348f4ab17eac4e36fa2bd,1558160,0.89990234375
e4069877160348f4ab17eac4e36fa2bd,1549061,0.71728515625
e4069877160348f4ab17eac4e36fa2bd,1563569,0.69482421875
e4069877160348f4ab17eac4e36fa2bd,1566044,0.68896484375
e4069877160348f4ab17eac4e36fa2bd,1578453,0.68310546875
e4069877160348f4ab17eac4e36fa2bd,1547775,0.6728515625
e4069877160348f4ab17eac4e36fa2bd,1554817,0.6298828125
e4069877160348f4ab17eac4e36fa2bd,1554291,0.53466796875
e4069877160348f4ab17eac4e36fa2bd,1576137,0.446533203125
e4069877160348f4ab17eac4e36fa2bd,1585956,0.2880859375
e4069877160348f4ab17eac4e36fa2bd,1554740,0.27294921875
e4069877160348f4ab17eac4e36fa2bd,1542618,0.1629638671875
e4069877160348f4ab17eac4e36fa2bd,1563050,0.14501953125
e4069877160348f4ab17eac4e36fa2bd,1564190,0.0062637329101562
1f89c88fa1e34ca6be7e6ce566eb4a19,1527566,0.98095703125
1f89c88fa1e34ca6be7e6ce566eb4a19,1556686,0.97705078125
1f89c88fa1e34ca6be7e6ce566eb4a19,1566813,0.96875
1f89c88fa1e34ca6be7e6ce566eb4a19,1569883,0.966796875
1f89c88fa1e34ca6be7e6ce566eb4a19,1598748,0.96630859375
1f89c88fa1e34ca6be7e6ce566eb4a19,1530086,0.95654296875
1f89c88fa1e34ca6be7e6ce566eb4a19,1586290,0.953125
1f89c88fa1e34ca6be7e6ce566eb4a19,1549300,0.94189453125
1f89c88fa1e34ca6be7e6ce566eb4a19,1584169,0.84765625
1f89c88fa1e34ca6be7e6ce566eb4a19,1574343,0.8349609375
1f89c88fa1e34ca6be7e6ce566eb4a19,1564784,0.79345703125
1f89c88fa1e34ca6be7e6ce566eb4a19,1549568,0.75927734375
1f89c88fa1e34ca6be7e6ce566eb4a19,1588232,0.73193359375
1f89c88fa1e34ca6be7e6ce566eb4a19,1579118,0.6220703125
1f89c88fa1e34ca6be7e6ce566eb4a19,1573471,0.59521484375
1f89c88fa1e34ca6be7e6ce566eb4a19,1545002,0.37158203125
1f89c88fa1e34ca6be7e6ce566eb4a19,1552071,0.1837158203125
63df6856aa594ec2b0e6ef90e6d27448,1546871,0.87158203125
63df6856aa594ec2b0e6ef90e6d27448,1545405,0.85302734375
63df6856aa594ec2b0e6ef90e6d27448,1588526,0.8408203125
63df6856aa594ec2b0e6ef90e6d27448,1562830,0.833984375
63df6856aa594ec2b0e6ef90e6d27448,1552865,0.82177734375
63df6856aa594ec2b0e6ef90e6d27448,1532551,0.8154296875
63df6856aa594ec2b0e6ef90e6d27448,1566884,0.80224609375
63df6856aa594ec2b0e6ef90e6d27448,1561492,0.78173828125
63df6856aa594ec2b0e6ef90e6d27448,1555432,0.74853515625
63df6856aa594ec2b0e6ef90e6d27448,1553253,0.74609375
63df6856aa594ec2b0e6ef90e6d27448,1546889,0.73095703125
63df6856aa594ec2b0e6ef90e6d27448,1575212,0.6845703125
63df6856aa594ec2b0e6ef90e6d27448,1533743,0.67919921875
63df6856aa594ec2b0e6ef90e6d27448,1547066,0.65673828125
63df6856aa594ec2b0e6ef90e6d27448,1535496,0.54248046875
63df6856aa594ec2b0e6ef90e6d27448,1563708,0.52978515625
63df6856aa594ec2b0e6ef90e6d27448,1546381,0.027801513671875
63df6856aa594ec2b0e6ef90e6d27448,1588528,0.0078125
24f405600e9049978162eb785a074295,1573507,0.994140625
24f405600e9049978162eb785a074295,1549953,0.99365234375
24f405600e9049978162eb785a074295,1544864,0.99072265625
24f405600e9049978162eb785a074295,1594255,0.98876953125
24f405600e9049978162eb785a074295,1558959,0.978515625
24f405600e9049978162eb785a074295,1568531,0.9755859375
24f405600e9049978162eb785a074295,1531706,0.96240234375
24f405600e9049978162eb785a074295,1546644,0.953125
24f405600e9049978162eb785a074295,1588305,0.94091796875
24f405600e9049978162eb785a074295,1596444,0.9267578125
24f405600e9049978162eb785a074295,1529138,0.921875
24f405600e9049978162eb785a074295,1599766,0.8447265625
24f405600e9049978162eb785a074295,1543346,0.81494140625
24f405600e9049978162eb785a074295,1571241,0.78515625
24f405600e9049978162eb785a074295,1548312,0.488037109375
24f405600e9049978162eb785a074295,1581507,0.380126953125
24f405600e9049978162eb785a074295,1551426,0.341552734375
24f405600e9049978162eb785a074295,1541180,0.289306640625
493386f0746f4a239d4fdcca9b027b15,1566327,0.98291015625
493386f0746f4a239d4fdcca9b027b15,1541067,0.97998046875
493386f0746f4a239d4fdcca9b027b15,1546784,0.97119140625
493386f0746f4a239d4fdcca9b027b15,1574560,0.970703125
493386f0746f4a239d4fdcca9b027b15,1554291,0.96630859375
493386f0746f4a239d4fdcca9b027b15,1597100,0.96484375
493386f0746f4a239d4fdcca9b027b15,1576637,0.94189453125
493386f0746f4a239d4fdcca9b027b15,1575548,0.939453125
493386f0746f4a239d4fdcca9b027b15,1529881,0.87890625
493386f0746f4a239d4fdcca9b027b15,1536811,0.8505859375
493386f0746f4a239d4fdcca9b027b15,1582533,0.8076171875
493386f0746f4a239d4fdcca9b027b15,1556905,0.7880859375
493386f0746f4a239d4fdcca9b027b15,1544384,0.7763671875
493386f0746f4a239d4fdcca9b027b15,1544375,0.69580078125
493386f0746f4a239d4fdcca9b027b15,1529664,0.607421875
493386f0746f4a239d4fdcca9b027b15,1562462,0.2078857421875
493386f0746f4a239d4fdcca9b027b15,1545716,0.1873779296875
eb1516b373cf4822ba92c0e282b78db3,1538629,0.96728515625
eb1516b373cf4822ba92c0e282b78db3,1544946,0.943359375
eb1516b373cf4822ba92c0e282b78db3,1543217,0.9384765625
eb1516b373cf4822ba92c0e282b78db3,1574717,0.91796875
eb1516b373cf4822ba92c0e282b78db3,1600718,0.91259765625
eb1516b373cf4822ba92c0e282b78db3,1553942,0.90966796875
eb1516b373cf4822ba92c0e282b78db3,1563232,0.85888671875
eb1516b373cf4822ba92c0e282b78db3,1599344,0.84716796875
eb1516b373cf4822ba92c0e282b78db3,1594492,0.82666015625
eb1516b373cf4822ba92c0e282b78db3,1578029,0.7890625
eb1516b373cf4822ba92c0e282b78db3,1536370,0.7392578125
eb1516b373cf4822ba92c0e282b78db3,1569097,0.72119140625
eb1516b373cf4822ba92c0e282b78db3,1600447,0.6943359375
eb1516b373cf4822ba92c0e282b78db3,1541067,0.65185546875
eb1516b373cf4822ba92c0e282b78db3,1536044,0.6103515625
eb1516b373cf4822ba92c0e282b78db3,1555915,0.16015625
d1eaeb8632514222b0009edadead7d19,1589232,0.99365234375
d1eaeb8632514222b0009edadead7d19,1558367,0.9921875
d1eaeb8632514222b0009edadead7d19,1596920,0.990234375
d1eaeb8632514222b0009edadead7d19,1573361,0.9892578125
d1eaeb8632514222b0009edadead7d19,1576410,0.98876953125
d1eaeb8632514222b0009edadead7d19,1558207,0.98779296875
d1eaeb8632514222b0009edadead7d19,1564381,0.982421875
d1eaeb8632514222b0009edadead7d19,1555979,0.98193359375
d1eaeb8632514222b0009edadead7d19,1598644,0.96337890625
d1eaeb8632514222b0009edadead7d19,1591768,0.93701171875
d1eaeb8632514222b0009edadead7d19,1539837,0.91064453125
d1eaeb8632514222b0009edadead7d19,1576633,0.8828125
d1eaeb8632514222b0009edadead7d19,1558543,0.87744140625
d1eaeb8632514222b0009edadead7d19,1581476,0.73291015625
d1eaeb8632514222b0009edadead7d19,1559451,0.69140625
d1eaeb8632514222b0009edadead7d19,1535018,0.2237548828125
92e5ba1d26664d02a05b891844987b3e,1536059,0.98583984375
92e5ba1d26664d02a05b891844987b3e,1552838,0.9794921875
92e5ba1d26664d02a05b891844987b3e,1557358,0.97412109375
92e5ba1d26664d02a05b891844987b3e,1564838,0.97021484375
92e5ba1d26664d02a05b891844987b3e,1572137,0.96630859375
92e5ba1d26664d02a05b891844987b3e,1577264,0.95849609375
92e5ba1d26664d02a05b891844987b3e,1546166,0.935546875
92e5ba1d26664d02a05b891844987b3e,1543239,0.9140625
92e5ba1d26664d02a05b891844987b3e,1557731,0.91015625
92e5ba1d26664d02a05b891844987b3e,1572400,0.9091796875
92e5ba1d26664d02a05b891844987b3e,1574653,0.87060546875
92e5ba1d26664d02a05b891844987b3e,1556631,0.78271484375
92e5ba1d26664d02a05b891844987b3e,1557319,0.74853515625
92e5ba1d26664d02a05b891844987b3e,1599500,0.66943359375
92e5ba1d26664d02a05b891844987b3e,1554249,0.62841796875
92e5ba1d26664d02a05b891844987b3e,1599159,0.251708984375
ea0298cc74de43c4a5771a545bdff127,1536514,0.96484375
ea0298cc74de43c4a5771a545bdff127,1574519,0.96484375
ea0298cc74de43c4a5771a545bdff127,1552992,0.9599609375
ea0298cc74de43c4a5771a545bdff127,1595050,0.912109375
ea0298cc74de43c4a5771a545bdff127,1539664,0.88623046875
ea0298cc74de43c4a5771a545bdff127,1540181,0.88232421875
ea0298cc74de43c4a5771a545bdff127,1543286,0.8759765625
ea0298cc74de43c4a5771a545bdff127,1543226,0.85693359375
ea0298cc74de43c4a5771a545bdff127,1576332,0.84716796875
ea0298cc74de43c4a5771a545bdff127,1571207,0.8388671875
ea0298cc74de43c4a5771a545bdff127,1554556,0.83154296875
ea0298cc74de43c4a5771a545bdff127,1575673,0.82177734375
ea0298cc74de43c4a5771a545bdff127,1529711,0.81005859375
ea0298cc74de43c4a5771a545bdff127,1553253,0.76806640625
ea0298cc74de43c4a5771a545bdff127,1577317,0.75732421875
ea0298cc74de43c4a5771a545bdff127,1587727,0.755859375
ea0298cc74de43c4a5771a545bdff127,1558725,0.7412109375
ea0298cc74de43c4a5771a545bdff127,1576475,0.716796875
ea0298cc74de43c4a5771a545bdff127,1550481,0.68017578125
ea0298cc74de43c4a5771a545bdff127,1571448,0.6728515625
ea0298cc74de43c4a5771a545bdff127,1587945,0.246337890625
d4cc3ee332894d7f9fee537130d94cb9,1585888,0.9609375
d4cc3ee332894d7f9fee537130d94cb9,1553880,0.95751953125
d4cc3ee332894d7f9fee537130d94cb9,1529875,0.95361328125
d4cc3ee332894d7f9fee537130d94cb9,1563616,0.95166015625
d4cc3ee332894d7f9fee537130d94cb9,1591674,0.9384765625
d4cc3ee332894d7f9fee537130d94cb9,1590491,0.92822265625
d4cc3ee332894d7f9fee537130d94cb9,1572457,0.92626953125
d4cc3ee332894d7f9fee537130d94cb9,1530303,0.92333984375
d4cc3ee332894d7f9fee537130d94cb9,1571004,0.92333984375
d4cc3ee332894d7f9fee537130d94cb9,1567699,0.9111328125
d4cc3ee332894d7f9fee537130d94cb9,1554782,0.88525390625
d4cc3ee332894d7f9fee537130d94cb9,1563183,0.88525390625
d4cc3ee332894d7f9fee537130d94cb9,1574280,0.8779296875
d4cc3ee332894d7f9fee537130d94cb9,1550242,0.8740234375
d4cc3ee332894d7f9fee537130d94cb9,1588437,0.86376953125
d4cc3ee332894d7f9fee537130d94cb9,1569026,0.85205078125
d4cc3ee332894d7f9fee537130d94cb9,1567581,0.84716796875
d4cc3ee332894d7f9fee537130d94cb9,1579794,0.8369140625
d4cc3ee332894d7f9fee537130d94cb9,1571953,0.82177734375
d4cc3ee332894d7f9fee537130d94cb9,1588007,0.82177734375
d4cc3ee332894d7f9fee537130d94cb9,1588565,0.8037109375
d4cc3ee332894d7f9fee537130d94cb9,1572115,0.79541015625
d4cc3ee332894d7f9fee537130d94cb9,1579214,0.79052734375
d4cc3ee332894d7f9fee537130d94cb9,1584428,0.775390625
d4cc3ee332894d7f9fee537130d94cb9,1566887,0.71142578125
d4cc3ee332894d7f9fee537130d94cb9,1588319,0.7099609375
d4cc3ee332894d7f9fee537130d94cb9,1586475,0.673828125
d4cc3ee332894d7f9fee537130d94cb9,1544151,0.57568359375
d4cc3ee332894d7f9fee537130d94cb9,1598140,0.5126953125
d4cc3ee332894d7f9fee537130d94cb9,1531014,0.25341796875
02ab0a78dabb4620a944b241b0908350,1545405,0.96875
02ab0a78dabb4620a944b241b0908350,1593387,0.95361328125
02ab0a78dabb4620a944b241b0908350,1534205,0.9521484375
02ab0a78dabb4620a944b241b0908350,1582477,0.94873046875
02ab0a78dabb4620a944b241b0908350,1530171,0.93359375
02ab0a78dabb4620a944b241b0908350,1534760,0.92822265625
02ab0a78dabb4620a944b241b0908350,1529711,0.9248046875
02ab0a78dabb4620a944b241b0908350,1539001,0.9248046875
02ab0a78dabb4620a944b241b0908350,1548904,0.9111328125
02ab0a78dabb4620a944b241b0908350,1552857,0.892578125
02ab0a78dabb4620a944b241b0908350,1560568,0.86083984375
02ab0a78dabb4620a944b241b0908350,1596316,0.8359375
02ab0a78dabb4620a944b241b0908350,1557733,0.72802734375
02ab0a78dabb4620a944b241b0908350,1576475,0.7119140625
02ab0a78dabb4620a944b241b0908350,1532510,0.6806640625
02ab0a78dabb4620a944b241b0908350,1588794,0.51220703125
614a786f875a4859bd01c3cc1785c901,1572270,0.98388671875
614a786f875a4859bd01c3cc1785c901,1560461,0.9814453125
614a786f875a4859bd01c3cc1785c901,1576374,0.97265625
614a786f875a4859bd01c3cc1785c901,1582760,0.97265625
614a786f875a4859bd01c3cc1785c901,1576139,0.9677734375
614a786f875a4859bd01c3cc1785c901,1557588,0.96337890625
614a786f875a4859bd01c3cc1785c901,1585937,0.9599609375
614a786f875a4859bd01c3cc1785c901,1572241,0.92333984375
614a786f875a4859bd01c3cc1785c901,1597043,0.90869140625
614a786f875a4859bd01c3cc1785c901,1568173,0.89404296875
614a786f875a4859bd01c3cc1785c901,1550753,0.86474609375
614a786f875a4859bd01c3cc1785c901,1549664,0.83447265625
614a786f875a4859bd01c3cc1785c901,1587294,0.80615234375
614a786f875a4859bd01c3cc1785c901,1558424,0.72802734375
614a786f875a4859bd01c3cc1785c901,1534275,0.67041015625
614a786f875a4859bd01c3cc1785c901,1535036,0.416748046875
614a786f875a4859bd01c3cc1785c901,1590936,0.398193359375
97a32c39ce4d49808157611eb312cfee,1559385,0.9697265625
97a32c39ce4d49808157611eb312cfee,1574918,0.958984375
97a32c39ce4d49808157611eb312cfee,1563188,0.95458984375
97a32c39ce4d49808157611eb312cfee,1582500,0.94970703125
97a32c39ce4d49808157611eb312cfee,1590465,0.94287109375
97a32c39ce4d49808157611eb312cfee,1591788,0.94140625
97a32c39ce4d49808157611eb312cfee,1582645,0.93408203125
97a32c39ce4d49808157611eb312cfee,1554967,0.90771484375
97a32c39ce4d49808157611eb312cfee,1558193,0.8994140625
97a32c39ce4d49808157611eb312cfee,1533380,0.88330078125
97a32c39ce4d49808157611eb312cfee,1598579,0.84375
97a32c39ce4d49808157611eb312cfee,1532454,0.78173828125
97a32c39ce4d49808157611eb312cfee,1537885,0.77880859375
97a32c39ce4d49808157611eb312cfee,1535182,0.76416015625
97a32c39ce4d49808157611eb312cfee,1588794,0.71044921875
97a32c39ce4d49808157611eb312cfee,1572239,0.64501953125
97a32c39ce4d49808157611eb312cfee,1595614,0.61767578125
97a32c39ce4d49808157611eb312cfee,1565591,0.529296875
97a32c39ce4d49808157611eb312cfee,1580134,0.437744140625
57619371a82941c8ae62a170680c2c61,1533940,0.97265625
57619371a82941c8ae62a170680c2c61,1545573,0.91943359375
57619371a82941c8ae62a170680c2c61,1529128,0.916015625
57619371a82941c8ae62a170680c2c61,1548386,0.87060546875
57619371a82941c8ae62a170680c2c61,1576526,0.85693359375
57619371a82941c8ae62a170680c2c61,1578895,0.85400390625
57619371a82941c8ae62a170680c2c61,1565437,0.78564453125
57619371a82941c8ae62a170680c2c61,1556779,0.75341796875
57619371a82941c8ae62a170680c2c61,1577764,0.640625
57619371a82941c8ae62a170680c2c61,1542099,0.638671875
57619371a82941c8ae62a170680c2c61,1563708,0.62744140625
57619371a82941c8ae62a170680c2c61,1576320,0.5654296875
57619371a82941c8ae62a170680c2c61,1574120,0.34912109375
57619371a82941c8ae62a170680c2c61,1586863,0.1190185546875
a39ff299d5534bd78f51759c52ba96c5,1530891,0.92822265625
a39ff299d5534bd78f51759c52ba96c5,1593639,0.91748046875
a39ff299d5534bd78f51759c52ba96c5,1587925,0.88623046875
a39ff299d5534bd78f51759c52ba96c5,1552211,0.8759765625
a39ff299d5534bd78f51759c52ba96c5,1533725,0.87060546875
a39ff299d5534bd78f51759c52ba96c5,1570623,0.84033203125
a39ff299d5534bd78f51759c52ba96c5,1564017,0.73974609375
a39ff299d5534bd78f51759c52ba96c5,1595496,0.7197265625
a39ff299d5534bd78f51759c52ba96c5,1545196,0.69970703125
a39ff299d5534bd78f51759c52ba96c5,1589465,0.66259765625
a39ff299d5534bd78f51759c52ba96c5,1550439,0.60205078125
a39ff299d5534bd78f51759c52ba96c5,1549779,0.59130859375
a39ff299d5534bd78f51759c52ba96c5,1582682,0.5810546875
a39ff299d5534bd78f51759c52ba96c5,1590348,0.560546875
a39ff299d5534bd78f51759c52ba96c5,1552413,0.53271484375
a39ff299d5534bd78f51759c52ba96c5,1536371,0.1790771484375
a50b8106b09c494b85fdf3f5c79559e0,1544474,0.97119140625
a50b8106b09c494b85fdf3f5c79559e0,1600941,0.97119140625
a50b8106b09c494b85fdf3f5c79559e0,1587795,0.97021484375
a50b8106b09c494b85fdf3f5c79559e0,1546939,0.9697265625
a50b8106b09c494b85fdf3f5c79559e0,1570390,0.9208984375
a50b8106b09c494b85fdf3f5c79559e0,1578519,0.91845703125
a50b8106b09c494b85fdf3f5c79559e0,1546565,0.8583984375
a50b8106b09c494b85fdf3f5c79559e0,1582109,0.8525390625
a50b8106b09c494b85fdf3f5c79559e0,1562140,0.755859375
a50b8106b09c494b85fdf3f5c79559e0,1537258,0.5302734375
a50b8106b09c494b85fdf3f5c79559e0,1565821,0.346435546875
2312cbcb3ea34708b25a1ae863ada82e,1584568,0.96533203125
2312cbcb3ea34708b25a1ae863ada82e,1539793,0.95263671875
2312cbcb3ea34708b25a1ae863ada82e,1543039,0.91015625
2312cbcb3ea34708b25a1ae863ada82e,1557201,0.876953125
2312cbcb3ea34708b25a1ae863ada82e,1535205,0.8662109375
2312cbcb3ea34708b25a1ae863ada82e,1595751,0.8603515625
2312cbcb3ea34708b25a1ae863ada82e,1564021,0.845703125
2312cbcb3ea34708b25a1ae863ada82e,1591565,0.837890625
2312cbcb3ea34708b25a1ae863ada82e,1597951,0.8369140625
2312cbcb3ea34708b25a1ae863ada82e,1592719,0.8173828125
2312cbcb3ea34708b25a1ae863ada82e,1593539,0.80029296875
2312cbcb3ea34708b25a1ae863ada82e,1568824,0.7197265625
2312cbcb3ea34708b25a1ae863ada82e,1584742,0.68798828125
2312cbcb3ea34708b25a1ae863ada82e,1556653,0.64404296875
2312cbcb3ea34708b25a1ae863ada82e,1585583,0.62548828125
2312cbcb3ea34708b25a1ae863ada82e,1564982,0.54248046875
2312cbcb3ea34708b25a1ae863ada82e,1548515,0.473388671875
2312cbcb3ea34708b25a1ae863ada82e,1538116,0.3505859375
8e31a6ed03f64f4c982bbeb987816600,1566001,0.99072265625
8e31a6ed03f64f4c982bbeb987816600,1545494,0.986328125
8e31a6ed03f64f4c982bbeb987816600,1556092,0.98291015625
8e31a6ed03f64f4c982bbeb987816600,1562244,0.9814453125
8e31a6ed03f64f4c982bbeb987816600,1530302,0.98095703125
8e31a6ed03f64f4c982bbeb987816600,1585002,0.96533203125
8e31a6ed03f64f4c982bbeb987816600,1586448,0.96533203125
8e31a6ed03f64f4c982bbeb987816600,1549605,0.96484375
8e31a6ed03f64f4c982bbeb987816600,1538810,0.96435546875
8e31a6ed03f64f4c982bbeb987816600,1581633,0.94287109375
8e31a6ed03f64f4c982bbeb987816600,1554515,0.91552734375
8e31a6ed03f64f4c982bbeb987816600,1560670,0.89892578125
8e31a6ed03f64f4c982bbeb987816600,1582604,0.87060546875
8e31a6ed03f64f4c982bbeb987816600,1551332,0.82958984375
8e31a6ed03f64f4c982bbeb987816600,1565474,0.81494140625
8e31a6ed03f64f4c982bbeb987816600,1589516,0.80419921875
8e31a6ed03f64f4c982bbeb987816600,1551199,0.72412109375
8e31a6ed03f64f4c982bbeb987816600,1552980,0.72216796875
8e31a6ed03f64f4c982bbeb987816600,1552659,0.587890625
8e31a6ed03f64f4c982bbeb987816600,1553793,0.47021484375
8e31a6ed03f64f4c982bbeb987816600,1550135,0.4677734375
9465921b147644ecbb12f3d97bcdd57c,1531736,0.97607421875
9465921b147644ecbb12f3d97bcdd57c,1600617,0.9619140625
9465921b147644ecbb12f3d97bcdd57c,1544278,0.95654296875
9465921b147644ecbb12f3d97bcdd57c,1598889,0.9365234375
9465921b147644ecbb12f3d97bcdd57c,1589140,0.93310546875
9465921b147644ecbb12f3d97bcdd57c,1531020,0.91259765625
9465921b147644ecbb12f3d97bcdd57c,1540770,0.865234375
9465921b147644ecbb12f3d97bcdd57c,1575887,0.85693359375
9465921b147644ecbb12f3d97bcdd57c,1568267,0.85400390625
9465921b147644ecbb12f3d97bcdd57c,1550341,0.7783203125
9465921b147644ecbb12f3d97bcdd57c,1582566,0.65380859375
9465921b147644ecbb12f3d97bcdd57c,1528828,0.6396484375
7df08de86e6346629c608393dbc48c3c,1558960,0.99853515625
7df08de86e6346629c608393dbc48c3c,1577452,0.99853515625
7df08de86e6346629c608393dbc48c3c,1575823,0.99853515625
7df08de86e6346629c608393dbc48c3c,1571090,0.998046875
7df08de86e6346629c608393dbc48c3c,1598836,0.998046875
7df08de86e6346629c608393dbc48c3c,1540783,0.99755859375
7df08de86e6346629c608393dbc48c3c,1582848,0.9970703125
7df08de86e6346629c608393dbc48c3c,1573393,0.99609375
7df08de86e6346629c608393dbc48c3c,1534315,0.99609375
7df08de86e6346629c608393dbc48c3c,1553510,0.99609375
7df08de86e6346629c608393dbc48c3c,1555647,0.99609375
7df08de86e6346629c608393dbc48c3c,1589069,0.927734375
7df08de86e6346629c608393dbc48c3c,1599067,0.8974609375
7df08de86e6346629c608393dbc48c3c,1541822,0.80810546875
7df08de86e6346629c608393dbc48c3c,1559675,0.779296875
7df08de86e6346629c608393dbc48c3c,1563467,0.76318359375
7df08de86e6346629c608393dbc48c3c,1569915,0.71484375
7df08de86e6346629c608393dbc48c3c,1547029,0.7001953125
7df08de86e6346629c608393dbc48c3c,1596235,0.65576171875
7df08de86e6346629c608393dbc48c3c,1567379,0.59130859375
7df08de86e6346629c608393dbc48c3c,1569894,0.48681640625
a6dd40ff9e464adfa145ee6f6fd754a8,1594784,0.9609375
a6dd40ff9e464adfa145ee6f6fd754a8,1574673,0.96044921875
a6dd40ff9e464adfa145ee6f6fd754a8,1574150,0.9306640625
a6dd40ff9e464adfa145ee6f6fd754a8,1543217,0.9091796875
a6dd40ff9e464adfa145ee6f6fd754a8,1556137,0.8447265625
a6dd40ff9e464adfa145ee6f6fd754a8,1557893,0.716796875
a6dd40ff9e464adfa145ee6f6fd754a8,1534557,0.67919921875
a6dd40ff9e464adfa145ee6f6fd754a8,1573797,0.6337890625
a6dd40ff9e464adfa145ee6f6fd754a8,1560808,0.62890625
a6dd40ff9e464adfa145ee6f6fd754a8,1576307,0.57568359375
a6dd40ff9e464adfa145ee6f6fd754a8,1549064,0.5517578125
a6dd40ff9e464adfa145ee6f6fd754a8,1550346,0.53125
a6dd40ff9e464adfa145ee6f6fd754a8,1562462,0.52978515625
a6dd40ff9e464adfa145ee6f6fd754a8,1586935,0.228271484375
70f26f9cae094a8fb14346a5758f79cc,1568936,0.99609375
70f26f9cae094a8fb14346a5758f79cc,1539224,0.9951171875
70f26f9cae094a8fb14346a5758f79cc,1540331,0.99462890625
70f26f9cae094a8fb14346a5758f79cc,1555899,0.994140625
70f26f9cae094a8fb14346a5758f79cc,1558080,0.9921875
70f26f9cae094a8fb14346a5758f79cc,1538976,0.98193359375
70f26f9cae094a8fb14346a5758f79cc,1533257,0.9794921875
70f26f9cae094a8fb14346a5758f79cc,1569267,0.9765625
70f26f9cae094a8fb14346a5758f79cc,1529236,0.9716796875
70f26f9cae094a8fb14346a5758f79cc,1578513,0.97119140625
70f26f9cae094a8fb14346a5758f79cc,1569262,0.9697265625
70f26f9cae094a8fb14346a5758f79cc,1569273,0.88427734375
70f26f9cae094a8fb14346a5758f79cc,1531736,0.84326171875
70f26f9cae094a8fb14346a5758f79cc,1542919,0.79248046875
70f26f9cae094a8fb14346a5758f79cc,1595669,0.72802734375
70f26f9cae094a8fb14346a5758f79cc,1573471,0.6943359375
70f26f9cae094a8fb14346a5758f79cc,1589446,0.385986328125
3fc74ad66cb745878ca4275321e1d2d8,1540583,0.98974609375
3fc74ad66cb745878ca4275321e1d2d8,1555936,0.89501953125
3fc74ad66cb745878ca4275321e1d2d8,1600589,0.88916015625
3fc74ad66cb745878ca4275321e1d2d8,1539704,0.87548828125
3fc74ad66cb745878ca4275321e1d2d8,1533746,0.85791015625
3fc74ad66cb745878ca4275321e1d2d8,1528192,0.85498046875
3fc74ad66cb745878ca4275321e1d2d8,1565371,0.736328125
3fc74ad66cb745878ca4275321e1d2d8,1557344,0.70263671875
3fc74ad66cb745878ca4275321e1d2d8,1540823,0.68408203125
3fc74ad66cb745878ca4275321e1d2d8,1588234,0.6787109375
3fc74ad66cb745878ca4275321e1d2d8,1550327,0.60595703125
3fc74ad66cb745878ca4275321e1d2d8,1555845,0.5966796875
3fc74ad66cb745878ca4275321e1d2d8,1535565,0.294921875
3fc74ad66cb745878ca4275321e1d2d8,1599485,0.2188720703125
3fc74ad66cb745878ca4275321e1d2d8,1554148,0.1190185546875
fdddf3534e6e490ebbb24e5a61b43cf1,1530347,0.9921875
fdddf3534e6e490ebbb24e5a61b43cf1,1552232,0.9892578125
fdddf3534e6e490ebbb24e5a61b43cf1,1538628,0.97119140625
fdddf3534e6e490ebbb24e5a61b43cf1,1534760,0.94970703125
fdddf3534e6e490ebbb24e5a61b43cf1,1572510,0.9462890625
fdddf3534e6e490ebbb24e5a61b43cf1,1562984,0.93896484375
fdddf3534e6e490ebbb24e5a61b43cf1,1530433,0.93359375
fdddf3534e6e490ebbb24e5a61b43cf1,1579462,0.9248046875
fdddf3534e6e490ebbb24e5a61b43cf1,1534205,0.916015625
fdddf3534e6e490ebbb24e5a61b43cf1,1537965,0.916015625
fdddf3534e6e490ebbb24e5a61b43cf1,1553741,0.916015625
fdddf3534e6e490ebbb24e5a61b43cf1,1574924,0.904296875
fdddf3534e6e490ebbb24e5a61b43cf1,1553253,0.90380859375
fdddf3534e6e490ebbb24e5a61b43cf1,1538156,0.90185546875
fdddf3534e6e490ebbb24e5a61b43cf1,1555432,0.85693359375
fdddf3534e6e490ebbb24e5a61b43cf1,1596316,0.84814453125
fdddf3534e6e490ebbb24e5a61b43cf1,1568443,0.83544921875
fdddf3534e6e490ebbb24e5a61b43cf1,1528664,0.83447265625
fdddf3534e6e490ebbb24e5a61b43cf1,1582477,0.80126953125
fdddf3534e6e490ebbb24e5a61b43cf1,1534707,0.708984375
fdddf3534e6e490ebbb24e5a61b43cf1,1563708,0.6767578125
fdddf3534e6e490ebbb24e5a61b43cf1,1551138,0.45751953125
c45afa1fa24d49f4bc7a2eab98eeed51,1573001,0.88427734375
c45afa1fa24d49f4bc7a2eab98eeed51,1535586,0.81640625
c45afa1fa24d49f4bc7a2eab98eeed51,1546096,0.7978515625
c45afa1fa24d49f4bc7a2eab98eeed51,1542494,0.7958984375
c45afa1fa24d49f4bc7a2eab98eeed51,1584561,0.78369140625
c45afa1fa24d49f4bc7a2eab98eeed51,1598559,0.78125
c45afa1fa24d49f4bc7a2eab98eeed51,1595120,0.77197265625
c45afa1fa24d49f4bc7a2eab98eeed51,1535952,0.76953125
c45afa1fa24d49f4bc7a2eab98eeed51,1534060,0.765625
c45afa1fa24d49f4bc7a2eab98eeed51,1563963,0.7001953125
c45afa1fa24d49f4bc7a2eab98eeed51,1587556,0.68994140625
c45afa1fa24d49f4bc7a2eab98eeed51,1552980,0.673828125
c45afa1fa24d49f4bc7a2eab98eeed51,1586187,0.66259765625
c45afa1fa24d49f4bc7a2eab98eeed51,1597151,0.62841796875
c45afa1fa24d49f4bc7a2eab98eeed51,1570858,0.6123046875
c45afa1fa24d49f4bc7a2eab98eeed51,1544520,0.59716796875
c45afa1fa24d49f4bc7a2eab98eeed51,1550640,0.5458984375
c45afa1fa24d49f4bc7a2eab98eeed51,1531954,0.29248046875
c45afa1fa24d49f4bc7a2eab98eeed51,1590835,0.041778564453125
97a128b83d064e80a48088c82e8204a5,1587050,0.87158203125
97a128b83d064e80a48088c82e8204a5,1560431,0.81982421875
97a128b83d064e80a48088c82e8204a5,1528488,0.77197265625
97a128b83d064e80a48088c82e8204a5,1553257,0.7529296875
97a128b83d064e80a48088c82e8204a5,1585524,0.71142578125
97a128b83d064e80a48088c82e8204a5,1584754,0.681640625
97a128b83d064e80a48088c82e8204a5,1552865,0.64990234375
97a128b83d064e80a48088c82e8204a5,1592477,0.646484375
97a128b83d064e80a48088c82e8204a5,1572510,0.6201171875
97a128b83d064e80a48088c82e8204a5,1543617,0.61083984375
97a128b83d064e80a48088c82e8204a5,1546889,0.58154296875
97a128b83d064e80a48088c82e8204a5,1570763,0.57373046875
97a128b83d064e80a48088c82e8204a5,1577416,0.1531982421875
97a128b83d064e80a48088c82e8204a5,1568629,0.0194549560546875
5bcb958b9b684b408658595c52217d4d,1542291,0.98974609375
5bcb958b9b684b408658595c52217d4d,1598328,0.9833984375
5bcb958b9b684b408658595c52217d4d,1554193,0.9794921875
5bcb958b9b684b408658595c52217d4d,1568312,0.97216796875
5bcb958b9b684b408658595c52217d4d,1536761,0.97119140625
5bcb958b9b684b408658595c52217d4d,1592084,0.9580078125
5bcb958b9b684b408658595c52217d4d,1531520,0.9365234375
5bcb958b9b684b408658595c52217d4d,1570267,0.93310546875
5bcb958b9b684b408658595c52217d4d,1578627,0.87548828125
5bcb958b9b684b408658595c52217d4d,1583376,0.861328125
5bcb958b9b684b408658595c52217d4d,1531513,0.845703125
5bcb958b9b684b408658595c52217d4d,1573830,0.77197265625
5bcb958b9b684b408658595c52217d4d,1546480,0.64501953125
5bcb958b9b684b408658595c52217d4d,1587547,0.53955078125
5bcb958b9b684b408658595c52217d4d,1579118,0.53466796875
5bcb958b9b684b408658595c52217d4d,1569894,0.2220458984375
5bcb958b9b684b408658595c52217d4d,1578968,0.0994873046875
5bcb958b9b684b408658595c52217d4d,1529015,0.09466552734375
3b56470f153644429e68742603b8ec20,1568443,0.97314453125
3b56470f153644429e68742603b8ec20,1585524,0.8916015625
3b56470f153644429e68742603b8ec20,1577768,0.87744140625
3b56470f153644429e68742603b8ec20,1549438,0.87353515625
3b56470f153644429e68742603b8ec20,1532551,0.865234375
3b56470f153644429e68742603b8ec20,1587050,0.82958984375
3b56470f153644429e68742603b8ec20,1583077,0.828125
3b56470f153644429e68742603b8ec20,1574889,0.82568359375
3b56470f153644429e68742603b8ec20,1552857,0.7607421875
3b56470f153644429e68742603b8ec20,1573568,0.72900390625
3b56470f153644429e68742603b8ec20,1577317,0.71923828125
3b56470f153644429e68742603b8ec20,1574519,0.67431640625
3b56470f153644429e68742603b8ec20,1530041,0.59033203125
3b56470f153644429e68742603b8ec20,1579641,0.58740234375
3b56470f153644429e68742603b8ec20,1561492,0.57470703125
3b56470f153644429e68742603b8ec20,1538156,0.53125
3b56470f153644429e68742603b8ec20,1533940,0.53076171875
3b56470f153644429e68742603b8ec20,1548356,0.46142578125
3b56470f153644429e68742603b8ec20,1561583,0.45947265625
3b56470f153644429e68742603b8ec20,1590358,0.373046875
3b56470f153644429e68742603b8ec20,1542099,0.372314453125
3b56470f153644429e68742603b8ec20,1591949,0.33544921875
3b56470f153644429e68742603b8ec20,1586660,0.2880859375
85bf10cbc65c409093890cba7c5a8e9c,1584568,0.9619140625
85bf10cbc65c409093890cba7c5a8e9c,1545074,0.95263671875
85bf10cbc65c409093890cba7c5a8e9c,1539793,0.89892578125
85bf10cbc65c409093890cba7c5a8e9c,1559285,0.88916015625
85bf10cbc65c409093890cba7c5a8e9c,1570541,0.8701171875
85bf10cbc65c409093890cba7c5a8e9c,1543039,0.85595703125
85bf10cbc65c409093890cba7c5a8e9c,1552406,0.8525390625
85bf10cbc65c409093890cba7c5a8e9c,1591565,0.83544921875
85bf10cbc65c409093890cba7c5a8e9c,1537057,0.8330078125
85bf10cbc65c409093890cba7c5a8e9c,1598752,0.82568359375
85bf10cbc65c409093890cba7c5a8e9c,1542161,0.82373046875
85bf10cbc65c409093890cba7c5a8e9c,1586469,0.79541015625
85bf10cbc65c409093890cba7c5a8e9c,1597848,0.7646484375
85bf10cbc65c409093890cba7c5a8e9c,1599233,0.76318359375
85bf10cbc65c409093890cba7c5a8e9c,1536333,0.75732421875
85bf10cbc65c409093890cba7c5a8e9c,1528462,0.7451171875
85bf10cbc65c409093890cba7c5a8e9c,1580802,0.73681640625
85bf10cbc65c409093890cba7c5a8e9c,1575746,0.7333984375
85bf10cbc65c409093890cba7c5a8e9c,1563212,0.705078125
85bf10cbc65c409093890cba7c5a8e9c,1591017,0.6884765625
85bf10cbc65c409093890cba7c5a8e9c,1592719,0.68017578125
85bf10cbc65c409093890cba7c5a8e9c,1532953,0.669921875
85bf10cbc65c409093890cba7c5a8e9c,1556653,0.64111328125
85bf10cbc65c409093890cba7c5a8e9c,1530485,0.63525390625
85bf10cbc65c409093890cba7c5a8e9c,1556551,0.60107421875
85bf10cbc65c409093890cba7c5a8e9c,1568088,0.56884765625
85bf10cbc65c409093890cba7c5a8e9c,1576865,0.54736328125
85bf10cbc65c409093890cba7c5a8e9c,1546513,0.541015625
85bf10cbc65c409093890cba7c5a8e9c,1600454,0.5205078125
85bf10cbc65c409093890cba7c5a8e9c,1593436,0.38330078125
b05d9f40eff44ec384b4ab1da46f5752,1590004,0.98779296875
b05d9f40eff44ec384b4ab1da46f5752,1531284,0.97998046875
b05d9f40eff44ec384b4ab1da46f5752,1578711,0.978515625
b05d9f40eff44ec384b4ab1da46f5752,1578067,0.9482421875
b05d9f40eff44ec384b4ab1da46f5752,1557588,0.9453125
b05d9f40eff44ec384b4ab1da46f5752,1574808,0.9404296875
b05d9f40eff44ec384b4ab1da46f5752,1566939,0.939453125
b05d9f40eff44ec384b4ab1da46f5752,1557070,0.93310546875
b05d9f40eff44ec384b4ab1da46f5752,1528869,0.91943359375
b05d9f40eff44ec384b4ab1da46f5752,1529517,0.9169921875
b05d9f40eff44ec384b4ab1da46f5752,1559560,0.89990234375
b05d9f40eff44ec384b4ab1da46f5752,1571460,0.88720703125
b05d9f40eff44ec384b4ab1da46f5752,1534210,0.8837890625
b05d9f40eff44ec384b4ab1da46f5752,1596884,0.87060546875
b05d9f40eff44ec384b4ab1da46f5752,1535123,0.85693359375
b05d9f40eff44ec384b4ab1da46f5752,1562985,0.7177734375
38ed40acc8b846288c7c694d557fb7e4,1583164,0.98828125
38ed40acc8b846288c7c694d557fb7e4,1532303,0.97802734375
38ed40acc8b846288c7c694d557fb7e4,1533396,0.96875
38ed40acc8b846288c7c694d557fb7e4,1551012,0.94873046875
38ed40acc8b846288c7c694d557fb7e4,1595299,0.90478515625
38ed40acc8b846288c7c694d557fb7e4,1537372,0.8994140625
38ed40acc8b846288c7c694d557fb7e4,1541410,0.8173828125
38ed40acc8b846288c7c694d557fb7e4,1546480,0.8037109375
38ed40acc8b846288c7c694d557fb7e4,1582909,0.7958984375
38ed40acc8b846288c7c694d557fb7e4,1552831,0.74853515625
38ed40acc8b846288c7c694d557fb7e4,1598020,0.716796875
38ed40acc8b846288c7c694d557fb7e4,1545007,0.67578125
38ed40acc8b846288c7c694d557fb7e4,1550731,0.65966796875
38ed40acc8b846288c7c694d557fb7e4,1596941,0.5615234375
38ed40acc8b846288c7c694d557fb7e4,1528700,0.54931640625
38ed40acc8b846288c7c694d557fb7e4,1562936,0.43603515625
38ed40acc8b846288c7c694d557fb7e4,1583980,0.2362060546875
b845420665d741a79b71aa42c3cb8c26,1565125,0.94873046875
b845420665d741a79b71aa42c3cb8c26,1578584,0.91259765625
b845420665d741a79b71aa42c3cb8c26,1540809,0.90234375
b845420665d741a79b71aa42c3cb8c26,1575598,0.89599609375
b845420665d741a79b71aa42c3cb8c26,1582241,0.826171875
b845420665d741a79b71aa42c3cb8c26,1543611,0.8232421875
b845420665d741a79b71aa42c3cb8c26,1595538,0.81591796875
b845420665d741a79b71aa42c3cb8c26,1564591,0.81201171875
b845420665d741a79b71aa42c3cb8c26,1551306,0.7958984375
b845420665d741a79b71aa42c3cb8c26,1561222,0.724609375
b845420665d741a79b71aa42c3cb8c26,1596844,0.72265625
b845420665d741a79b71aa42c3cb8c26,1595617,0.689453125
b845420665d741a79b71aa42c3cb8c26,1535315,0.67578125
b845420665d741a79b71aa42c3cb8c26,1549515,0.59716796875
b845420665d741a79b71aa42c3cb8c26,1574752,0.45654296875
b845420665d741a79b71aa42c3cb8c26,1590822,0.181396484375
1ea333bcf408489d88d6bb4ecad3852d,1545405,0.951171875
1ea333bcf408489d88d6bb4ecad3852d,1588526,0.93310546875
1ea333bcf408489d88d6bb4ecad3852d,1554271,0.87939453125
1ea333bcf408489d88d6bb4ecad3852d,1599413,0.8681640625
1ea333bcf408489d88d6bb4ecad3852d,1566762,0.86474609375
1ea333bcf408489d88d6bb4ecad3852d,1573970,0.84716796875
1ea333bcf408489d88d6bb4ecad3852d,1532493,0.81298828125
1ea333bcf408489d88d6bb4ecad3852d,1535559,0.7880859375
1ea333bcf408489d88d6bb4ecad3852d,1539534,0.783203125
1ea333bcf408489d88d6bb4ecad3852d,1595186,0.7197265625
1ea333bcf408489d88d6bb4ecad3852d,1533743,0.63916015625
1ea333bcf408489d88d6bb4ecad3852d,1561583,0.477294921875
1ea333bcf408489d88d6bb4ecad3852d,1576067,0.318603515625
1ea333bcf408489d88d6bb4ecad3852d,1527549,0.2386474609375
dc981f7297e84448bf6d4f36c72406a0,1566850,0.99462890625
dc981f7297e84448bf6d4f36c72406a0,1538666,0.99169921875
dc981f7297e84448bf6d4f36c72406a0,1587739,0.99169921875
dc981f7297e84448bf6d4f36c72406a0,1560498,0.98876953125
dc981f7297e84448bf6d4f36c72406a0,1550338,0.984375
dc981f7297e84448bf6d4f36c72406a0,1539911,0.9765625
dc981f7297e84448bf6d4f36c72406a0,1558561,0.97265625
dc981f7297e84448bf6d4f36c72406a0,1553769,0.9326171875
dc981f7297e84448bf6d4f36c72406a0,1576525,0.90966796875
dc981f7297e84448bf6d4f36c72406a0,1585856,0.89453125
dc981f7297e84448bf6d4f36c72406a0,1568359,0.892578125
dc981f7297e84448bf6d4f36c72406a0,1537956,0.80615234375
dc981f7297e84448bf6d4f36c72406a0,1558175,0.80322265625
dc981f7297e84448bf6d4f36c72406a0,1542196,0.7333984375
dc981f7297e84448bf6d4f36c72406a0,1530189,0.61376953125
cb8a6ce497404a098fc3ea16d6cad6f1,1570541,0.90185546875
cb8a6ce497404a098fc3ea16d6cad6f1,1552406,0.83349609375
cb8a6ce497404a098fc3ea16d6cad6f1,1597848,0.7958984375
cb8a6ce497404a098fc3ea16d6cad6f1,1562423,0.77099609375
cb8a6ce497404a098fc3ea16d6cad6f1,1595751,0.76416015625
cb8a6ce497404a098fc3ea16d6cad6f1,1552747,0.728515625
cb8a6ce497404a098fc3ea16d6cad6f1,1591017,0.71142578125
cb8a6ce497404a098fc3ea16d6cad6f1,1573761,0.67578125
cb8a6ce497404a098fc3ea16d6cad6f1,1592719,0.6611328125
cb8a6ce497404a098fc3ea16d6cad6f1,1585583,0.64208984375
cb8a6ce497404a098fc3ea16d6cad6f1,1589020,0.62060546875
cb8a6ce497404a098fc3ea16d6cad6f1,1556653,0.611328125
cb8a6ce497404a098fc3ea16d6cad6f1,1592915,0.58349609375
cb8a6ce497404a098fc3ea16d6cad6f1,1584754,0.50634765625
cb8a6ce497404a098fc3ea16d6cad6f1,1561582,0.4892578125
cb8a6ce497404a098fc3ea16d6cad6f1,1552287,0.345947265625
cb8a6ce497404a098fc3ea16d6cad6f1,1556551,0.337646484375
cb8a6ce497404a098fc3ea16d6cad6f1,1565286,0.1859130859375
864f4dcd6ec44f96a307a76a868d7d3f,1572587,0.9765625
864f4dcd6ec44f96a307a76a868d7d3f,1550243,0.9697265625
864f4dcd6ec44f96a307a76a868d7d3f,1567163,0.9599609375
864f4dcd6ec44f96a307a76a868d7d3f,1600764,0.95166015625
864f4dcd6ec44f96a307a76a868d7d3f,1586717,0.93310546875
864f4dcd6ec44f96a307a76a868d7d3f,1567286,0.92724609375
864f4dcd6ec44f96a307a76a868d7d3f,1532667,0.919921875
864f4dcd6ec44f96a307a76a868d7d3f,1561042,0.89501953125
864f4dcd6ec44f96a307a76a868d7d3f,1566137,0.890625
864f4dcd6ec44f96a307a76a868d7d3f,1576634,0.8876953125
864f4dcd6ec44f96a307a76a868d7d3f,1562522,0.87939453125
864f4dcd6ec44f96a307a76a868d7d3f,1527828,0.87255859375
864f4dcd6ec44f96a307a76a868d7d3f,1535347,0.86083984375
864f4dcd6ec44f96a307a76a868d7d3f,1566524,0.8056640625
864f4dcd6ec44f96a307a76a868d7d3f,1548482,0.79443359375
864f4dcd6ec44f96a307a76a868d7d3f,1597702,0.75830078125
864f4dcd6ec44f96a307a76a868d7d3f,1545031,0.7470703125
864f4dcd6ec44f96a307a76a868d7d3f,1533124,0.71630859375
864f4dcd6ec44f96a307a76a868d7d3f,1573799,0.6884765625
864f4dcd6ec44f96a307a76a868d7d3f,1550325,0.65869140625
864f4dcd6ec44f96a307a76a868d7d3f,1588387,0.6416015625
864f4dcd6ec44f96a307a76a868d7d3f,1527598,0.60009765625
864f4dcd6ec44f96a307a76a868d7d3f,1591946,0.39208984375
864f4dcd6ec44f96a307a76a868d7d3f,1578216,0.291015625
864f4dcd6ec44f96a307a76a868d7d3f,1536713,0.2091064453125
3de82900722e49afa6b5b6068a8fbcee,1557991,0.9970703125
3de82900722e49afa6b5b6068a8fbcee,1562866,0.9970703125
3de82900722e49afa6b5b6068a8fbcee,1593669,0.99658203125
3de82900722e49afa6b5b6068a8fbcee,1552388,0.9951171875
3de82900722e49afa6b5b6068a8fbcee,1565915,0.99462890625
3de82900722e49afa6b5b6068a8fbcee,1556163,0.994140625
3de82900722e49afa6b5b6068a8fbcee,1553850,0.994140625
3de82900722e49afa6b5b6068a8fbcee,1581143,0.994140625
3de82900722e49afa6b5b6068a8fbcee,1539612,0.9931640625
3de82900722e49afa6b5b6068a8fbcee,1580597,0.9912109375
3de82900722e49afa6b5b6068a8fbcee,1571820,0.9853515625
3de82900722e49afa6b5b6068a8fbcee,1569705,0.98291015625
3de82900722e49afa6b5b6068a8fbcee,1589833,0.97265625
3de82900722e49afa6b5b6068a8fbcee,1564029,0.9697265625
3de82900722e49afa6b5b6068a8fbcee,1595640,0.95703125
3de82900722e49afa6b5b6068a8fbcee,1594856,0.88818359375
3c2efc759a7242dd9f3d3d898afe66c3,1545407,0.99365234375
3c2efc759a7242dd9f3d3d898afe66c3,1542311,0.9931640625
3c2efc759a7242dd9f3d3d898afe66c3,1593165,0.98876953125
3c2efc759a7242dd9f3d3d898afe66c3,1569131,0.97265625
3c2efc759a7242dd9f3d3d898afe66c3,1548281,0.962890625
3c2efc759a7242dd9f3d3d898afe66c3,1584035,0.6640625
3c2efc759a7242dd9f3d3d898afe66c3,1551199,0.6396484375
3c2efc759a7242dd9f3d3d898afe66c3,1547936,0.59375
3c2efc759a7242dd9f3d3d898afe66c3,1528162,0.356201171875
3c2efc759a7242dd9f3d3d898afe66c3,1560609,0.274658203125
3c2efc759a7242dd9f3d3d898afe66c3,1582854,0.205810546875
3c2efc759a7242dd9f3d3d898afe66c3,1563214,0.110107421875
8394e8cb5d1e4c55b07d61b9c45d0898,1537661,0.98681640625
8394e8cb5d1e4c55b07d61b9c45d0898,1571852,0.9853515625
8394e8cb5d1e4c55b07d61b9c45d0898,1530396,0.97705078125
8394e8cb5d1e4c55b07d61b9c45d0898,1598041,0.97607421875
8394e8cb5d1e4c55b07d61b9c45d0898,1583302,0.9736328125
8394e8cb5d1e4c55b07d61b9c45d0898,1566764,0.97216796875
8394e8cb5d1e4c55b07d61b9c45d0898,1548044,0.9658203125
8394e8cb5d1e4c55b07d61b9c45d0898,1533006,0.9609375
8394e8cb5d1e4c55b07d61b9c45d0898,1596468,0.9599609375
8394e8cb5d1e4c55b07d61b9c45d0898,1581212,0.95849609375
8394e8cb5d1e4c55b07d61b9c45d0898,1574760,0.95703125
8394e8cb5d1e4c55b07d61b9c45d0898,1562164,0.95263671875
8394e8cb5d1e4c55b07d61b9c45d0898,1581647,0.9501953125
8394e8cb5d1e4c55b07d61b9c45d0898,1569594,0.9482421875
8394e8cb5d1e4c55b07d61b9c45d0898,1595038,0.9462890625
8394e8cb5d1e4c55b07d61b9c45d0898,1564348,0.939453125
8394e8cb5d1e4c55b07d61b9c45d0898,1591180,0.92626953125
8394e8cb5d1e4c55b07d61b9c45d0898,1576324,0.92529296875
8394e8cb5d1e4c55b07d61b9c45d0898,1539356,0.9248046875
8394e8cb5d1e4c55b07d61b9c45d0898,1580773,0.7021484375
116e292ea7b44025a207f35982405516,1547303,0.95166015625
116e292ea7b44025a207f35982405516,1577424,0.93212890625
116e292ea7b44025a207f35982405516,1557480,0.9169921875
116e292ea7b44025a207f35982405516,1572137,0.90869140625
116e292ea7b44025a207f35982405516,1550640,0.8994140625
116e292ea7b44025a207f35982405516,1586975,0.87255859375
116e292ea7b44025a207f35982405516,1551909,0.86328125
116e292ea7b44025a207f35982405516,1543890,0.8115234375
116e292ea7b44025a207f35982405516,1595120,0.80517578125
116e292ea7b44025a207f35982405516,1538902,0.798828125
116e292ea7b44025a207f35982405516,1542494,0.787109375
116e292ea7b44025a207f35982405516,1589835,0.7353515625
116e292ea7b44025a207f35982405516,1551866,0.7255859375
116e292ea7b44025a207f35982405516,1534924,0.69921875
116e292ea7b44025a207f35982405516,1572320,0.65283203125
116e292ea7b44025a207f35982405516,1599500,0.6083984375
116e292ea7b44025a207f35982405516,1545729,0.5419921875
116e292ea7b44025a207f35982405516,1562405,0.537109375
116e292ea7b44025a207f35982405516,1544152,0.52685546875
528c475107914a7bb712400d4b0df932,1568443,0.96630859375
528c475107914a7bb712400d4b0df932,1590316,0.9638671875
528c475107914a7bb712400d4b0df932,1543341,0.9462890625
528c475107914a7bb712400d4b0df932,1548904,0.943359375
528c475107914a7bb712400d4b0df932,1537504,0.9423828125
528c475107914a7bb712400d4b0df932,1568308,0.9296875
528c475107914a7bb712400d4b0df932,1528803,0.92724609375
528c475107914a7bb712400d4b0df932,1544490,0.92626953125
528c475107914a7bb712400d4b0df932,1582553,0.90869140625
528c475107914a7bb712400d4b0df932,1585524,0.8955078125
528c475107914a7bb712400d4b0df932,1575673,0.884765625
528c475107914a7bb712400d4b0df932,1534205,0.87353515625
528c475107914a7bb712400d4b0df932,1530171,0.85986328125
528c475107914a7bb712400d4b0df932,1560992,0.8525390625
528c475107914a7bb712400d4b0df932,1576526,0.84912109375
528c475107914a7bb712400d4b0df932,1561073,0.84619140625
528c475107914a7bb712400d4b0df932,1594985,0.82568359375
528c475107914a7bb712400d4b0df932,1560431,0.8154296875
528c475107914a7bb712400d4b0df932,1572596,0.81201171875
528c475107914a7bb712400d4b0df932,1527609,0.7978515625
528c475107914a7bb712400d4b0df932,1574924,0.76904296875
528c475107914a7bb712400d4b0df932,1547066,0.75341796875
528c475107914a7bb712400d4b0df932,1554065,0.751953125
528c475107914a7bb712400d4b0df932,1534617,0.72021484375
528c475107914a7bb712400d4b0df932,1541074,0.66650390625
528c475107914a7bb712400d4b0df932,1546871,0.6640625
528c475107914a7bb712400d4b0df932,1546889,0.6142578125
528c475107914a7bb712400d4b0df932,1571448,0.6123046875
528c475107914a7bb712400d4b0df932,1577764,0.57763671875
8084b1c71443407a8e1c5028cc9bf8ae,1544864,0.99267578125
8084b1c71443407a8e1c5028cc9bf8ae,1550961,0.99267578125
8084b1c71443407a8e1c5028cc9bf8ae,1583585,0.99072265625
8084b1c71443407a8e1c5028cc9bf8ae,1594199,0.98974609375
8084b1c71443407a8e1c5028cc9bf8ae,1589781,0.98876953125
8084b1c71443407a8e1c5028cc9bf8ae,1538987,0.98876953125
8084b1c71443407a8e1c5028cc9bf8ae,1566162,0.98681640625
8084b1c71443407a8e1c5028cc9bf8ae,1544713,0.98046875
8084b1c71443407a8e1c5028cc9bf8ae,1589542,0.9697265625
8084b1c71443407a8e1c5028cc9bf8ae,1540408,0.9677734375
8084b1c71443407a8e1c5028cc9bf8ae,1599521,0.87255859375
8084b1c71443407a8e1c5028cc9bf8ae,1586091,0.857421875
8084b1c71443407a8e1c5028cc9bf8ae,1579620,0.7919921875
8084b1c71443407a8e1c5028cc9bf8ae,1530955,0.77197265625
8084b1c71443407a8e1c5028cc9bf8ae,1556645,0.693359375
8084b1c71443407a8e1c5028cc9bf8ae,1532361,0.6923828125
8084b1c71443407a8e1c5028cc9bf8ae,1548732,0.56201171875
8084b1c71443407a8e1c5028cc9bf8ae,1541662,0.448486328125
ae1c3ec83ae846b88a0873d98eaf9d2f,1530313,0.99609375
ae1c3ec83ae846b88a0873d98eaf9d2f,1555899,0.9951171875
ae1c3ec83ae846b88a0873d98eaf9d2f,1540303,0.99462890625
ae1c3ec83ae846b88a0873d98eaf9d2f,1547768,0.99462890625
ae1c3ec83ae846b88a0873d98eaf9d2f,1569571,0.99365234375
ae1c3ec83ae846b88a0873d98eaf9d2f,1598264,0.9912109375
ae1c3ec83ae846b88a0873d98eaf9d2f,1533257,0.9599609375
ae1c3ec83ae846b88a0873d98eaf9d2f,1532071,0.896484375
ae1c3ec83ae846b88a0873d98eaf9d2f,1575158,0.87890625
ae1c3ec83ae846b88a0873d98eaf9d2f,1568421,0.86376953125
ae1c3ec83ae846b88a0873d98eaf9d2f,1533396,0.740234375
ae1c3ec83ae846b88a0873d98eaf9d2f,1529146,0.7294921875
ae1c3ec83ae846b88a0873d98eaf9d2f,1552346,0.71826171875
ae1c3ec83ae846b88a0873d98eaf9d2f,1538128,0.59326171875
ae1c3ec83ae846b88a0873d98eaf9d2f,1573830,0.494873046875
ae1c3ec83ae846b88a0873d98eaf9d2f,1583490,0.2744140625
ae1c3ec83ae846b88a0873d98eaf9d2f,1543327,0.1812744140625
ae1c3ec83ae846b88a0873d98eaf9d2f,1570166,0.10321044921875
68f2893faea44dab889bb625bfcc679d,1556092,0.986328125
68f2893faea44dab889bb625bfcc679d,1533672,0.97509765625
68f2893faea44dab889bb625bfcc679d,1547564,0.96728515625
68f2893faea44dab889bb625bfcc679d,1562244,0.96728515625
68f2893faea44dab889bb625bfcc679d,1593110,0.9658203125
68f2893faea44dab889bb625bfcc679d,1561317,0.96533203125
68f2893faea44dab889bb625bfcc679d,1567407,0.9609375
68f2893faea44dab889bb625bfcc679d,1600941,0.9609375
68f2893faea44dab889bb625bfcc679d,1538810,0.95947265625
68f2893faea44dab889bb625bfcc679d,1571603,0.95947265625
68f2893faea44dab889bb625bfcc679d,1549605,0.9541015625
68f2893faea44dab889bb625bfcc679d,1554105,0.94921875
68f2893faea44dab889bb625bfcc679d,1539801,0.9482421875
68f2893faea44dab889bb625bfcc679d,1537328,0.9384765625
68f2893faea44dab889bb625bfcc679d,1588301,0.8916015625
68f2893faea44dab889bb625bfcc679d,1590416,0.88720703125
68f2893faea44dab889bb625bfcc679d,1542532,0.87890625
68f2893faea44dab889bb625bfcc679d,1573976,0.7900390625
68f2893faea44dab889bb625bfcc679d,1571910,0.7490234375
68f2893faea44dab889bb625bfcc679d,1545427,0.68798828125
68f2893faea44dab889bb625bfcc679d,1551332,0.6728515625
68f2893faea44dab889bb625bfcc679d,1552659,0.576171875
68f2893faea44dab889bb625bfcc679d,1540747,0.54931640625
68f2893faea44dab889bb625bfcc679d,1571985,0.51806640625
68f2893faea44dab889bb625bfcc679d,1565937,0.332763671875
68f2893faea44dab889bb625bfcc679d,1565821,0.1251220703125
68f2893faea44dab889bb625bfcc679d,1583183,0.090576171875
50430263f65c42cfac21e5ec69c32184,1558113,0.94677734375
50430263f65c42cfac21e5ec69c32184,1527986,0.93701171875
50430263f65c42cfac21e5ec69c32184,1557996,0.916015625
50430263f65c42cfac21e5ec69c32184,1578142,0.91552734375
50430263f65c42cfac21e5ec69c32184,1596298,0.91162109375
50430263f65c42cfac21e5ec69c32184,1579291,0.8740234375
50430263f65c42cfac21e5ec69c32184,1569507,0.87353515625
50430263f65c42cfac21e5ec69c32184,1554778,0.86962890625
50430263f65c42cfac21e5ec69c32184,1594063,0.85107421875
50430263f65c42cfac21e5ec69c32184,1560015,0.841796875
50430263f65c42cfac21e5ec69c32184,1575598,0.83544921875
50430263f65c42cfac21e5ec69c32184,1561582,0.80517578125
50430263f65c42cfac21e5ec69c32184,1599491,0.68017578125
50430263f65c42cfac21e5ec69c32184,1553824,0.6669921875
50430263f65c42cfac21e5ec69c32184,1584754,0.666015625
50430263f65c42cfac21e5ec69c32184,1532943,0.6513671875
50430263f65c42cfac21e5ec69c32184,1546975,0.6396484375
50430263f65c42cfac21e5ec69c32184,1540809,0.62939453125
50430263f65c42cfac21e5ec69c32184,1552862,0.61181640625
50430263f65c42cfac21e5ec69c32184,1581185,0.60546875
50430263f65c42cfac21e5ec69c32184,1544232,0.53857421875
50430263f65c42cfac21e5ec69c32184,1544315,0.5205078125
50430263f65c42cfac21e5ec69c32184,1562554,0.51904296875
50430263f65c42cfac21e5ec69c32184,1563378,0.509765625
50430263f65c42cfac21e5ec69c32184,1561222,0.486083984375
50430263f65c42cfac21e5ec69c32184,1530511,0.3759765625
50430263f65c42cfac21e5ec69c32184,1553410,0.283935546875
50430263f65c42cfac21e5ec69c32184,1574988,0.185546875
50430263f65c42cfac21e5ec69c32184,1550045,0.1044921875
2ee0f88b75c4449dae719fe8b7699bcc,1567317,0.9912109375
2ee0f88b75c4449dae719fe8b7699bcc,1555425,0.98974609375
2ee0f88b75c4449dae719fe8b7699bcc,1592486,0.98291015625
2ee0f88b75c4449dae719fe8b7699bcc,1578289,0.98095703125
2ee0f88b75c4449dae719fe8b7699bcc,1556285,0.9521484375
2ee0f88b75c4449dae719fe8b7699bcc,1574342,0.94580078125
2ee0f88b75c4449dae719fe8b7699bcc,1559061,0.92919921875
2ee0f88b75c4449dae719fe8b7699bcc,1586233,0.9228515625
2ee0f88b75c4449dae719fe8b7699bcc,1577815,0.92041015625
2ee0f88b75c4449dae719fe8b7699bcc,1553047,0.9150390625
2ee0f88b75c4449dae719fe8b7699bcc,1576074,0.90771484375
2ee0f88b75c4449dae719fe8b7699bcc,1575581,0.853515625
2ee0f88b75c4449dae719fe8b7699bcc,1536496,0.85107421875
2ee0f88b75c4449dae719fe8b7699bcc,1576068,0.6103515625
2ee0f88b75c4449dae719fe8b7699bcc,1593913,0.501953125
2ee0f88b75c4449dae719fe8b7699bcc,1586373,0.109130859375
6118a8fdb5e7424190be2ba57ee42f48,1543333,0.99658203125
6118a8fdb5e7424190be2ba57ee42f48,1539381,0.99462890625
6118a8fdb5e7424190be2ba57ee42f48,1566419,0.99462890625
6118a8fdb5e7424190be2ba57ee42f48,1588997,0.99365234375
6118a8fdb5e7424190be2ba57ee42f48,1590916,0.99365234375
6118a8fdb5e7424190be2ba57ee42f48,1534672,0.9921875
6118a8fdb5e7424190be2ba57ee42f48,1569383,0.97314453125
6118a8fdb5e7424190be2ba57ee42f48,1595585,0.94189453125
6118a8fdb5e7424190be2ba57ee42f48,1541822,0.93359375
6118a8fdb5e7424190be2ba57ee42f48,1594559,0.74853515625
6118a8fdb5e7424190be2ba57ee42f48,1590765,0.61572265625
6118a8fdb5e7424190be2ba57ee42f48,1570844,0.277587890625
3bf2556d469741ab9a4b3e00e7ce9d95,1567861,0.98779296875
3bf2556d469741ab9a4b3e00e7ce9d95,1596777,0.98046875
3bf2556d469741ab9a4b3e00e7ce9d95,1536976,0.96435546875
3bf2556d469741ab9a4b3e00e7ce9d95,1581133,0.9345703125
3bf2556d469741ab9a4b3e00e7ce9d95,1576260,0.83935546875
3bf2556d469741ab9a4b3e00e7ce9d95,1567329,0.7958984375
3bf2556d469741ab9a4b3e00e7ce9d95,1596223,0.7841796875
3bf2556d469741ab9a4b3e00e7ce9d95,1596235,0.77734375
3bf2556d469741ab9a4b3e00e7ce9d95,1548754,0.7724609375
3bf2556d469741ab9a4b3e00e7ce9d95,1567201,0.74560546875
3bf2556d469741ab9a4b3e00e7ce9d95,1547754,0.7392578125
3bf2556d469741ab9a4b3e00e7ce9d95,1541822,0.7333984375
3bf2556d469741ab9a4b3e00e7ce9d95,1584718,0.72802734375
3bf2556d469741ab9a4b3e00e7ce9d95,1582238,0.7265625
3bf2556d469741ab9a4b3e00e7ce9d95,1560312,0.7119140625
3bf2556d469741ab9a4b3e00e7ce9d95,1590765,0.7001953125
3bf2556d469741ab9a4b3e00e7ce9d95,1558802,0.68017578125
3bf2556d469741ab9a4b3e00e7ce9d95,1528828,0.65234375
3bf2556d469741ab9a4b3e00e7ce9d95,1536473,0.646484375
3bf2556d469741ab9a4b3e00e7ce9d95,1592277,0.64111328125
3bf2556d469741ab9a4b3e00e7ce9d95,1565845,0.62548828125
3bf2556d469741ab9a4b3e00e7ce9d95,1543333,0.62109375
3bf2556d469741ab9a4b3e00e7ce9d95,1569915,0.59765625
3bf2556d469741ab9a4b3e00e7ce9d95,1567894,0.56689453125
3bf2556d469741ab9a4b3e00e7ce9d95,1572207,0.54248046875
3bf2556d469741ab9a4b3e00e7ce9d95,1600603,0.473388671875
3bf2556d469741ab9a4b3e00e7ce9d95,1570166,0.26904296875
55ffc745012a4d44a5b6fc8f8071f6a9,1574280,0.9794921875
55ffc745012a4d44a5b6fc8f8071f6a9,1547671,0.9736328125
55ffc745012a4d44a5b6fc8f8071f6a9,1585888,0.95947265625
55ffc745012a4d44a5b6fc8f8071f6a9,1563616,0.95849609375
55ffc745012a4d44a5b6fc8f8071f6a9,1588565,0.94677734375
55ffc745012a4d44a5b6fc8f8071f6a9,1590491,0.9453125
55ffc745012a4d44a5b6fc8f8071f6a9,1539477,0.931640625
55ffc745012a4d44a5b6fc8f8071f6a9,1561366,0.8759765625
55ffc745012a4d44a5b6fc8f8071f6a9,1569026,0.869140625
55ffc745012a4d44a5b6fc8f8071f6a9,1577858,0.86181640625
55ffc745012a4d44a5b6fc8f8071f6a9,1543919,0.85888671875
55ffc745012a4d44a5b6fc8f8071f6a9,1594699,0.83349609375
55ffc745012a4d44a5b6fc8f8071f6a9,1549988,0.8212890625
55ffc745012a4d44a5b6fc8f8071f6a9,1588007,0.7900390625
55ffc745012a4d44a5b6fc8f8071f6a9,1544151,0.78857421875
55ffc745012a4d44a5b6fc8f8071f6a9,1586475,0.74169921875
55ffc745012a4d44a5b6fc8f8071f6a9,1566887,0.66357421875
1f9cadcfa71b404ba0efe42f0717700d,1587795,0.98681640625
1f9cadcfa71b404ba0efe42f0717700d,1582378,0.98583984375
1f9cadcfa71b404ba0efe42f0717700d,1587600,0.9775390625
1f9cadcfa71b404ba0efe42f0717700d,1535758,0.97607421875
1f9cadcfa71b404ba0efe42f0717700d,1571603,0.95458984375
1f9cadcfa71b404ba0efe42f0717700d,1593521,0.95361328125
1f9cadcfa71b404ba0efe42f0717700d,1546939,0.94873046875
1f9cadcfa71b404ba0efe42f0717700d,1593110,0.93896484375
1f9cadcfa71b404ba0efe42f0717700d,1571993,0.90576171875
1f9cadcfa71b404ba0efe42f0717700d,1533352,0.90478515625
1f9cadcfa71b404ba0efe42f0717700d,1588301,0.904296875
1f9cadcfa71b404ba0efe42f0717700d,1546565,0.85302734375
1f9cadcfa71b404ba0efe42f0717700d,1573976,0.81689453125
1f9cadcfa71b404ba0efe42f0717700d,1547134,0.71533203125
1f9cadcfa71b404ba0efe42f0717700d,1571358,0.4248046875
1f9cadcfa71b404ba0efe42f0717700d,1565821,0.34326171875
1f9cadcfa71b404ba0efe42f0717700d,1565937,0.188232421875
e1bca721a2b04eefa99f002312844f70,1595018,0.98046875
e1bca721a2b04eefa99f002312844f70,1552279,0.97705078125
e1bca721a2b04eefa99f002312844f70,1600589,0.96630859375
e1bca721a2b04eefa99f002312844f70,1537096,0.9453125
e1bca721a2b04eefa99f002312844f70,1558340,0.890625
e1bca721a2b04eefa99f002312844f70,1539704,0.87890625
e1bca721a2b04eefa99f002312844f70,1598867,0.84521484375
e1bca721a2b04eefa99f002312844f70,1585992,0.7685546875
e1bca721a2b04eefa99f002312844f70,1539527,0.73779296875
e1bca721a2b04eefa99f002312844f70,1550327,0.7080078125
e1bca721a2b04eefa99f002312844f70,1569100,0.66796875
e1bca721a2b04eefa99f002312844f70,1598692,0.615234375
e1bca721a2b04eefa99f002312844f70,1557344,0.6142578125
e1bca721a2b04eefa99f002312844f70,1540823,0.6005859375
e1bca721a2b04eefa99f002312844f70,1535565,0.227783203125
ce90015b718d40f98936fcf9f3d67629,1534557,0.87841796875
ce90015b718d40f98936fcf9f3d67629,1574213,0.74462890625
ce90015b718d40f98936fcf9f3d67629,1597886,0.63427734375
ce90015b718d40f98936fcf9f3d67629,1553809,0.6103515625
ce90015b718d40f98936fcf9f3d67629,1588430,0.59423828125
ce90015b718d40f98936fcf9f3d67629,1580387,0.568359375
ce90015b718d40f98936fcf9f3d67629,1576104,0.494384765625
ce90015b718d40f98936fcf9f3d67629,1593108,0.4765625
ce90015b718d40f98936fcf9f3d67629,1573770,0.433349609375
ce90015b718d40f98936fcf9f3d67629,1564591,0.358642578125
ce90015b718d40f98936fcf9f3d67629,1534421,0.326171875
ce90015b718d40f98936fcf9f3d67629,1540145,0.153564453125
ce90015b718d40f98936fcf9f3d67629,1531758,0.10992431640625
00e8cf3d67a84a56bd58d1a384f00e11,1576525,0.99365234375
00e8cf3d67a84a56bd58d1a384f00e11,1591280,0.9921875
00e8cf3d67a84a56bd58d1a384f00e11,1588761,0.9912109375
00e8cf3d67a84a56bd58d1a384f00e11,1527551,0.9892578125
00e8cf3d67a84a56bd58d1a384f00e11,1533208,0.984375
00e8cf3d67a84a56bd58d1a384f00e11,1541476,0.98388671875
00e8cf3d67a84a56bd58d1a384f00e11,1547886,0.974609375
00e8cf3d67a84a56bd58d1a384f00e11,1560938,0.96142578125
00e8cf3d67a84a56bd58d1a384f00e11,1527888,0.958984375
00e8cf3d67a84a56bd58d1a384f00e11,1553317,0.89990234375
00e8cf3d67a84a56bd58d1a384f00e11,1577082,0.88623046875
00e8cf3d67a84a56bd58d1a384f00e11,1588298,0.775390625
00e8cf3d67a84a56bd58d1a384f00e11,1548312,0.72705078125
00e8cf3d67a84a56bd58d1a384f00e11,1587324,0.681640625
00e8cf3d67a84a56bd58d1a384f00e11,1530335,0.59423828125
00e8cf3d67a84a56bd58d1a384f00e11,1571488,0.5927734375
00e8cf3d67a84a56bd58d1a384f00e11,1541124,0.35693359375
00e8cf3d67a84a56bd58d1a384f00e11,1530892,0.04534912109375
cfe1f07fb3d94439aac53559e6fa51cd,1586863,0.857421875
cfe1f07fb3d94439aac53559e6fa51cd,1595540,0.7724609375
cfe1f07fb3d94439aac53559e6fa51cd,1588006,0.765625
cfe1f07fb3d94439aac53559e6fa51cd,1557480,0.76318359375
cfe1f07fb3d94439aac53559e6fa51cd,1595120,0.74072265625
cfe1f07fb3d94439aac53559e6fa51cd,1587094,0.72802734375
cfe1f07fb3d94439aac53559e6fa51cd,1533162,0.71142578125
cfe1f07fb3d94439aac53559e6fa51cd,1563004,0.7060546875
cfe1f07fb3d94439aac53559e6fa51cd,1574163,0.64697265625
cfe1f07fb3d94439aac53559e6fa51cd,1542494,0.63720703125
cfe1f07fb3d94439aac53559e6fa51cd,1585584,0.6259765625
cfe1f07fb3d94439aac53559e6fa51cd,1598488,0.6142578125
cfe1f07fb3d94439aac53559e6fa51cd,1586187,0.5927734375
cfe1f07fb3d94439aac53559e6fa51cd,1536792,0.57373046875
cfe1f07fb3d94439aac53559e6fa51cd,1534060,0.5595703125
cfe1f07fb3d94439aac53559e6fa51cd,1564204,0.5302734375
cfe1f07fb3d94439aac53559e6fa51cd,1590416,0.4697265625
cfe1f07fb3d94439aac53559e6fa51cd,1552157,0.347900390625
cfe1f07fb3d94439aac53559e6fa51cd,1528090,0.317626953125
8a9ec2bccd9e48109afaa100f1a31590,1591674,0.96728515625
8a9ec2bccd9e48109afaa100f1a31590,1567581,0.912109375
8a9ec2bccd9e48109afaa100f1a31590,1579214,0.857421875
8a9ec2bccd9e48109afaa100f1a31590,1556196,0.8369140625
8a9ec2bccd9e48109afaa100f1a31590,1586958,0.75537109375
8a9ec2bccd9e48109afaa100f1a31590,1543919,0.6328125
8a9ec2bccd9e48109afaa100f1a31590,1535811,0.5791015625
8a9ec2bccd9e48109afaa100f1a31590,1588565,0.5
8a9ec2bccd9e48109afaa100f1a31590,1551847,0.42919921875
8a9ec2bccd9e48109afaa100f1a31590,1561366,0.375
8a9ec2bccd9e48109afaa100f1a31590,1528906,0.242919921875
8a9ec2bccd9e48109afaa100f1a31590,1541372,0.203125
8a9ec2bccd9e48109afaa100f1a31590,1572834,0.1676025390625
bbbda5e99e394070b613370c06d07279,1536251,0.998046875
bbbda5e99e394070b613370c06d07279,1570024,0.998046875
bbbda5e99e394070b613370c06d07279,1560434,0.99755859375
bbbda5e99e394070b613370c06d07279,1576177,0.99658203125
bbbda5e99e394070b613370c06d07279,1590304,0.99658203125
bbbda5e99e394070b613370c06d07279,1582562,0.99560546875
bbbda5e99e394070b613370c06d07279,1527871,0.9951171875
bbbda5e99e394070b613370c06d07279,1590987,0.994140625
bbbda5e99e394070b613370c06d07279,1563398,0.99365234375
bbbda5e99e394070b613370c06d07279,1550031,0.9921875
bbbda5e99e394070b613370c06d07279,1564847,0.9921875
bbbda5e99e394070b613370c06d07279,1586681,0.9921875
bbbda5e99e394070b613370c06d07279,1590765,0.98876953125
bbbda5e99e394070b613370c06d07279,1577818,0.98876953125
bbbda5e99e394070b613370c06d07279,1585882,0.98779296875
bbbda5e99e394070b613370c06d07279,1562498,0.986328125
bbbda5e99e394070b613370c06d07279,1577218,0.96484375
bbbda5e99e394070b613370c06d07279,1591244,0.75537109375
19b20305748149b68ccc350f7990c09c,1563547,0.94677734375
19b20305748149b68ccc350f7990c09c,1599977,0.94384765625
19b20305748149b68ccc350f7990c09c,1537687,0.91259765625
19b20305748149b68ccc350f7990c09c,1569310,0.90576171875
19b20305748149b68ccc350f7990c09c,1542149,0.90478515625
19b20305748149b68ccc350f7990c09c,1596962,0.88671875
19b20305748149b68ccc350f7990c09c,1557514,0.8857421875
19b20305748149b68ccc350f7990c09c,1559190,0.865234375
19b20305748149b68ccc350f7990c09c,1585306,0.865234375
19b20305748149b68ccc350f7990c09c,1557421,0.86279296875
19b20305748149b68ccc350f7990c09c,1573437,0.83642578125
19b20305748149b68ccc350f7990c09c,1589334,0.8203125
19b20305748149b68ccc350f7990c09c,1595653,0.8154296875
19b20305748149b68ccc350f7990c09c,1559929,0.77587890625
19b20305748149b68ccc350f7990c09c,1550253,0.57763671875
19b20305748149b68ccc350f7990c09c,1545837,0.423095703125
2b0f133bdc9540d98a10a05347bea176,1573332,0.9580078125
2b0f133bdc9540d98a10a05347bea176,1575007,0.9111328125
2b0f133bdc9540d98a10a05347bea176,1586778,0.90771484375
2b0f133bdc9540d98a10a05347bea176,1573535,0.8984375
2b0f133bdc9540d98a10a05347bea176,1576866,0.88671875
2b0f133bdc9540d98a10a05347bea176,1558695,0.87255859375
2b0f133bdc9540d98a10a05347bea176,1548067,0.85498046875
2b0f133bdc9540d98a10a05347bea176,1559675,0.84912109375
2b0f133bdc9540d98a10a05347bea176,1578883,0.82421875
2b0f133bdc9540d98a10a05347bea176,1576633,0.814453125
2b0f133bdc9540d98a10a05347bea176,1530518,0.763671875
2b0f133bdc9540d98a10a05347bea176,1586838,0.7587890625
2b0f133bdc9540d98a10a05347bea176,1552346,0.7177734375
2b0f133bdc9540d98a10a05347bea176,1565439,0.7109375
2b0f133bdc9540d98a10a05347bea176,1530386,0.6552734375
2b0f133bdc9540d98a10a05347bea176,1549163,0.603515625
2b0f133bdc9540d98a10a05347bea176,1597985,0.482666015625
2b0f133bdc9540d98a10a05347bea176,1594627,0.2086181640625
60cca8754d954ff4b5c00d1826daa6b0,1595928,0.9912109375
60cca8754d954ff4b5c00d1826daa6b0,1598113,0.98974609375
60cca8754d954ff4b5c00d1826daa6b0,1527857,0.9716796875
60cca8754d954ff4b5c00d1826daa6b0,1596852,0.9697265625
60cca8754d954ff4b5c00d1826daa6b0,1537758,0.96337890625
60cca8754d954ff4b5c00d1826daa6b0,1562492,0.876953125
60cca8754d954ff4b5c00d1826daa6b0,1558937,0.875
60cca8754d954ff4b5c00d1826daa6b0,1529324,0.78955078125
60cca8754d954ff4b5c00d1826daa6b0,1563346,0.76171875
60cca8754d954ff4b5c00d1826daa6b0,1551190,0.73876953125
60cca8754d954ff4b5c00d1826daa6b0,1552278,0.6640625
60cca8754d954ff4b5c00d1826daa6b0,1547991,0.6572265625
60cca8754d954ff4b5c00d1826daa6b0,1568022,0.54345703125
60cca8754d954ff4b5c00d1826daa6b0,1530242,0.5029296875
f56073c5a0e94eb0ac8a7a939e60eccd,1556092,0.97607421875
f56073c5a0e94eb0ac8a7a939e60eccd,1600941,0.96337890625
f56073c5a0e94eb0ac8a7a939e60eccd,1549605,0.9453125
f56073c5a0e94eb0ac8a7a939e60eccd,1585002,0.9150390625
f56073c5a0e94eb0ac8a7a939e60eccd,1541553,0.8935546875
f56073c5a0e94eb0ac8a7a939e60eccd,1546565,0.88623046875
f56073c5a0e94eb0ac8a7a939e60eccd,1582109,0.818359375
f56073c5a0e94eb0ac8a7a939e60eccd,1542532,0.7509765625
f56073c5a0e94eb0ac8a7a939e60eccd,1564194,0.70263671875
f56073c5a0e94eb0ac8a7a939e60eccd,1562140,0.61572265625
52da5cb36a684a5d832721d04d10f094,1573520,0.9287109375
52da5cb36a684a5d832721d04d10f094,1587556,0.8671875
52da5cb36a684a5d832721d04d10f094,1595120,0.86181640625
52da5cb36a684a5d832721d04d10f094,1575212,0.8564453125
52da5cb36a684a5d832721d04d10f094,1561820,0.8544921875
52da5cb36a684a5d832721d04d10f094,1549708,0.79833984375
52da5cb36a684a5d832721d04d10f094,1586170,0.67822265625
52da5cb36a684a5d832721d04d10f094,1539583,0.6494140625
52da5cb36a684a5d832721d04d10f094,1552925,0.6357421875
52da5cb36a684a5d832721d04d10f094,1586863,0.60986328125
52da5cb36a684a5d832721d04d10f094,1552705,0.59033203125
52da5cb36a684a5d832721d04d10f094,1588635,0.479736328125
52da5cb36a684a5d832721d04d10f094,1579292,0.473388671875
52da5cb36a684a5d832721d04d10f094,1584868,0.2685546875
ee5a5211ce824aa2844d268d63d6dee5,1543286,0.859375
ee5a5211ce824aa2844d268d63d6dee5,1592477,0.859375
ee5a5211ce824aa2844d268d63d6dee5,1549708,0.80712890625
ee5a5211ce824aa2844d268d63d6dee5,1595050,0.80029296875
ee5a5211ce824aa2844d268d63d6dee5,1539019,0.791015625
ee5a5211ce824aa2844d268d63d6dee5,1594513,0.77392578125
ee5a5211ce824aa2844d268d63d6dee5,1542054,0.76611328125
ee5a5211ce824aa2844d268d63d6dee5,1545230,0.75244140625
ee5a5211ce824aa2844d268d63d6dee5,1579641,0.72900390625
ee5a5211ce824aa2844d268d63d6dee5,1558725,0.7080078125
ee5a5211ce824aa2844d268d63d6dee5,1575212,0.65283203125
ee5a5211ce824aa2844d268d63d6dee5,1587983,0.64892578125
ee5a5211ce824aa2844d268d63d6dee5,1591497,0.64013671875
ee5a5211ce824aa2844d268d63d6dee5,1557733,0.49755859375
ee5a5211ce824aa2844d268d63d6dee5,1534694,0.0162200927734375
049598866f2d4d64a7e9ce9d685266cd,1580802,0.95849609375
049598866f2d4d64a7e9ce9d685266cd,1545074,0.94384765625
049598866f2d4d64a7e9ce9d685266cd,1543039,0.9052734375
049598866f2d4d64a7e9ce9d685266cd,1567930,0.89794921875
049598866f2d4d64a7e9ce9d685266cd,1567296,0.89599609375
049598866f2d4d64a7e9ce9d685266cd,1528462,0.89208984375
049598866f2d4d64a7e9ce9d685266cd,1592915,0.88427734375
049598866f2d4d64a7e9ce9d685266cd,1545116,0.8759765625
049598866f2d4d64a7e9ce9d685266cd,1532953,0.8544921875
049598866f2d4d64a7e9ce9d685266cd,1549988,0.8056640625
049598866f2d4d64a7e9ce9d685266cd,1591565,0.78515625
049598866f2d4d64a7e9ce9d685266cd,1570541,0.77734375
049598866f2d4d64a7e9ce9d685266cd,1541679,0.76611328125
049598866f2d4d64a7e9ce9d685266cd,1573593,0.73779296875
049598866f2d4d64a7e9ce9d685266cd,1574280,0.5380859375
e7c4ace34e274ce4817c1310477a0629,1551971,0.99853515625
e7c4ace34e274ce4817c1310477a0629,1583751,0.99853515625
e7c4ace34e274ce4817c1310477a0629,1548428,0.998046875
e7c4ace34e274ce4817c1310477a0629,1559586,0.998046875
e7c4ace34e274ce4817c1310477a0629,1578600,0.998046875
e7c4ace34e274ce4817c1310477a0629,1532467,0.9970703125
e7c4ace34e274ce4817c1310477a0629,1581111,0.9970703125
e7c4ace34e274ce4817c1310477a0629,1590734,0.9970703125
e7c4ace34e274ce4817c1310477a0629,1555900,0.99658203125
e7c4ace34e274ce4817c1310477a0629,1536812,0.99462890625
e7c4ace34e274ce4817c1310477a0629,1562684,0.99462890625
e7c4ace34e274ce4817c1310477a0629,1585168,0.990234375
e7c4ace34e274ce4817c1310477a0629,1533156,0.98974609375
e7c4ace34e274ce4817c1310477a0629,1558492,0.98974609375
e7c4ace34e274ce4817c1310477a0629,1561181,0.96923828125
e7c4ace34e274ce4817c1310477a0629,1533966,0.94775390625
e7c4ace34e274ce4817c1310477a0629,1558165,0.8896484375
e7c4ace34e274ce4817c1310477a0629,1587467,0.8388671875
49916f36923148b0acde3e73d342dfca,1584095,0.98681640625
49916f36923148b0acde3e73d342dfca,1569609,0.98095703125
49916f36923148b0acde3e73d342dfca,1587214,0.9716796875
49916f36923148b0acde3e73d342dfca,1539383,0.96875
49916f36923148b0acde3e73d342dfca,1531284,0.9677734375
49916f36923148b0acde3e73d342dfca,1569230,0.966796875
49916f36923148b0acde3e73d342dfca,1564373,0.9658203125
49916f36923148b0acde3e73d342dfca,1531364,0.96240234375
49916f36923148b0acde3e73d342dfca,1584490,0.9599609375
49916f36923148b0acde3e73d342dfca,1578728,0.9541015625
49916f36923148b0acde3e73d342dfca,1527920,0.95361328125
49916f36923148b0acde3e73d342dfca,1561422,0.95263671875
49916f36923148b0acde3e73d342dfca,1541992,0.9501953125
49916f36923148b0acde3e73d342dfca,1554482,0.94873046875
49916f36923148b0acde3e73d342dfca,1540956,0.94775390625
49916f36923148b0acde3e73d342dfca,1572791,0.92919921875
49916f36923148b0acde3e73d342dfca,1577385,0.92138671875
49916f36923148b0acde3e73d342dfca,1538701,0.919921875
49916f36923148b0acde3e73d342dfca,1569161,0.9189453125
49916f36923148b0acde3e73d342dfca,1578772,0.9169921875
49916f36923148b0acde3e73d342dfca,1558138,0.908203125
49916f36923148b0acde3e73d342dfca,1532533,0.9052734375
49916f36923148b0acde3e73d342dfca,1574808,0.90380859375
49916f36923148b0acde3e73d342dfca,1549532,0.9033203125
49916f36923148b0acde3e73d342dfca,1561199,0.90283203125
49916f36923148b0acde3e73d342dfca,1537749,0.90087890625
49916f36923148b0acde3e73d342dfca,1536356,0.89697265625
49916f36923148b0acde3e73d342dfca,1573415,0.8916015625
49916f36923148b0acde3e73d342dfca,1578073,0.8896484375
49916f36923148b0acde3e73d342dfca,1568525,0.87451171875
49916f36923148b0acde3e73d342dfca,1571460,0.873046875
49916f36923148b0acde3e73d342dfca,1540288,0.85302734375
49916f36923148b0acde3e73d342dfca,1563524,0.8310546875
49916f36923148b0acde3e73d342dfca,1534210,0.830078125
49916f36923148b0acde3e73d342dfca,1561018,0.82861328125
49916f36923148b0acde3e73d342dfca,1585469,0.82177734375
49916f36923148b0acde3e73d342dfca,1532220,0.79443359375
49916f36923148b0acde3e73d342dfca,1568025,0.791015625
49916f36923148b0acde3e73d342dfca,1532774,0.78125
49916f36923148b0acde3e73d342dfca,1593657,0.76708984375
49916f36923148b0acde3e73d342dfca,1559682,0.7177734375
49916f36923148b0acde3e73d342dfca,1595071,0.6728515625
49916f36923148b0acde3e73d342dfca,1550078,0.6552734375
49916f36923148b0acde3e73d342dfca,1553917,0.630859375
49916f36923148b0acde3e73d342dfca,1560347,0.491943359375
49916f36923148b0acde3e73d342dfca,1553450,0.473876953125
49916f36923148b0acde3e73d342dfca,1531794,0.319091796875
49916f36923148b0acde3e73d342dfca,1546263,0.268310546875
e859b967ddf8460a85ec8435bf452da6,1535615,0.99267578125
e859b967ddf8460a85ec8435bf452da6,1583585,0.9912109375
e859b967ddf8460a85ec8435bf452da6,1538650,0.99072265625
e859b967ddf8460a85ec8435bf452da6,1538852,0.98974609375
e859b967ddf8460a85ec8435bf452da6,1593621,0.98974609375
e859b967ddf8460a85ec8435bf452da6,1545028,0.98876953125
e859b967ddf8460a85ec8435bf452da6,1544713,0.97412109375
e859b967ddf8460a85ec8435bf452da6,1595580,0.9736328125
e859b967ddf8460a85ec8435bf452da6,1556256,0.96875
e859b967ddf8460a85ec8435bf452da6,1587503,0.91455078125
e859b967ddf8460a85ec8435bf452da6,1531393,0.87841796875
e859b967ddf8460a85ec8435bf452da6,1579409,0.84423828125
e859b967ddf8460a85ec8435bf452da6,1572422,0.830078125
e859b967ddf8460a85ec8435bf452da6,1532361,0.810546875
e859b967ddf8460a85ec8435bf452da6,1549163,0.67431640625
e859b967ddf8460a85ec8435bf452da6,1586183,0.447998046875
4668625b0f5d4f49b05b3fb55d114951,1584568,0.97216796875
4668625b0f5d4f49b05b3fb55d114951,1598971,0.96435546875
4668625b0f5d4f49b05b3fb55d114951,1544712,0.962890625
4668625b0f5d4f49b05b3fb55d114951,1545074,0.9609375
4668625b0f5d4f49b05b3fb55d114951,1529671,0.94970703125
4668625b0f5d4f49b05b3fb55d114951,1563212,0.9482421875
4668625b0f5d4f49b05b3fb55d114951,1529853,0.93896484375
4668625b0f5d4f49b05b3fb55d114951,1597848,0.91357421875
4668625b0f5d4f49b05b3fb55d114951,1597951,0.8857421875
4668625b0f5d4f49b05b3fb55d114951,1529011,0.85693359375
4668625b0f5d4f49b05b3fb55d114951,1591565,0.8544921875
4668625b0f5d4f49b05b3fb55d114951,1575746,0.80029296875
4668625b0f5d4f49b05b3fb55d114951,1598752,0.79736328125
4668625b0f5d4f49b05b3fb55d114951,1592719,0.78955078125
4668625b0f5d4f49b05b3fb55d114951,1599664,0.58154296875
4668625b0f5d4f49b05b3fb55d114951,1593507,0.5703125
4668625b0f5d4f49b05b3fb55d114951,1576865,0.44189453125
4668625b0f5d4f49b05b3fb55d114951,1589020,0.2763671875
3a1abc6ebfe24a238723e2518813f84d,1582378,0.97412109375
3a1abc6ebfe24a238723e2518813f84d,1562244,0.97021484375
3a1abc6ebfe24a238723e2518813f84d,1547564,0.9658203125
3a1abc6ebfe24a238723e2518813f84d,1585793,0.96435546875
3a1abc6ebfe24a238723e2518813f84d,1546939,0.96337890625
3a1abc6ebfe24a238723e2518813f84d,1542169,0.96044921875
3a1abc6ebfe24a238723e2518813f84d,1593521,0.9580078125
3a1abc6ebfe24a238723e2518813f84d,1593110,0.95703125
3a1abc6ebfe24a238723e2518813f84d,1588769,0.9453125
3a1abc6ebfe24a238723e2518813f84d,1538810,0.9423828125
3a1abc6ebfe24a238723e2518813f84d,1534686,0.9404296875
3a1abc6ebfe24a238723e2518813f84d,1546565,0.927734375
3a1abc6ebfe24a238723e2518813f84d,1573598,0.92529296875
3a1abc6ebfe24a238723e2518813f84d,1573686,0.90673828125
3a1abc6ebfe24a238723e2518813f84d,1550899,0.87646484375
3a1abc6ebfe24a238723e2518813f84d,1582109,0.80224609375
3a1abc6ebfe24a238723e2518813f84d,1565821,0.50146484375
bf6675d91fe4459f97a85cbdb0692a0b,1535216,0.99169921875
bf6675d91fe4459f97a85cbdb0692a0b,1534633,0.98876953125
bf6675d91fe4459f97a85cbdb0692a0b,1562833,0.98779296875
bf6675d91fe4459f97a85cbdb0692a0b,1599290,0.9697265625
bf6675d91fe4459f97a85cbdb0692a0b,1543346,0.8896484375
bf6675d91fe4459f97a85cbdb0692a0b,1556770,0.7802734375
bf6675d91fe4459f97a85cbdb0692a0b,1574560,0.74072265625
bf6675d91fe4459f97a85cbdb0692a0b,1571092,0.60888671875
bf6675d91fe4459f97a85cbdb0692a0b,1529326,0.54150390625
bf6675d91fe4459f97a85cbdb0692a0b,1575717,0.327392578125
bf6675d91fe4459f97a85cbdb0692a0b,1559957,0.1265869140625
0bcbada6cbef4c48ac246d15d51329ca,1597107,0.98974609375
0bcbada6cbef4c48ac246d15d51329ca,1531565,0.9873046875
0bcbada6cbef4c48ac246d15d51329ca,1552800,0.9873046875
0bcbada6cbef4c48ac246d15d51329ca,1534140,0.9814453125
0bcbada6cbef4c48ac246d15d51329ca,1597674,0.97802734375
0bcbada6cbef4c48ac246d15d51329ca,1534976,0.9296875
0bcbada6cbef4c48ac246d15d51329ca,1533250,0.9150390625
0bcbada6cbef4c48ac246d15d51329ca,1572799,0.91455078125
0bcbada6cbef4c48ac246d15d51329ca,1552196,0.869140625
0bcbada6cbef4c48ac246d15d51329ca,1552855,0.8291015625
0bcbada6cbef4c48ac246d15d51329ca,1560406,0.767578125
0bcbada6cbef4c48ac246d15d51329ca,1575937,0.75927734375
0bcbada6cbef4c48ac246d15d51329ca,1558489,0.7529296875
0bcbada6cbef4c48ac246d15d51329ca,1534523,0.51416015625
c1f3b9a898bb4b6c891336c07203cfac,1584095,0.99072265625
c1f3b9a898bb4b6c891336c07203cfac,1578414,0.9677734375
c1f3b9a898bb4b6c891336c07203cfac,1572708,0.95703125
c1f3b9a898bb4b6c891336c07203cfac,1569230,0.94921875
c1f3b9a898bb4b6c891336c07203cfac,1578772,0.9365234375
c1f3b9a898bb4b6c891336c07203cfac,1568324,0.9326171875
c1f3b9a898bb4b6c891336c07203cfac,1553916,0.91455078125
c1f3b9a898bb4b6c891336c07203cfac,1568025,0.908203125
c1f3b9a898bb4b6c891336c07203cfac,1534200,0.9033203125
c1f3b9a898bb4b6c891336c07203cfac,1557588,0.89111328125
c1f3b9a898bb4b6c891336c07203cfac,1548331,0.87353515625
c1f3b9a898bb4b6c891336c07203cfac,1573889,0.86962890625
c1f3b9a898bb4b6c891336c07203cfac,1531794,0.560546875
c1f3b9a898bb4b6c891336c07203cfac,1530537,0.44873046875
c1f3b9a898bb4b6c891336c07203cfac,1597427,0.362060546875
6308b67738f2438a970322ee28f2ea2e,1550023,0.99755859375
6308b67738f2438a970322ee28f2ea2e,1531926,0.994140625
6308b67738f2438a970322ee28f2ea2e,1539545,0.98828125
6308b67738f2438a970322ee28f2ea2e,1576904,0.98828125
6308b67738f2438a970322ee28f2ea2e,1576844,0.98779296875
6308b67738f2438a970322ee28f2ea2e,1576012,0.9814453125
6308b67738f2438a970322ee28f2ea2e,1588276,0.97998046875
6308b67738f2438a970322ee28f2ea2e,1575887,0.9755859375
6308b67738f2438a970322ee28f2ea2e,1559189,0.97314453125
6308b67738f2438a970322ee28f2ea2e,1592905,0.97216796875
6308b67738f2438a970322ee28f2ea2e,1561265,0.966796875
6308b67738f2438a970322ee28f2ea2e,1528832,0.9658203125
6308b67738f2438a970322ee28f2ea2e,1600617,0.96142578125
6308b67738f2438a970322ee28f2ea2e,1587565,0.95556640625
6308b67738f2438a970322ee28f2ea2e,1530688,0.951171875
6308b67738f2438a970322ee28f2ea2e,1549076,0.91650390625
6308b67738f2438a970322ee28f2ea2e,1600633,0.8095703125
6308b67738f2438a970322ee28f2ea2e,1527867,0.79833984375
6308b67738f2438a970322ee28f2ea2e,1544278,0.6640625
6308b67738f2438a970322ee28f2ea2e,1544376,0.57421875
6308b67738f2438a970322ee28f2ea2e,1550135,0.10687255859375
c2e5b76ce40345aa87a0d1b4f3f5eec6,1538987,0.990234375
c2e5b76ce40345aa87a0d1b4f3f5eec6,1532270,0.98828125
c2e5b76ce40345aa87a0d1b4f3f5eec6,1564313,0.978515625
c2e5b76ce40345aa87a0d1b4f3f5eec6,1531212,0.97509765625
c2e5b76ce40345aa87a0d1b4f3f5eec6,1535651,0.970703125
c2e5b76ce40345aa87a0d1b4f3f5eec6,1595299,0.97021484375
c2e5b76ce40345aa87a0d1b4f3f5eec6,1581792,0.95361328125
c2e5b76ce40345aa87a0d1b4f3f5eec6,1546480,0.9443359375
c2e5b76ce40345aa87a0d1b4f3f5eec6,1573681,0.939453125
c2e5b76ce40345aa87a0d1b4f3f5eec6,1533711,0.93212890625
c2e5b76ce40345aa87a0d1b4f3f5eec6,1529146,0.91064453125
c2e5b76ce40345aa87a0d1b4f3f5eec6,1543452,0.89794921875
c2e5b76ce40345aa87a0d1b4f3f5eec6,1589232,0.88720703125
c2e5b76ce40345aa87a0d1b4f3f5eec6,1540845,0.87890625
c2e5b76ce40345aa87a0d1b4f3f5eec6,1591721,0.87646484375
c2e5b76ce40345aa87a0d1b4f3f5eec6,1548776,0.8232421875
c2e5b76ce40345aa87a0d1b4f3f5eec6,1576633,0.81201171875
c2e5b76ce40345aa87a0d1b4f3f5eec6,1568560,0.81103515625
c2e5b76ce40345aa87a0d1b4f3f5eec6,1599067,0.80908203125
c2e5b76ce40345aa87a0d1b4f3f5eec6,1576866,0.7919921875
c2e5b76ce40345aa87a0d1b4f3f5eec6,1565439,0.76318359375
c2e5b76ce40345aa87a0d1b4f3f5eec6,1549163,0.7109375
c2e5b76ce40345aa87a0d1b4f3f5eec6,1539837,0.6865234375
c2e5b76ce40345aa87a0d1b4f3f5eec6,1578627,0.51220703125
ed64f0cd1855464c8b0533641f273907,1568079,0.9951171875
ed64f0cd1855464c8b0533641f273907,1597557,0.994140625
ed64f0cd1855464c8b0533641f273907,1584512,0.9931640625
ed64f0cd1855464c8b0533641f273907,1592844,0.9931640625
ed64f0cd1855464c8b0533641f273907,1556693,0.98583984375
ed64f0cd1855464c8b0533641f273907,1564420,0.96533203125
ed64f0cd1855464c8b0533641f273907,1574510,0.95458984375
ed64f0cd1855464c8b0533641f273907,1595207,0.92578125
ed64f0cd1855464c8b0533641f273907,1591513,0.8447265625
ed64f0cd1855464c8b0533641f273907,1564256,0.828125
ed64f0cd1855464c8b0533641f273907,1529561,0.80615234375
ed64f0cd1855464c8b0533641f273907,1589255,0.1383056640625
67287c20a5264bd5a36b80d381c473be,1574821,0.970703125
67287c20a5264bd5a36b80d381c473be,1535758,0.96630859375
67287c20a5264bd5a36b80d381c473be,1533672,0.96435546875
67287c20a5264bd5a36b80d381c473be,1600941,0.96435546875
67287c20a5264bd5a36b80d381c473be,1546939,0.9599609375
67287c20a5264bd5a36b80d381c473be,1571603,0.95654296875
67287c20a5264bd5a36b80d381c473be,1553262,0.9560546875
67287c20a5264bd5a36b80d381c473be,1593521,0.95556640625
67287c20a5264bd5a36b80d381c473be,1567407,0.9521484375
67287c20a5264bd5a36b80d381c473be,1547564,0.94189453125
67287c20a5264bd5a36b80d381c473be,1578875,0.8984375
67287c20a5264bd5a36b80d381c473be,1533352,0.89013671875
67287c20a5264bd5a36b80d381c473be,1573686,0.8876953125
67287c20a5264bd5a36b80d381c473be,1560670,0.84814453125
67287c20a5264bd5a36b80d381c473be,1571910,0.84619140625
67287c20a5264bd5a36b80d381c473be,1546565,0.8251953125
67287c20a5264bd5a36b80d381c473be,1550899,0.82275390625
67287c20a5264bd5a36b80d381c473be,1590416,0.8046875
67287c20a5264bd5a36b80d381c473be,1542532,0.7421875
67287c20a5264bd5a36b80d381c473be,1587565,0.7412109375
67287c20a5264bd5a36b80d381c473be,1562140,0.7099609375
67287c20a5264bd5a36b80d381c473be,1573976,0.69677734375
67287c20a5264bd5a36b80d381c473be,1564194,0.65478515625
67287c20a5264bd5a36b80d381c473be,1588783,0.583984375
67287c20a5264bd5a36b80d381c473be,1578519,0.57275390625
67287c20a5264bd5a36b80d381c473be,1552659,0.56396484375
67287c20a5264bd5a36b80d381c473be,1584384,0.3779296875
67287c20a5264bd5a36b80d381c473be,1565821,0.3291015625
67287c20a5264bd5a36b80d381c473be,1584897,0.234619140625
67287c20a5264bd5a36b80d381c473be,1590559,0.15771484375
67287c20a5264bd5a36b80d381c473be,1571658,0.1329345703125
f5e1816913cb4e34bc3ec126c2aba79a,1530570,0.978515625
f5e1816913cb4e34bc3ec126c2aba79a,1598184,0.970703125
f5e1816913cb4e34bc3ec126c2aba79a,1539646,0.9384765625
f5e1816913cb4e34bc3ec126c2aba79a,1565719,0.9375
f5e1816913cb4e34bc3ec126c2aba79a,1585058,0.904296875
f5e1816913cb4e34bc3ec126c2aba79a,1570270,0.900390625
f5e1816913cb4e34bc3ec126c2aba79a,1599344,0.8759765625
f5e1816913cb4e34bc3ec126c2aba79a,1574717,0.86376953125
f5e1816913cb4e34bc3ec126c2aba79a,1573601,0.86279296875
f5e1816913cb4e34bc3ec126c2aba79a,1584146,0.671875
f5e1816913cb4e34bc3ec126c2aba79a,1559857,0.62841796875
f5e1816913cb4e34bc3ec126c2aba79a,1560808,0.55322265625
f5e1816913cb4e34bc3ec126c2aba79a,1552584,0.236328125
f5e1816913cb4e34bc3ec126c2aba79a,1582737,0.1561279296875
f5e1816913cb4e34bc3ec126c2aba79a,1559196,0.0751953125
73f429ebc7d447dca76548bd9aa992cf,1544894,0.9580078125
73f429ebc7d447dca76548bd9aa992cf,1540165,0.95458984375
73f429ebc7d447dca76548bd9aa992cf,1543217,0.94775390625
73f429ebc7d447dca76548bd9aa992cf,1544876,0.93798828125
73f429ebc7d447dca76548bd9aa992cf,1532908,0.931640625
73f429ebc7d447dca76548bd9aa992cf,1544384,0.92919921875
73f429ebc7d447dca76548bd9aa992cf,1539392,0.919921875
73f429ebc7d447dca76548bd9aa992cf,1539283,0.90380859375
73f429ebc7d447dca76548bd9aa992cf,1540249,0.87744140625
73f429ebc7d447dca76548bd9aa992cf,1600552,0.8740234375
73f429ebc7d447dca76548bd9aa992cf,1572298,0.86328125
73f429ebc7d447dca76548bd9aa992cf,1599344,0.8388671875
73f429ebc7d447dca76548bd9aa992cf,1560808,0.55078125
73f429ebc7d447dca76548bd9aa992cf,1582737,0.09039306640625
7d9536910b5c4c6b845979dac3fed83b,1559183,0.990234375
7d9536910b5c4c6b845979dac3fed83b,1540849,0.984375
7d9536910b5c4c6b845979dac3fed83b,1537630,0.9765625
7d9536910b5c4c6b845979dac3fed83b,1553296,0.916015625
7d9536910b5c4c6b845979dac3fed83b,1552404,0.890625
7d9536910b5c4c6b845979dac3fed83b,1586594,0.8759765625
7d9536910b5c4c6b845979dac3fed83b,1573316,0.7822265625
7d9536910b5c4c6b845979dac3fed83b,1576027,0.73974609375
7d9536910b5c4c6b845979dac3fed83b,1575212,0.70751953125
7d9536910b5c4c6b845979dac3fed83b,1583781,0.70068359375
7d9536910b5c4c6b845979dac3fed83b,1597638,0.67919921875
7d9536910b5c4c6b845979dac3fed83b,1595120,0.544921875
7d9536910b5c4c6b845979dac3fed83b,1557526,0.488525390625
7d9536910b5c4c6b845979dac3fed83b,1562154,0.404296875
7d9536910b5c4c6b845979dac3fed83b,1573175,0.33154296875
7d9536910b5c4c6b845979dac3fed83b,1583238,0.32470703125
7d9536910b5c4c6b845979dac3fed83b,1560609,0.1949462890625
a8e895c813554445a5e02b576279b1e5,1572354,0.9931640625
a8e895c813554445a5e02b576279b1e5,1544946,0.9892578125
a8e895c813554445a5e02b576279b1e5,1600447,0.98876953125
a8e895c813554445a5e02b576279b1e5,1582268,0.982421875
a8e895c813554445a5e02b576279b1e5,1596262,0.9794921875
a8e895c813554445a5e02b576279b1e5,1587846,0.9736328125
a8e895c813554445a5e02b576279b1e5,1592175,0.9716796875
a8e895c813554445a5e02b576279b1e5,1589016,0.97021484375
a8e895c813554445a5e02b576279b1e5,1549173,0.96044921875
a8e895c813554445a5e02b576279b1e5,1556905,0.9560546875
a8e895c813554445a5e02b576279b1e5,1542794,0.9404296875
a8e895c813554445a5e02b576279b1e5,1556858,0.92919921875
a8e895c813554445a5e02b576279b1e5,1595630,0.9013671875
a8e895c813554445a5e02b576279b1e5,1574717,0.89111328125
a8e895c813554445a5e02b576279b1e5,1591183,0.86572265625
a8e895c813554445a5e02b576279b1e5,1574870,0.845703125
a8e895c813554445a5e02b576279b1e5,1549882,0.83447265625
a8e895c813554445a5e02b576279b1e5,1569097,0.76806640625
f3b0f6bd97d049ceae7ebe77252a0e50,1544864,0.99365234375
f3b0f6bd97d049ceae7ebe77252a0e50,1587739,0.99267578125
f3b0f6bd97d049ceae7ebe77252a0e50,1594255,0.99267578125
f3b0f6bd97d049ceae7ebe77252a0e50,1535165,0.98974609375
f3b0f6bd97d049ceae7ebe77252a0e50,1532869,0.9892578125
f3b0f6bd97d049ceae7ebe77252a0e50,1558959,0.98828125
f3b0f6bd97d049ceae7ebe77252a0e50,1533040,0.982421875
f3b0f6bd97d049ceae7ebe77252a0e50,1588305,0.98046875
f3b0f6bd97d049ceae7ebe77252a0e50,1529138,0.97509765625
f3b0f6bd97d049ceae7ebe77252a0e50,1556091,0.96533203125
f3b0f6bd97d049ceae7ebe77252a0e50,1563339,0.919921875
f3b0f6bd97d049ceae7ebe77252a0e50,1573426,0.83837890625
f3b0f6bd97d049ceae7ebe77252a0e50,1548862,0.70703125
f3b0f6bd97d049ceae7ebe77252a0e50,1596023,0.703125
f3b0f6bd97d049ceae7ebe77252a0e50,1567444,0.6611328125
f3b0f6bd97d049ceae7ebe77252a0e50,1588039,0.59375
f3b0f6bd97d049ceae7ebe77252a0e50,1531777,0.58447265625
0ec83830f4604beba09a0170d8ebe9c2,1536514,0.9619140625
0ec83830f4604beba09a0170d8ebe9c2,1574519,0.95703125
0ec83830f4604beba09a0170d8ebe9c2,1543341,0.9150390625
0ec83830f4604beba09a0170d8ebe9c2,1532551,0.90185546875
0ec83830f4604beba09a0170d8ebe9c2,1529711,0.875
0ec83830f4604beba09a0170d8ebe9c2,1551392,0.86279296875
0ec83830f4604beba09a0170d8ebe9c2,1527609,0.8583984375
0ec83830f4604beba09a0170d8ebe9c2,1540181,0.85595703125
0ec83830f4604beba09a0170d8ebe9c2,1534598,0.84716796875
0ec83830f4604beba09a0170d8ebe9c2,1530171,0.83544921875
0ec83830f4604beba09a0170d8ebe9c2,1554271,0.82958984375
0ec83830f4604beba09a0170d8ebe9c2,1563270,0.81591796875
0ec83830f4604beba09a0170d8ebe9c2,1528271,0.80712890625
0ec83830f4604beba09a0170d8ebe9c2,1528664,0.79833984375
0ec83830f4604beba09a0170d8ebe9c2,1534617,0.79833984375
0ec83830f4604beba09a0170d8ebe9c2,1528488,0.78076171875
0ec83830f4604beba09a0170d8ebe9c2,1555432,0.77734375
0ec83830f4604beba09a0170d8ebe9c2,1532493,0.771484375
0ec83830f4604beba09a0170d8ebe9c2,1534760,0.7685546875
0ec83830f4604beba09a0170d8ebe9c2,1537709,0.76220703125
0ec83830f4604beba09a0170d8ebe9c2,1530347,0.75927734375
0ec83830f4604beba09a0170d8ebe9c2,1554065,0.748046875
0ec83830f4604beba09a0170d8ebe9c2,1539019,0.7197265625
0ec83830f4604beba09a0170d8ebe9c2,1563558,0.71826171875
0ec83830f4604beba09a0170d8ebe9c2,1535559,0.71044921875
0ec83830f4604beba09a0170d8ebe9c2,1576425,0.69873046875
0ec83830f4604beba09a0170d8ebe9c2,1538183,0.6787109375
0ec83830f4604beba09a0170d8ebe9c2,1579641,0.6767578125
0ec83830f4604beba09a0170d8ebe9c2,1591497,0.64013671875
0ec83830f4604beba09a0170d8ebe9c2,1570763,0.57568359375
0ec83830f4604beba09a0170d8ebe9c2,1572510,0.56396484375
0ec83830f4604beba09a0170d8ebe9c2,1544344,0.5458984375
0ec83830f4604beba09a0170d8ebe9c2,1528092,0.411865234375
0ec83830f4604beba09a0170d8ebe9c2,1546381,0.03875732421875
6851d3a7ebc64bde840ae964f788b07a,1527682,0.9912109375
6851d3a7ebc64bde840ae964f788b07a,1591533,0.98974609375
6851d3a7ebc64bde840ae964f788b07a,1528193,0.9892578125
6851d3a7ebc64bde840ae964f788b07a,1541800,0.98876953125
6851d3a7ebc64bde840ae964f788b07a,1548435,0.978515625
6851d3a7ebc64bde840ae964f788b07a,1565567,0.97705078125
6851d3a7ebc64bde840ae964f788b07a,1567075,0.9736328125
6851d3a7ebc64bde840ae964f788b07a,1584527,0.9736328125
6851d3a7ebc64bde840ae964f788b07a,1600817,0.97314453125
6851d3a7ebc64bde840ae964f788b07a,1573503,0.9716796875
6851d3a7ebc64bde840ae964f788b07a,1532533,0.96875
6851d3a7ebc64bde840ae964f788b07a,1563854,0.96533203125
6851d3a7ebc64bde840ae964f788b07a,1574846,0.96435546875
6851d3a7ebc64bde840ae964f788b07a,1568914,0.9609375
6851d3a7ebc64bde840ae964f788b07a,1567583,0.96044921875
6851d3a7ebc64bde840ae964f788b07a,1583632,0.96044921875
6851d3a7ebc64bde840ae964f788b07a,1589433,0.95947265625
6851d3a7ebc64bde840ae964f788b07a,1598241,0.958984375
6851d3a7ebc64bde840ae964f788b07a,1586508,0.9560546875
6851d3a7ebc64bde840ae964f788b07a,1572241,0.94921875
6851d3a7ebc64bde840ae964f788b07a,1554109,0.9453125
6851d3a7ebc64bde840ae964f788b07a,1552738,0.9423828125
6851d3a7ebc64bde840ae964f788b07a,1597043,0.94091796875
6851d3a7ebc64bde840ae964f788b07a,1568173,0.93408203125
6851d3a7ebc64bde840ae964f788b07a,1600900,0.89111328125
6851d3a7ebc64bde840ae964f788b07a,1587294,0.8408203125
6851d3a7ebc64bde840ae964f788b07a,1550753,0.8359375
6851d3a7ebc64bde840ae964f788b07a,1549664,0.82275390625
6851d3a7ebc64bde840ae964f788b07a,1531136,0.76904296875
6851d3a7ebc64bde840ae964f788b07a,1559053,0.73486328125
6851d3a7ebc64bde840ae964f788b07a,1536101,0.68310546875
6851d3a7ebc64bde840ae964f788b07a,1574034,0.68212890625
6851d3a7ebc64bde840ae964f788b07a,1572245,0.59375
6851d3a7ebc64bde840ae964f788b07a,1560720,0.51708984375
6851d3a7ebc64bde840ae964f788b07a,1534275,0.4716796875
6851d3a7ebc64bde840ae964f788b07a,1542967,0.357421875
70ac2f4b201d4a319950766fef88a720,1540629,0.9931640625
70ac2f4b201d4a319950766fef88a720,1597985,0.98876953125
70ac2f4b201d4a319950766fef88a720,1566475,0.98583984375
70ac2f4b201d4a319950766fef88a720,1544662,0.96923828125
70ac2f4b201d4a319950766fef88a720,1588865,0.9599609375
70ac2f4b201d4a319950766fef88a720,1583490,0.95361328125
70ac2f4b201d4a319950766fef88a720,1589446,0.9404296875
70ac2f4b201d4a319950766fef88a720,1569672,0.92041015625
70ac2f4b201d4a319950766fef88a720,1574538,0.884765625
70ac2f4b201d4a319950766fef88a720,1556256,0.88134765625
70ac2f4b201d4a319950766fef88a720,1558543,0.82861328125
70ac2f4b201d4a319950766fef88a720,1573830,0.81689453125
70ac2f4b201d4a319950766fef88a720,1531683,0.583984375
70ac2f4b201d4a319950766fef88a720,1545602,0.30078125
70ac2f4b201d4a319950766fef88a720,1570166,0.30078125
70ac2f4b201d4a319950766fef88a720,1594751,0.30078125
07cc9557ded843edaea5dc70ec0b6028,1561265,0.99169921875
07cc9557ded843edaea5dc70ec0b6028,1588276,0.9912109375
07cc9557ded843edaea5dc70ec0b6028,1531020,0.98046875
07cc9557ded843edaea5dc70ec0b6028,1587565,0.98046875
07cc9557ded843edaea5dc70ec0b6028,1587058,0.9765625
07cc9557ded843edaea5dc70ec0b6028,1528832,0.97021484375
07cc9557ded843edaea5dc70ec0b6028,1558503,0.97021484375
07cc9557ded843edaea5dc70ec0b6028,1591213,0.97021484375
07cc9557ded843edaea5dc70ec0b6028,1548911,0.9697265625
07cc9557ded843edaea5dc70ec0b6028,1539367,0.9599609375
07cc9557ded843edaea5dc70ec0b6028,1537372,0.876953125
07cc9557ded843edaea5dc70ec0b6028,1531004,0.8740234375
07cc9557ded843edaea5dc70ec0b6028,1589005,0.59375
07cc9557ded843edaea5dc70ec0b6028,1550135,0.453125
bfff6b565eb744ac841b2c8a479f585b,1558960,0.99853515625
bfff6b565eb744ac841b2c8a479f585b,1571090,0.99853515625
bfff6b565eb744ac841b2c8a479f585b,1575823,0.99853515625
bfff6b565eb744ac841b2c8a479f585b,1587566,0.99853515625
bfff6b565eb744ac841b2c8a479f585b,1590099,0.99853515625
bfff6b565eb744ac841b2c8a479f585b,1598836,0.99853515625
bfff6b565eb744ac841b2c8a479f585b,1563875,0.998046875
bfff6b565eb744ac841b2c8a479f585b,1570639,0.998046875
bfff6b565eb744ac841b2c8a479f585b,1582848,0.998046875
bfff6b565eb744ac841b2c8a479f585b,1553510,0.9970703125
bfff6b565eb744ac841b2c8a479f585b,1587932,0.99609375
bfff6b565eb744ac841b2c8a479f585b,1555647,0.99609375
bfff6b565eb744ac841b2c8a479f585b,1593640,0.99169921875
bfff6b565eb744ac841b2c8a479f585b,1575912,0.8798828125
bfff6b565eb744ac841b2c8a479f585b,1576522,0.84375
bfff6b565eb744ac841b2c8a479f585b,1575182,0.7548828125
bfff6b565eb744ac841b2c8a479f585b,1586091,0.72607421875
9c8194f933964459bd0c265ad324ff96,1572115,0.91748046875
9c8194f933964459bd0c265ad324ff96,1535019,0.88818359375
9c8194f933964459bd0c265ad324ff96,1581262,0.87353515625
9c8194f933964459bd0c265ad324ff96,1528766,0.8662109375
9c8194f933964459bd0c265ad324ff96,1586102,0.83154296875
9c8194f933964459bd0c265ad324ff96,1553787,0.783203125
9c8194f933964459bd0c265ad324ff96,1579154,0.75390625
9c8194f933964459bd0c265ad324ff96,1595190,0.7177734375
9c8194f933964459bd0c265ad324ff96,1530303,0.708984375
9c8194f933964459bd0c265ad324ff96,1563012,0.6728515625
9c8194f933964459bd0c265ad324ff96,1595016,0.6650390625
9c8194f933964459bd0c265ad324ff96,1598919,0.56201171875
9c8194f933964459bd0c265ad324ff96,1572453,0.55517578125
9c8194f933964459bd0c265ad324ff96,1537036,0.434814453125
9c8194f933964459bd0c265ad324ff96,1533510,0.34521484375
9c8194f933964459bd0c265ad324ff96,1536273,0.2103271484375
9c8194f933964459bd0c265ad324ff96,1574670,0.1671142578125
9c8194f933964459bd0c265ad324ff96,1557612,0.0254669189453125
a5c5add3d63c4cb7a6f1dda46d200ba9,1570438,0.99169921875
a5c5add3d63c4cb7a6f1dda46d200ba9,1584432,0.98876953125
a5c5add3d63c4cb7a6f1dda46d200ba9,1592820,0.98583984375
a5c5add3d63c4cb7a6f1dda46d200ba9,1593413,0.98486328125
a5c5add3d63c4cb7a6f1dda46d200ba9,1591699,0.984375
a5c5add3d63c4cb7a6f1dda46d200ba9,1562622,0.9833984375
a5c5add3d63c4cb7a6f1dda46d200ba9,1590619,0.97998046875
a5c5add3d63c4cb7a6f1dda46d200ba9,1549865,0.97900390625
a5c5add3d63c4cb7a6f1dda46d200ba9,1592854,0.97265625
a5c5add3d63c4cb7a6f1dda46d200ba9,1571130,0.97119140625
a5c5add3d63c4cb7a6f1dda46d200ba9,1545401,0.970703125
a5c5add3d63c4cb7a6f1dda46d200ba9,1544195,0.9443359375
a5c5add3d63c4cb7a6f1dda46d200ba9,1543005,0.92626953125
a5c5add3d63c4cb7a6f1dda46d200ba9,1553230,0.92138671875
a5c5add3d63c4cb7a6f1dda46d200ba9,1553094,0.2322998046875
a5c5add3d63c4cb7a6f1dda46d200ba9,1589606,0.1251220703125
c6fe8079aa484a2988e6887fcd3a6eba,1549672,0.986328125
c6fe8079aa484a2988e6887fcd3a6eba,1585937,0.98583984375
c6fe8079aa484a2988e6887fcd3a6eba,1530092,0.97802734375
c6fe8079aa484a2988e6887fcd3a6eba,1568867,0.9521484375
c6fe8079aa484a2988e6887fcd3a6eba,1583632,0.83935546875
c6fe8079aa484a2988e6887fcd3a6eba,1568173,0.783203125
c6fe8079aa484a2988e6887fcd3a6eba,1573151,0.78271484375
c6fe8079aa484a2988e6887fcd3a6eba,1587294,0.740234375
c6fe8079aa484a2988e6887fcd3a6eba,1550753,0.71337890625
c6fe8079aa484a2988e6887fcd3a6eba,1549664,0.685546875
c6fe8079aa484a2988e6887fcd3a6eba,1589233,0.6845703125
c6fe8079aa484a2988e6887fcd3a6eba,1574034,0.68115234375
c6fe8079aa484a2988e6887fcd3a6eba,1583932,0.64208984375
c6fe8079aa484a2988e6887fcd3a6eba,1551454,0.5361328125
fafcc7c2cdfb4c57bc3c6d0b20fcd96e,1532510,0.98046875
fafcc7c2cdfb4c57bc3c6d0b20fcd96e,1590465,0.94970703125
fafcc7c2cdfb4c57bc3c6d0b20fcd96e,1591007,0.9482421875
fafcc7c2cdfb4c57bc3c6d0b20fcd96e,1531134,0.9423828125
fafcc7c2cdfb4c57bc3c6d0b20fcd96e,1546764,0.92724609375
fafcc7c2cdfb4c57bc3c6d0b20fcd96e,1533803,0.91162109375
fafcc7c2cdfb4c57bc3c6d0b20fcd96e,1597408,0.896484375
fafcc7c2cdfb4c57bc3c6d0b20fcd96e,1538167,0.8828125
fafcc7c2cdfb4c57bc3c6d0b20fcd96e,1576526,0.8681640625
fafcc7c2cdfb4c57bc3c6d0b20fcd96e,1560481,0.85986328125
fafcc7c2cdfb4c57bc3c6d0b20fcd96e,1553751,0.8525390625
fafcc7c2cdfb4c57bc3c6d0b20fcd96e,1565547,0.84130859375
fafcc7c2cdfb4c57bc3c6d0b20fcd96e,1566917,0.83447265625
fafcc7c2cdfb4c57bc3c6d0b20fcd96e,1549841,0.81396484375
fafcc7c2cdfb4c57bc3c6d0b20fcd96e,1531382,0.78076171875
fafcc7c2cdfb4c57bc3c6d0b20fcd96e,1530046,0.7744140625
fafcc7c2cdfb4c57bc3c6d0b20fcd96e,1529581,0.759765625
fafcc7c2cdfb4c57bc3c6d0b20fcd96e,1585527,0.75341796875
fafcc7c2cdfb4c57bc3c6d0b20fcd96e,1562915,0.2303466796875
da9b31cc61184cf2854f8cde0ab9e52d,1564432,0.888671875
da9b31cc61184cf2854f8cde0ab9e52d,1555536,0.86669921875
da9b31cc61184cf2854f8cde0ab9e52d,1549060,0.86328125
da9b31cc61184cf2854f8cde0ab9e52d,1554065,0.8583984375
da9b31cc61184cf2854f8cde0ab9e52d,1541149,0.8408203125
da9b31cc61184cf2854f8cde0ab9e52d,1590997,0.8388671875
da9b31cc61184cf2854f8cde0ab9e52d,1528488,0.83056640625
da9b31cc61184cf2854f8cde0ab9e52d,1548698,0.82080078125
da9b31cc61184cf2854f8cde0ab9e52d,1599413,0.81689453125
da9b31cc61184cf2854f8cde0ab9e52d,1551392,0.79248046875
da9b31cc61184cf2854f8cde0ab9e52d,1527609,0.76953125
da9b31cc61184cf2854f8cde0ab9e52d,1539604,0.640625
da9b31cc61184cf2854f8cde0ab9e52d,1557733,0.6328125
da9b31cc61184cf2854f8cde0ab9e52d,1571448,0.51416015625
7d87a60286ec44f48a44f13475b0e886,1583585,0.99267578125
7d87a60286ec44f48a44f13475b0e886,1574693,0.99169921875
7d87a60286ec44f48a44f13475b0e886,1532970,0.98876953125
7d87a60286ec44f48a44f13475b0e886,1551325,0.98876953125
7d87a60286ec44f48a44f13475b0e886,1574343,0.98828125
7d87a60286ec44f48a44f13475b0e886,1540408,0.96728515625
7d87a60286ec44f48a44f13475b0e886,1596887,0.9619140625
7d87a60286ec44f48a44f13475b0e886,1551352,0.9443359375
7d87a60286ec44f48a44f13475b0e886,1586638,0.892578125
7d87a60286ec44f48a44f13475b0e886,1579620,0.8212890625
7d87a60286ec44f48a44f13475b0e886,1589618,0.78076171875
7d87a60286ec44f48a44f13475b0e886,1581792,0.6494140625
7d87a60286ec44f48a44f13475b0e886,1589232,0.56982421875
7d87a60286ec44f48a44f13475b0e886,1533397,0.3583984375
7d87a60286ec44f48a44f13475b0e886,1573535,0.318115234375
87da6c5e8d0a4b7989b5e4b348ea1da8,1534655,0.986328125
87da6c5e8d0a4b7989b5e4b348ea1da8,1566001,0.97998046875
87da6c5e8d0a4b7989b5e4b348ea1da8,1546895,0.96826171875
87da6c5e8d0a4b7989b5e4b348ea1da8,1547994,0.96826171875
87da6c5e8d0a4b7989b5e4b348ea1da8,1549605,0.96435546875
87da6c5e8d0a4b7989b5e4b348ea1da8,1538810,0.9638671875
87da6c5e8d0a4b7989b5e4b348ea1da8,1553262,0.962890625
87da6c5e8d0a4b7989b5e4b348ea1da8,1600941,0.9609375
87da6c5e8d0a4b7989b5e4b348ea1da8,1554515,0.95947265625
87da6c5e8d0a4b7989b5e4b348ea1da8,1542169,0.958984375
87da6c5e8d0a4b7989b5e4b348ea1da8,1546939,0.95703125
87da6c5e8d0a4b7989b5e4b348ea1da8,1539801,0.95654296875
87da6c5e8d0a4b7989b5e4b348ea1da8,1545494,0.955078125
87da6c5e8d0a4b7989b5e4b348ea1da8,1560670,0.9033203125
87da6c5e8d0a4b7989b5e4b348ea1da8,1546565,0.89697265625
87da6c5e8d0a4b7989b5e4b348ea1da8,1534686,0.88720703125
87da6c5e8d0a4b7989b5e4b348ea1da8,1563146,0.87109375
87da6c5e8d0a4b7989b5e4b348ea1da8,1571910,0.857421875
87da6c5e8d0a4b7989b5e4b348ea1da8,1591489,0.8525390625
87da6c5e8d0a4b7989b5e4b348ea1da8,1564194,0.810546875
87da6c5e8d0a4b7989b5e4b348ea1da8,1582109,0.7626953125
87da6c5e8d0a4b7989b5e4b348ea1da8,1588783,0.6748046875
b5dd82a4fa76412dbe087da5406f4591,1534707,0.99462890625
b5dd82a4fa76412dbe087da5406f4591,1534205,0.98779296875
b5dd82a4fa76412dbe087da5406f4591,1566136,0.98681640625
b5dd82a4fa76412dbe087da5406f4591,1573568,0.982421875
b5dd82a4fa76412dbe087da5406f4591,1533940,0.9814453125
b5dd82a4fa76412dbe087da5406f4591,1532551,0.978515625
b5dd82a4fa76412dbe087da5406f4591,1563979,0.95703125
b5dd82a4fa76412dbe087da5406f4591,1565353,0.95556640625
b5dd82a4fa76412dbe087da5406f4591,1536605,0.95458984375
b5dd82a4fa76412dbe087da5406f4591,1538156,0.93115234375
b5dd82a4fa76412dbe087da5406f4591,1529128,0.89697265625
b5dd82a4fa76412dbe087da5406f4591,1552857,0.8896484375
b5dd82a4fa76412dbe087da5406f4591,1548356,0.86376953125
b5dd82a4fa76412dbe087da5406f4591,1532493,0.85791015625
b5dd82a4fa76412dbe087da5406f4591,1573970,0.8388671875
b5dd82a4fa76412dbe087da5406f4591,1537965,0.83349609375
b5dd82a4fa76412dbe087da5406f4591,1545573,0.8330078125
b5dd82a4fa76412dbe087da5406f4591,1571207,0.80615234375
b5dd82a4fa76412dbe087da5406f4591,1553257,0.767578125
b5dd82a4fa76412dbe087da5406f4591,1565437,0.74462890625
b5dd82a4fa76412dbe087da5406f4591,1596125,0.71826171875
b5dd82a4fa76412dbe087da5406f4591,1567834,0.68896484375
b5dd82a4fa76412dbe087da5406f4591,1548581,0.6787109375
b5dd82a4fa76412dbe087da5406f4591,1572510,0.61865234375
b5dd82a4fa76412dbe087da5406f4591,1566481,0.6025390625
b5dd82a4fa76412dbe087da5406f4591,1570763,0.5390625
b5dd82a4fa76412dbe087da5406f4591,1574120,0.515625
b5dd82a4fa76412dbe087da5406f4591,1596316,0.51025390625
b5dd82a4fa76412dbe087da5406f4591,1563708,0.4619140625
edc4a0ba5b2343fa84321fc6948595ca,1595703,0.99853515625
edc4a0ba5b2343fa84321fc6948595ca,1599713,0.99853515625
edc4a0ba5b2343fa84321fc6948595ca,1531605,0.998046875
edc4a0ba5b2343fa84321fc6948595ca,1536251,0.99755859375
edc4a0ba5b2343fa84321fc6948595ca,1599265,0.99755859375
edc4a0ba5b2343fa84321fc6948595ca,1542111,0.9970703125
edc4a0ba5b2343fa84321fc6948595ca,1591016,0.99658203125
edc4a0ba5b2343fa84321fc6948595ca,1576773,0.99609375
edc4a0ba5b2343fa84321fc6948595ca,1586832,0.99560546875
edc4a0ba5b2343fa84321fc6948595ca,1528273,0.9951171875
edc4a0ba5b2343fa84321fc6948595ca,1560200,0.99462890625
edc4a0ba5b2343fa84321fc6948595ca,1559504,0.9921875
edc4a0ba5b2343fa84321fc6948595ca,1577818,0.99169921875
edc4a0ba5b2343fa84321fc6948595ca,1530581,0.99169921875
edc4a0ba5b2343fa84321fc6948595ca,1567337,0.9892578125
edc4a0ba5b2343fa84321fc6948595ca,1539448,0.98828125
edc4a0ba5b2343fa84321fc6948595ca,1577218,0.9853515625
edc4a0ba5b2343fa84321fc6948595ca,1585882,0.98046875
edc4a0ba5b2343fa84321fc6948595ca,1527871,0.96484375
edc4a0ba5b2343fa84321fc6948595ca,1566419,0.69140625
434a6f3e75254aacb4120e26025912e2,1572536,0.9931640625
434a6f3e75254aacb4120e26025912e2,1578414,0.98828125
434a6f3e75254aacb4120e26025912e2,1577269,0.986328125
434a6f3e75254aacb4120e26025912e2,1572708,0.984375
434a6f3e75254aacb4120e26025912e2,1560461,0.974609375
434a6f3e75254aacb4120e26025912e2,1569609,0.96923828125
434a6f3e75254aacb4120e26025912e2,1563944,0.96875
434a6f3e75254aacb4120e26025912e2,1554482,0.96337890625
434a6f3e75254aacb4120e26025912e2,1540297,0.94970703125
434a6f3e75254aacb4120e26025912e2,1595154,0.93212890625
434a6f3e75254aacb4120e26025912e2,1548753,0.931640625
434a6f3e75254aacb4120e26025912e2,1541992,0.92919921875
434a6f3e75254aacb4120e26025912e2,1576778,0.86328125
434a6f3e75254aacb4120e26025912e2,1595071,0.85693359375
434a6f3e75254aacb4120e26025912e2,1531794,0.814453125
434a6f3e75254aacb4120e26025912e2,1534210,0.7861328125
434a6f3e75254aacb4120e26025912e2,1536717,0.7822265625
434a6f3e75254aacb4120e26025912e2,1585469,0.78076171875
434a6f3e75254aacb4120e26025912e2,1584500,0.771484375
434a6f3e75254aacb4120e26025912e2,1553450,0.64794921875
434a6f3e75254aacb4120e26025912e2,1530537,0.62548828125
434a6f3e75254aacb4120e26025912e2,1582231,0.5615234375
434a6f3e75254aacb4120e26025912e2,1552251,0.4208984375
3c7e50912a8943bcaa4b825d43f36613,1584095,0.9892578125
3c7e50912a8943bcaa4b825d43f36613,1591533,0.98876953125
3c7e50912a8943bcaa4b825d43f36613,1562892,0.970703125
3c7e50912a8943bcaa4b825d43f36613,1597448,0.97021484375
3c7e50912a8943bcaa4b825d43f36613,1554718,0.96826171875
3c7e50912a8943bcaa4b825d43f36613,1572708,0.96533203125
3c7e50912a8943bcaa4b825d43f36613,1568525,0.955078125
3c7e50912a8943bcaa4b825d43f36613,1593072,0.94921875
3c7e50912a8943bcaa4b825d43f36613,1575807,0.947265625
3c7e50912a8943bcaa4b825d43f36613,1553894,0.90576171875
3c7e50912a8943bcaa4b825d43f36613,1595071,0.90234375
3c7e50912a8943bcaa4b825d43f36613,1552732,0.83349609375
3c7e50912a8943bcaa4b825d43f36613,1594918,0.830078125
3c7e50912a8943bcaa4b825d43f36613,1594433,0.63916015625
3c7e50912a8943bcaa4b825d43f36613,1588748,0.57470703125
3c7e50912a8943bcaa4b825d43f36613,1567895,0.52490234375
3c7e50912a8943bcaa4b825d43f36613,1570684,0.497802734375
3c7e50912a8943bcaa4b825d43f36613,1597427,0.427001953125
3c7e50912a8943bcaa4b825d43f36613,1591541,0.11578369140625
52037cb16f1e46ecb12a09039582b42e,1568622,0.994140625
52037cb16f1e46ecb12a09039582b42e,1533375,0.9814453125
52037cb16f1e46ecb12a09039582b42e,1543616,0.974609375
52037cb16f1e46ecb12a09039582b42e,1567482,0.95703125
52037cb16f1e46ecb12a09039582b42e,1576410,0.955078125
52037cb16f1e46ecb12a09039582b42e,1530440,0.95166015625
52037cb16f1e46ecb12a09039582b42e,1546186,0.9208984375
52037cb16f1e46ecb12a09039582b42e,1585878,0.87890625
52037cb16f1e46ecb12a09039582b42e,1584345,0.86376953125
52037cb16f1e46ecb12a09039582b42e,1540458,0.853515625
52037cb16f1e46ecb12a09039582b42e,1577340,0.83642578125
52037cb16f1e46ecb12a09039582b42e,1559100,0.818359375
52037cb16f1e46ecb12a09039582b42e,1527760,0.7958984375
52037cb16f1e46ecb12a09039582b42e,1551859,0.66455078125
52037cb16f1e46ecb12a09039582b42e,1537227,0.66015625
52037cb16f1e46ecb12a09039582b42e,1577765,0.65673828125
52037cb16f1e46ecb12a09039582b42e,1570110,0.38330078125
52037cb16f1e46ecb12a09039582b42e,1578052,0.009857177734375
dad8b0242c034807b12980303710d710,1542079,0.99755859375
dad8b0242c034807b12980303710d710,1595351,0.99658203125
dad8b0242c034807b12980303710d710,1567231,0.9951171875
dad8b0242c034807b12980303710d710,1576985,0.994140625
dad8b0242c034807b12980303710d710,1582644,0.99267578125
dad8b0242c034807b12980303710d710,1592987,0.9921875
dad8b0242c034807b12980303710d710,1596978,0.9912109375
dad8b0242c034807b12980303710d710,1542298,0.990234375
dad8b0242c034807b12980303710d710,1561170,0.98681640625
dad8b0242c034807b12980303710d710,1561174,0.98583984375
dad8b0242c034807b12980303710d710,1543641,0.98291015625
dad8b0242c034807b12980303710d710,1561981,0.98046875
dad8b0242c034807b12980303710d710,1583276,0.89404296875
dad8b0242c034807b12980303710d710,1595494,0.8427734375
dad8b0242c034807b12980303710d710,1534918,0.8046875
