humanjobid,area
1527545,Urban
1527549,Urban
1527507,Rural
1527544,Rural
1527480,Rural
1527693,Rural
1527618,Urban
1527682,Rural
1527477,Rural
1527487,Rural
1527454,Urban
1527460,Rural
1527778,Rural
1527609,Urban
1527929,Urban
1527482,Urban
1527810,Rural
1527828,Urban
1527397,Rural
1527804,Rural
1527803,Rural
1527794,Rural
1527856,Rural
1527581,Rural
1527877,Rural
1527933,Rural
1527920,Rural
1527499,Rural
1527953,Rural
1527551,Rural
1527668,Urban
1527566,Urban
1527948,Rural
1527849,Rural
1527760,Rural
1528149,Rural
1527843,Rural
1528250,Urban
1528193,Rural
1528257,Rural
1528199,Rural
1527598,Rural
1527801,Rural
1527678,Urban
1527874,Urban
1527776,Urban
1527735,Rural
1527986,Rural
1527946,Urban
1527922,Urban
1527921,Rural
1527860,Urban
1527871,Rural
1527798,Urban
1527417,Rural
1528399,Urban
1527761,Urban
1527764,Rural
1527862,Urban
1528545,Rural
1527976,Urban
1527961,Urban
1528005,Rural
1528323,Urban
1527966,Urban
1528326,Rural
1527827,Rural
1528523,Urban
1528097,Rural
1528488,Urban
1528330,Rural
1528098,Urban
1528079,Rural
1528095,Rural
1528140,Rural
1528024,Urban
1527468,Rural
1527867,Urban
1527491,Rural
1528409,Urban
1528090,Urban
1527857,Urban
1528201,Urban
1527500,Urban
1528578,Urban
1528345,Urban
1527852,Rural
1528192,Rural
1528717,Urban
1528737,Rural
1527440,Rural
1528283,Urban
1528214,Rural
1528473,Urban
1527888,Rural
1527989,Rural
1527900,Rural
1527883,Rural
1528136,Rural
1528268,Rural
1528169,Urban
1528598,Urban
1528271,Urban
1528221,Urban
1528816,Rural
1528343,Urban
1528092,Urban
1528351,Rural
1528144,Rural
1528368,Urban
1528120,Rural
1528301,Rural
1528190,Rural
1528362,Rural
1527720,Urban
1528487,Rural
1528795,Rural
1529011,Urban
1528462,Rural
1528122,Rural
1528549,Urban
1528115,Rural
1528075,Rural
1528657,Rural
1527806,Urban
1528348,Rural
1528768,Urban
1528066,Urban
1528291,Rural
1528505,Rural
1528295,Rural
1528599,Urban
1528932,Urban
1528859,Urban
1528735,Rural
1528443,Rural
1528803,Urban
1528685,Urban
1528688,Rural
1528582,Urban
1528447,Rural
1528832,Rural
1528595,Urban
1528681,Urban
1528204,Rural
1529029,Rural
1527755,Rural
1528187,Rural
1528799,Rural
1528810,Rural
1528801,Rural
1528625,Rural
1527830,Rural
1528385,Urban
1528607,Urban
1528664,Urban
1528766,Rural
1528736,Rural
1528571,Rural
1528485,Rural
1528797,Rural
1528644,Urban
1528720,Urban
1528838,Rural
1528828,Urban
1528449,Rural
1528869,Urban
1529154,Urban
1528817,Rural
1528703,Rural
1528700,Urban
1528273,Urban
1528820,Urban
1529242,Rural
1528842,Urban
1529180,Rural
1529129,Urban
1528954,Rural
1529204,Rural
1529199,Rural
1529047,Urban
1528821,Urban
1528978,Rural
1528919,Urban
1529019,Urban
1529027,Urban
1528882,Urban
1528704,Rural
1529072,Rural
1529191,Rural
1528858,Rural
1529313,Urban
1529236,Rural
1529099,Urban
1529396,Rural
1529009,Rural
1528760,Rural
1529239,Urban
1529046,Urban
1528963,Urban
1529495,Urban
1528897,Rural
1528934,Rural
1529245,Rural
1529264,Rural
1529086,Urban
1529404,Rural
1529015,Rural
1529232,Rural
1529354,Urban
1529049,Urban
1529110,Urban
1529008,Urban
1529458,Rural
1529168,Urban
1529243,Rural
1529125,Urban
1529306,Rural
1529128,Rural
1529192,Rural
1528460,Rural
1529422,Rural
1529162,Rural
1529145,Rural
1529051,Urban
1529012,Rural
1529146,Urban
1529451,Urban
1529006,Rural
1529028,Urban
1529138,Urban
1528906,Rural
1529442,Rural
1529517,Urban
1529235,Rural
1529114,Urban
1529480,Urban
1529559,Urban
1528970,Rural
1529312,Rural
1529788,Rural
1529597,Rural
1529305,Urban
1529552,Rural
1529315,Urban
1529319,Rural
1529677,Rural
1529371,Urban
1529420,Rural
1529248,Urban
1529252,Urban
1529296,Rural
1529076,Urban
1529304,Rural
1529258,Rural
1529949,Rural
1529963,Rural
1529084,Urban
1529250,Rural
1528911,Rural
1529383,Urban
1529276,Urban
1529394,Rural
1529324,Rural
1529497,Rural
1529326,Rural
1529500,Urban
1529453,Rural
1529405,Rural
1529380,Urban
1529525,Urban
1529399,Rural
1529409,Rural
1529499,Rural
1529516,Rural
1529695,Rural
1529658,Rural
1529819,Rural
1529906,Rural
1529711,Urban
1529889,Rural
1529776,Rural
1529671,Urban
1529778,Rural
1529533,Urban
1529753,Rural
1529992,Rural
1529737,Urban
1529652,Rural
1529001,Rural
1529888,Urban
1529531,Rural
1528162,Rural
1529786,Rural
1529852,Rural
1529602,Urban
1529581,Rural
1529592,Rural
1529849,Rural
1529348,Urban
1529892,Urban
1530002,Rural
1529817,Rural
1529853,Urban
1529684,Urban
1529881,Rural
1530094,Rural
1529713,Urban
1530040,Urban
1528809,Urban
1529875,Rural
1530041,Rural
1530009,Urban
1529928,Urban
1530001,Urban
1529908,Rural
1530017,Urban
1529919,Rural
1528781,Rural
1530092,Rural
1529746,Urban
1530046,Rural
1529561,Rural
1530174,Rural
1527537,Rural
1529747,Urban
1529943,Urban
1529856,Urban
1528811,Urban
1530206,Urban
1529839,Rural
1530237,Urban
1530171,Urban
1530179,Rural
1530204,Rural
1529718,Urban
1530201,Urban
1528808,Urban
1530127,Urban
1530036,Urban
1530077,Rural
1530317,Rural
1530086,Urban
1530342,Rural
1530193,Rural
1530303,Rural
1530379,Urban
1530165,Urban
1529397,Rural
1530394,Rural
1529259,Rural
1530075,Rural
1530004,Rural
1529755,Urban
1530071,Urban
1527392,Urban
1530420,Rural
1530161,Rural
1530078,Rural
1530321,Urban
1530369,Urban
1530322,Rural
1530380,Rural
1529777,Rural
1530347,Urban
1530419,Rural
1530431,Urban
1529560,Urban
1530242,Urban
1530325,Rural
1530429,Rural
1530211,Urban
1530214,Rural
1530364,Rural
1530141,Urban
1530225,Urban
1530386,Urban
1530189,Urban
1530447,Rural
1529827,Rural
1529664,Rural
1530150,Urban
1530262,Rural
1530316,Rural
1530426,Rural
1530433,Rural
1530485,Rural
1530299,Rural
1530402,Urban
1530271,Rural
1530382,Urban
1530440,Rural
1530555,Rural
1530396,Urban
1530571,Rural
1530486,Urban
1530245,Urban
1530518,Rural
1530430,Urban
1530604,Urban
1529958,Rural
1530548,Rural
1530747,Rural
1530688,Urban
1528617,Rural
1530569,Rural
1530785,Rural
1530669,Rural
1530634,Rural
1530511,Urban
1530507,Rural
1530529,Rural
1530592,Urban
1529317,Rural
1530335,Rural
1530635,Urban
1530524,Rural
1530247,Urban
1530702,Rural
1530622,Urban
1530389,Rural
1530343,Urban
1530466,Urban
1530581,Urban
1530187,Rural
1530753,Urban
1530313,Urban
1530776,Rural
1530937,Rural
1530537,Urban
1530570,Rural
1530790,Rural
1530696,Urban
1530786,Urban
1530539,Rural
1530751,Rural
1530650,Rural
1530695,Rural
1531020,Urban
1530455,Urban
1530487,Rural
1530748,Rural
1530910,Urban
1531159,Urban
1530641,Rural
1530659,Urban
1530549,Rural
1531179,Rural
1530797,Rural
1531134,Urban
1531062,Urban
1530806,Rural
1530836,Rural
1530771,Rural
1531132,Rural
1530547,Rural
1530520,Urban
1530302,Rural
1531136,Rural
1531241,Rural
1530717,Urban
1531008,Rural
1531360,Rural
1531149,Rural
1531284,Urban
1531250,Urban
1531022,Urban
1530886,Urban
1531057,Rural
1530967,Urban
1530713,Urban
1530905,Rural
1530756,Rural
1528318,Rural
1530920,Rural
1531014,Rural
1531418,Urban
1531311,Urban
1531300,Urban
1530955,Urban
1530892,Urban
1531382,Urban
1530089,Rural
1530149,Urban
1531431,Rural
1531046,Urban
1531169,Rural
1531212,Urban
1530807,Rural
1531369,Rural
1531408,Rural
1530824,Rural
1530828,Rural
1531524,Urban
1531126,Rural
1531413,Urban
1531511,Rural
1530903,Urban
1531004,Rural
1531502,Rural
1530918,Rural
1531546,Rural
1531544,Rural
1530866,Rural
1531032,Urban
1530938,Rural
1531550,Rural
1531310,Urban
1530924,Urban
1530969,Rural
1530930,Urban
1531320,Rural
1531448,Rural
1531543,Rural
1531167,Urban
1530707,Urban
1531355,Rural
1531340,Rural
1531461,Urban
1531552,Rural
1531605,Urban
1531233,Rural
1531016,Urban
1531321,Rural
1531611,Rural
1531530,Urban
1531120,Rural
1531292,Urban
1531303,Urban
1531622,Urban
1531393,Urban
1530489,Urban
1531371,Urban
1531223,Urban
1529218,Rural
1531342,Rural
1531565,Rural
1531345,Urban
1531315,Urban
1531513,Urban
1531155,Urban
1531561,Rural
1531414,Urban
1531663,Rural
1531567,Urban
1531730,Urban
1531564,Rural
1531520,Rural
1531381,Urban
1530831,Urban
1531283,Rural
1531795,Urban
1531304,Urban
1531759,Rural
1531600,Urban
1531745,Rural
1531735,Urban
1531278,Rural
1531302,Rural
1531396,Rural
1531398,Rural
1531758,Rural
1531965,Rural
1531837,Rural
1531695,Rural
1531794,Urban
1531497,Rural
1531515,Rural
1531830,Rural
1531801,Urban
1531736,Rural
1531933,Urban
1530877,Urban
1531952,Urban
1531871,Rural
1531631,Rural
1531781,Rural
1531454,Urban
1531868,Rural
1532036,Rural
1531958,Urban
1532060,Urban
1530891,Urban
1531903,Urban
1531491,Urban
1532186,Rural
1532066,Rural
1531873,Urban
1531844,Rural
1531683,Rural
1531719,Urban
1531913,Rural
1532126,Rural
1531206,Rural
1531851,Rural
1531970,Urban
1530884,Urban
1531921,Rural
1531957,Urban
1532207,Urban
1531983,Urban
1532217,Urban
1531556,Rural
1532144,Urban
1531587,Rural
1531276,Rural
1532279,Urban
1532256,Rural
1531926,Rural
1532274,Rural
1532252,Rural
1531665,Rural
1531596,Urban
1531610,Rural
1531950,Rural
1531697,Urban
1531375,Urban
1531721,Rural
1528693,Rural
1531706,Urban
1532270,Rural
1532147,Rural
1531305,Urban
1531729,Urban
1531969,Rural
1532377,Urban
1531981,Urban
1531885,Urban
1531816,Urban
1532235,Urban
1531946,Urban
1532175,Urban
1531778,Rural
1531677,Urban
1532190,Urban
1531815,Rural
1531672,Rural
1531962,Urban
1531987,Rural
1531424,Rural
1531889,Rural
1532065,Rural
1531967,Rural
1531923,Rural
1531777,Rural
1531973,Rural
1532239,Rural
1531838,Urban
1532197,Rural
1532114,Rural
1532017,Urban
1532308,Rural
1532380,Urban
1531542,Rural
1532381,Rural
1531886,Rural
1532223,Rural
1532238,Urban
1532278,Rural
1532007,Rural
1531948,Urban
1531953,Urban
1532361,Urban
1532071,Urban
1532209,Rural
1532338,Urban
1532182,Rural
1532185,Rural
1531562,Urban
1532234,Rural
1532054,Urban
1532159,Urban
1532089,Urban
1532173,Urban
1532383,Rural
1532385,Rural
1532220,Rural
1531986,Rural
1532463,Urban
1532283,Urban
1532503,Urban
1531538,Rural
1532532,Rural
1532324,Rural
1532522,Urban
1532314,Urban
1532097,Rural
1532394,Rural
1532208,Urban
1531907,Rural
1532454,Urban
1532346,Urban
1532510,Rural
1532302,Rural
1532751,Rural
1532493,Urban
1532137,Urban
1532174,Urban
1532263,Rural
1532205,Rural
1532303,Urban
1532449,Rural
1532681,Rural
1532325,Rural
1532533,Rural
1532498,Rural
1532389,Rural
1532311,Urban
1532578,Rural
1532551,Rural
1532707,Urban
1532641,Urban
1532689,Rural
1532656,Rural
1532406,Urban
1532527,Urban
1532181,Urban
1532374,Rural
1532626,Urban
1532448,Rural
1532741,Rural
1532506,Rural
1531640,Urban
1532511,Rural
1532595,Urban
1532613,Rural
1532619,Urban
1532755,Urban
1532622,Urban
1532753,Urban
1532633,Urban
1532574,Rural
1532774,Urban
1532744,Rural
1532530,Urban
1532667,Rural
1532411,Rural
1532573,Rural
1532737,Rural
1532739,Urban
1532695,Rural
1532526,Urban
1532617,Urban
1532508,Rural
1532920,Urban
1532618,Rural
1532670,Urban
1533147,Urban
1532795,Rural
1533071,Rural
1533149,Urban
1532357,Rural
1532544,Urban
1533257,Urban
1533142,Rural
1533052,Rural
1532868,Rural
1532620,Urban
1532612,Urban
1531938,Urban
1532931,Urban
1532953,Urban
1532705,Urban
1533066,Rural
1532897,Rural
1532590,Urban
1532740,Rural
1532711,Urban
1533006,Urban
1532928,Rural
1533007,Urban
1533053,Urban
1532680,Rural
1532960,Urban
1532623,Urban
1531419,Rural
1532970,Urban
1531791,Rural
1533380,Rural
1533074,Rural
1532893,Rural
1532905,Urban
1532854,Rural
1532581,Urban
1533040,Rural
1532925,Rural
1533037,Urban
1532869,Rural
1533010,Urban
1532944,Rural
1533065,Rural
1533024,Urban
1532467,Urban
1532943,Rural
1532971,Urban
1533469,Rural
1533098,Rural
1533078,Urban
1532373,Urban
1533212,Rural
1533155,Urban
1533156,Urban
1533207,Rural
1532908,Rural
1532761,Rural
1532942,Urban
1533201,Urban
1532539,Urban
1533144,Urban
1532875,Rural
1533080,Urban
1532932,Rural
1533181,Rural
1533454,Rural
1533413,Rural
1531389,Urban
1533487,Urban
1532937,Rural
1533029,Rural
1533161,Rural
1533352,Rural
1533020,Rural
1533162,Urban
1532597,Urban
1533124,Rural
1533340,Urban
1529901,Rural
1533370,Urban
1533261,Urban
1533344,Urban
1533164,Urban
1533366,Rural
1533690,Rural
1533208,Rural
1533239,Rural
1533215,Rural
1533421,Rural
1533443,Rural
1533397,Urban
1533327,Urban
1532904,Rural
1533375,Rural
1533540,Urban
1533875,Urban
1533802,Urban
1533406,Urban
1533417,Urban
1533291,Rural
1533001,Rural
1533055,Rural
1533284,Rural
1533893,Rural
1533884,Rural
1533252,Rural
1532940,Urban
1533281,Urban
1533495,Rural
1533446,Rural
1533369,Rural
1533167,Urban
1533608,Urban
1533293,Urban
1533396,Rural
1533426,Rural
1533442,Rural
1533473,Rural
1533736,Rural
1533552,Rural
1533250,Rural
1533478,Rural
1533288,Rural
1533451,Rural
1533476,Urban
1533330,Rural
1533711,Urban
1533271,Urban
1533725,Urban
1533491,Urban
1533746,Rural
1533829,Urban
1533803,Urban
1533378,Rural
1533672,Urban
1533700,Urban
1531655,Rural
1533786,Urban
1533572,Rural
1533513,Rural
1533569,Rural
1533292,Urban
1527395,Urban
1533316,Urban
1531676,Rural
1533554,Urban
1533616,Urban
1534096,Rural
1533747,Urban
1533472,Rural
1533932,Rural
1533692,Urban
1533805,Urban
1533777,Urban
1533228,Rural
1533703,Rural
1533510,Rural
1533698,Rural
1533210,Rural
1533714,Rural
1533721,Rural
1533807,Rural
1533971,Rural
1533656,Urban
1533755,Rural
1534140,Rural
1533576,Rural
1534071,Rural
1533601,Urban
1534334,Urban
1533843,Urban
1533778,Urban
1534040,Urban
1534197,Rural
1533719,Urban
1533894,Rural
1534125,Rural
1533728,Urban
1534001,Rural
1533621,Urban
1534151,Urban
1533707,Urban
1534146,Rural
1534200,Rural
1534099,Rural
1533852,Rural
1534210,Urban
1533753,Urban
1534185,Rural
1534217,Rural
1533904,Rural
1533730,Rural
1534275,Rural
1534041,Urban
1534028,Rural
1534187,Urban
1534165,Urban
1533940,Rural
1533740,Rural
1534231,Rural
1534064,Rural
1534633,Rural
1534026,Rural
1533854,Rural
1534287,Urban
1533710,Rural
1534186,Rural
1533556,Rural
1533743,Urban
1531052,Urban
1533563,Rural
1534240,Rural
1534246,Rural
1534315,Urban
1534198,Rural
1534357,Rural
1534108,Urban
1532271,Rural
1534239,Rural
1534252,Urban
1534018,Urban
1534363,Rural
1534023,Urban
1534309,Urban
1534259,Urban
1534653,Rural
1533895,Rural
1534060,Urban
1534456,Urban
1534560,Rural
1534675,Urban
1534464,Rural
1534616,Urban
1534444,Urban
1534517,Urban
1534475,Rural
1534263,Rural
1534686,Urban
1534331,Urban
1533382,Urban
1534369,Rural
1534278,Rural
1534336,Urban
1534655,Rural
1534218,Urban
1533209,Rural
1534205,Urban
1534338,Urban
1534511,Urban
1534461,Rural
1534332,Rural
1534676,Urban
1534546,Rural
1534421,Rural
1534329,Rural
1531675,Rural
1534467,Rural
1534462,Rural
1534013,Rural
1534452,Rural
1534532,Rural
1534624,Urban
1534680,Urban
1533966,Urban
1534506,Urban
1534523,Rural
1534405,Rural
1534451,Rural
1534471,Urban
1534407,Urban
1534575,Rural
1534521,Rural
1534786,Urban
1534732,Rural
1534694,Urban
1534784,Rural
1534885,Rural
1534970,Rural
1534718,Rural
1534557,Rural
1534830,Rural
1534719,Rural
1534919,Rural
1534617,Urban
1534346,Rural
1534918,Rural
1532891,Urban
1534924,Urban
1534529,Rural
1534555,Rural
1534628,Urban
1534554,Rural
1534988,Rural
1535019,Rural
1534760,Urban
1535093,Rural
1534672,Rural
1534910,Rural
1534906,Urban
1535036,Rural
1534668,Rural
1534610,Rural
1534061,Rural
1534647,Rural
1534637,Urban
1535205,Rural
1534709,Urban
1535055,Rural
1535194,Urban
1535169,Urban
1534749,Rural
1534422,Urban
1534800,Rural
1534755,Rural
1534632,Urban
1534629,Urban
1534809,Urban
1535262,Rural
1534823,Rural
1527442,Rural
1535219,Rural
1534921,Urban
1535270,Rural
1534707,Rural
1534834,Rural
1534404,Urban
1534660,Rural
1535325,Urban
1534826,Urban
1534687,Rural
1535155,Rural
1534976,Urban
1534896,Rural
1534598,Urban
1534544,Rural
1535222,Urban
1534282,Rural
1534837,Rural
1535230,Urban
1535300,Rural
1535382,Rural
1535351,Rural
1534842,Rural
1535018,Urban
1534744,Rural
1535097,Urban
1534879,Rural
1534871,Urban
1535353,Rural
1534874,Rural
1535107,Rural
1535480,Urban
1535192,Urban
1534907,Rural
1535134,Rural
1534573,Rural
1535446,Urban
1535565,Rural
1534688,Rural
1535427,Rural
1535087,Rural
1535407,Urban
1532500,Rural
1534706,Rural
1535040,Rural
1535304,Urban
1535376,Urban
1535640,Urban
1535277,Rural
1535315,Rural
1535487,Urban
1535164,Rural
1535530,Urban
1535124,Rural
1535587,Urban
1535708,Rural
1535649,Rural
1535493,Urban
1535120,Rural
1534313,Rural
1535499,Urban
1535123,Urban
1535156,Rural
1535552,Rural
1535745,Rural
1534720,Urban
1535753,Rural
1535577,Urban
1535285,Urban
1535401,Urban
1535786,Rural
1535750,Rural
1535791,Rural
1535383,Urban
1535216,Rural
1535572,Rural
1535751,Urban
1535528,Rural
1535520,Urban
1535078,Urban
1535358,Urban
1535263,Urban
1535734,Urban
1534965,Rural
1535151,Rural
1534516,Urban
1535305,Rural
1535221,Rural
1535347,Rural
1535704,Urban
1535309,Rural
1535291,Rural
1534972,Rural
1535403,Urban
1535852,Rural
1534963,Rural
1535930,Urban
1535046,Rural
1535393,Urban
1534912,Urban
1535157,Rural
1535020,Urban
1535574,Rural
1531954,Urban
1535182,Urban
1535400,Rural
1535159,Rural
1535534,Rural
1535396,Urban
1535226,Rural
1535502,Rural
1535461,Rural
1535578,Rural
1535705,Rural
1535862,Rural
1535312,Rural
1535496,Urban
1535316,Rural
1535672,Rural
1535580,Rural
1530502,Rural
1535448,Rural
1535609,Urban
1535323,Urban
1535389,Rural
1535758,Urban
1535615,Urban
1535610,Rural
1535559,Urban
1535739,Urban
1535787,Rural
1535620,Urban
1535697,Urban
1535952,Urban
1535174,Urban
1535635,Urban
1535659,Urban
1535902,Rural
1535811,Rural
1536198,Urban
1535651,Urban
1535799,Rural
1535856,Rural
1536162,Urban
1535727,Rural
1535439,Urban
1535684,Urban
1535760,Rural
1536209,Rural
1533435,Rural
1535633,Rural
1536294,Rural
1535946,Urban
1535842,Urban
1535586,Urban
1536195,Urban
1536325,Rural
1536190,Rural
1536213,Rural
1535680,Urban
1536280,Rural
1536044,Urban
1536046,Rural
1536151,Rural
1536337,Urban
1536186,Urban
1535671,Rural
1535207,Urban
1536153,Rural
1535815,Rural
1536142,Rural
1536339,Rural
1536159,Rural
1536248,Rural
1536045,Urban
1536158,Rural
1536211,Rural
1536250,Rural
1535882,Urban
1536302,Rural
1535925,Urban
1536333,Urban
1535821,Rural
1536273,Rural
1535890,Rural
1536196,Rural
1535165,Rural
1536320,Rural
1531773,Rural
1536338,Urban
1536216,Rural
1536207,Rural
1535984,Rural
1532909,Urban
1536240,Rural
1536118,Rural
1536514,Urban
1535570,Rural
1536245,Rural
1536356,Urban
1536083,Rural
1536336,Rural
1535539,Urban
1535350,Rural
1535881,Urban
1536066,Rural
1535879,Urban
1536453,Urban
1535526,Urban
1535551,Rural
1535545,Urban
1535429,Rural
1535724,Rural
1536185,Rural
1535944,Urban
1535416,Rural
1536101,Rural
1536183,Rural
1535923,Urban
1536059,Urban
1536176,Urban
1536172,Urban
1536316,Urban
1535788,Rural
1536318,Urban
1536036,Rural
1536709,Urban
1536060,Rural
1535816,Rural
1536496,Rural
1536167,Rural
1536179,Urban
1536279,Rural
1536144,Urban
1536125,Urban
1536251,Urban
1536519,Rural
1536484,Rural
1536552,Urban
1535908,Rural
1536605,Urban
1536739,Rural
1536573,Rural
1536263,Urban
1536473,Urban
1536697,Rural
1536633,Rural
1535808,Urban
1536497,Rural
1536626,Rural
1536813,Urban
1536771,Rural
1536513,Urban
1536807,Urban
1536289,Rural
1536618,Urban
1536539,Urban
1536609,Rural
1536500,Urban
1536682,Rural
1536720,Urban
1536765,Rural
1535961,Rural
1536357,Urban
1536410,Urban
1536506,Rural
1532225,Rural
1536713,Rural
1536640,Rural
1536515,Rural
1536434,Urban
1536401,Rural
1536717,Urban
1536123,Urban
1536201,Urban
1536491,Rural
1536483,Urban
1536785,Urban
1536504,Urban
1536493,Rural
1536351,Rural
1536392,Rural
1536812,Rural
1536502,Urban
1536735,Rural
1536371,Urban
1536555,Rural
1536390,Urban
1536826,Rural
1536708,Urban
1536360,Urban
1536886,Urban
1536665,Urban
1537039,Urban
1535695,Urban
1536715,Urban
1536816,Urban
1536838,Rural
1536781,Urban
1536976,Urban
1536779,Urban
1536811,Rural
1537200,Rural
1537206,Rural
1536033,Rural
1536959,Urban
1537102,Urban
1536856,Urban
1537058,Rural
1536679,Rural
1536696,Urban
1536804,Rural
1536864,Urban
1537627,Rural
1536761,Urban
1536823,Rural
1536824,Rural
1536747,Urban
1536638,Rural
1536871,Rural
1536862,Urban
1536686,Rural
1537053,Urban
1537136,Rural
1536370,Rural
1537041,Urban
1536834,Rural
1536942,Rural
1537233,Rural
1536861,Rural
1537096,Rural
1536145,Rural
1537465,Rural
1537113,Rural
1536997,Urban
1537023,Urban
1537036,Rural
1537075,Rural
1536792,Urban
1537328,Urban
1536560,Rural
1537185,Rural
1537042,Rural
1537130,Rural
1537008,Rural
1535550,Urban
1536840,Urban
1536885,Rural
1537167,Rural
1537082,Rural
1537191,Rural
1536412,Rural
1537064,Urban
1537032,Urban
1537060,Urban
1537196,Rural
1537193,Rural
1537342,Rural
1537065,Rural
1537227,Rural
1537308,Urban
1537415,Rural
1537057,Rural
1537199,Rural
1537052,Urban
1537260,Urban
1537251,Urban
1537146,Rural
1537026,Rural
1537165,Rural
1537323,Rural
1537103,Rural
1537619,Rural
1537277,Urban
1537461,Urban
1537258,Urban
1537515,Urban
1537069,Rural
1536282,Urban
1537256,Urban
1537689,Rural
1535071,Rural
1537682,Rural
1537413,Rural
1537882,Urban
1537162,Urban
1537177,Rural
1537147,Urban
1537925,Rural
1537407,Rural
1537459,Rural
1537506,Urban
1537669,Rural
1537504,Urban
1536819,Urban
1529913,Urban
1537673,Rural
1537321,Urban
1537458,Urban
1537289,Rural
1537283,Urban
1537531,Rural
1537245,Rural
1537453,Urban
1536486,Rural
1537244,Urban
1537720,Rural
1537564,Urban
1537446,Urban
1538167,Urban
1537390,Rural
1537406,Rural
1537449,Urban
1537637,Urban
1537687,Rural
1537655,Rural
1537372,Urban
1537300,Urban
1537705,Urban
1537326,Urban
1536365,Urban
1537395,Rural
1536576,Rural
1537500,Rural
1537344,Rural
1537144,Urban
1534843,Rural
1537563,Rural
1537812,Urban
1531848,Rural
1537630,Urban
1537599,Rural
1537139,Urban
1537540,Rural
1537612,Rural
1537211,Urban
1537645,Rural
1535789,Rural
1536131,Rural
1537224,Rural
1535060,Rural
1537575,Urban
1537634,Rural
1536890,Urban
1537698,Rural
1537338,Urban
1537708,Urban
1537643,Rural
1537678,Rural
1537537,Rural
1537749,Urban
1537348,Rural
1537654,Urban
1537858,Rural
1537790,Rural
1537956,Urban
1537841,Rural
1537477,Rural
1537934,Rural
1537843,Rural
1537972,Rural
1537709,Urban
1537885,Urban
1537215,Urban
1537900,Urban
1537883,Rural
1537897,Rural
1537343,Rural
1537809,Urban
1537670,Rural
1537865,Urban
1538056,Rural
1537346,Urban
1537989,Urban
1537933,Urban
1537927,Urban
1537845,Rural
1537738,Rural
1538058,Rural
1538306,Urban
1537609,Urban
1538743,Rural
1536748,Rural
1537949,Rural
1537715,Rural
1536121,Rural
1538183,Urban
1537943,Urban
1537950,Rural
1537660,Rural
1538156,Rural
1537677,Urban
1530709,Urban
1538117,Rural
1531984,Rural
1538868,Rural
1537505,Urban
1538068,Urban
1537979,Rural
1538039,Rural
1536495,Rural
1537690,Rural
1537594,Urban
1537965,Urban
1537649,Urban
1538116,Rural
1538069,Rural
1537267,Rural
1537661,Rural
1538075,Rural
1537721,Urban
1537123,Urban
1537908,Urban
1537969,Urban
1538182,Urban
1538128,Rural
1538380,Rural
1538053,Urban
1537419,Urban
1538085,Rural
1538133,Rural
1538146,Urban
1538094,Rural
1538701,Urban
1538569,Urban
1538141,Rural
1537615,Rural
1538555,Urban
1537767,Rural
1538138,Rural
1537641,Rural
1538035,Urban
1537758,Urban
1538628,Rural
1538079,Rural
1538979,Rural
1538027,Urban
1538134,Urban
1537819,Rural
1538131,Rural
1537928,Urban
1537776,Rural
1538506,Rural
1538166,Urban
1538162,Urban
1537198,Urban
1538533,Urban
1538341,Urban
1538366,Rural
1537973,Rural
1538444,Rural
1538244,Rural
1538581,Rural
1538596,Rural
1538561,Urban
1538764,Urban
1538710,Rural
1539293,Rural
1538294,Urban
1538492,Rural
1538547,Rural
1538346,Urban
1538650,Urban
1533718,Rural
1538734,Urban
1538688,Urban
1538613,Rural
1538690,Urban
1538381,Urban
1538512,Urban
1538451,Rural
1538418,Urban
1538692,Rural
1538405,Rural
1538554,Rural
1538284,Urban
1538631,Urban
1538475,Rural
1538637,Urban
1538629,Urban
1538810,Rural
1538983,Rural
1539030,Rural
1538745,Rural
1538447,Rural
1538084,Urban
1538639,Urban
1538612,Urban
1538531,Rural
1538973,Rural
1538882,Rural
1538646,Rural
1538872,Urban
1538500,Urban
1536092,Rural
1539019,Urban
1538591,Urban
1538323,Rural
1538852,Urban
1538823,Rural
1538697,Rural
1538666,Rural
1538624,Rural
1538798,Rural
1538549,Rural
1538797,Rural
1538711,Urban
1538435,Urban
1538520,Rural
1538748,Rural
1538970,Rural
1538918,Urban
1538649,Urban
1538698,Urban
1539168,Rural
1538672,Urban
1538525,Urban
1537512,Urban
1537483,Urban
1538726,Rural
1538730,Rural
1539001,Urban
1538706,Rural
1538915,Rural
1538614,Urban
1539033,Rural
1538783,Rural
1538739,Urban
1538994,Rural
1538869,Rural
1539850,Rural
1538935,Rural
1538866,Rural
1538929,Rural
1538736,Rural
1538927,Rural
1538998,Rural
1538899,Rural
1538792,Rural
1538926,Urban
1539322,Urban
1538987,Rural
1538896,Urban
1538746,Rural
1538912,Urban
1538895,Urban
1538881,Urban
1538875,Urban
1538902,Urban
1539040,Rural
1539392,Urban
1539277,Rural
1539341,Urban
1538786,Rural
1538805,Rural
1538908,Rural
1539008,Urban
1539527,Rural
1539367,Urban
1538976,Rural
1538888,Urban
1537444,Urban
1538989,Rural
1539534,Urban
1538980,Rural
1538876,Urban
1538900,Urban
1538930,Urban
1539612,Urban
1538967,Rural
1538992,Urban
1539181,Urban
1538887,Rural
1539871,Rural
1539244,Rural
1539044,Rural
1539370,Rural
1539456,Urban
1539209,Urban
1538178,Urban
1539388,Urban
1539224,Rural
1539143,Rural
1539199,Rural
1539256,Urban
1539312,Rural
1538769,Rural
1539101,Urban
1539467,Rural
1539310,Urban
1539321,Urban
1539294,Rural
1539323,Urban
1539545,Urban
1531364,Urban
1539454,Rural
1539405,Rural
1539356,Urban
1538997,Urban
1538952,Rural
1539583,Rural
1539355,Urban
1539344,Urban
1539211,Urban
1539325,Urban
1539262,Rural
1539418,Urban
1539403,Rural
1539374,Urban
1539506,Rural
1539429,Urban
1539432,Urban
1539793,Urban
1539515,Rural
1539830,Rural
1539381,Urban
1539557,Rural
1539837,Rural
1539550,Urban
1539518,Rural
1539300,Urban
1539552,Rural
1539523,Rural
1539551,Rural
1539283,Rural
1539601,Rural
1539709,Rural
1539580,Urban
1539707,Rural
1539708,Rural
1539625,Urban
1539664,Urban
1539473,Urban
1539843,Rural
1539642,Rural
1539383,Rural
1538832,Rural
1539704,Rural
1539646,Rural
1539737,Rural
1538130,Urban
1539267,Rural
1539722,Rural
1538235,Rural
1539635,Urban
1539630,Urban
1538282,Rural
1539448,Urban
1539941,Urban
1539808,Urban
1539673,Urban
1539652,Urban
1540161,Urban
1539911,Rural
1540164,Urban
1539558,Rural
1539885,Rural
1539692,Rural
1539680,Urban
1540130,Rural
1539608,Rural
1540046,Rural
1540194,Rural
1539822,Urban
1539782,Rural
1540116,Rural
1540126,Rural
1540400,Urban
1540174,Rural
1539987,Urban
1540228,Rural
1540181,Urban
1539086,Rural
1540397,Rural
1540371,Urban
1540203,Rural
1540152,Rural
1540018,Urban
1539425,Urban
1540042,Rural
1540065,Rural
1539919,Rural
1540012,Rural
1539922,Rural
1540162,Urban
1539923,Urban
1540129,Urban
1539995,Urban
1540303,Rural
1539924,Rural
1539838,Rural
1538340,Rural
1539986,Urban
1540165,Rural
1532688,Rural
1539979,Rural
1540029,Urban
1539984,Urban
1539770,Rural
1539990,Urban
1539075,Urban
1540038,Rural
1540304,Rural
1539409,Urban
1540272,Rural
1540147,Urban
1539959,Urban
1540307,Rural
1540337,Rural
1540190,Rural
1539336,Rural
1539347,Rural
1540414,Rural
1539735,Urban
1540331,Urban
1539801,Urban
1540481,Rural
1539629,Urban
1540432,Rural
1540127,Rural
1540532,Rural
1540514,Urban
1540258,Urban
1540446,Rural
1540193,Rural
1540314,Urban
1540341,Rural
1540288,Urban
1540347,Rural
1540411,Urban
1540444,Rural
1540061,Rural
1540529,Rural
1540420,Rural
1538600,Urban
1540297,Urban
1540340,Rural
1540224,Rural
1539880,Urban
1540249,Rural
1540244,Rural
1540273,Rural
1539477,Rural
1540210,Rural
1540408,Urban
1540457,Rural
1540132,Urban
1539076,Urban
1540260,Rural
1540775,Rural
1540119,Rural
1540572,Rural
1527983,Rural
1540352,Urban
1539604,Urban
1540413,Urban
1540276,Rural
1540447,Urban
1540486,Rural
1540302,Urban
1532222,Urban
1540735,Rural
1538941,Urban
1540103,Urban
1540601,Rural
1540597,Rural
1540523,Urban
1533245,Rural
1540909,Rural
1540526,Urban
1540395,Urban
1532769,Urban
1539823,Rural
1540747,Urban
1540694,Urban
1540538,Rural
1540728,Rural
1540579,Rural
1538950,Urban
1540683,Rural
1540534,Rural
1540575,Rural
1540583,Rural
1540678,Rural
1537550,Urban
1540809,Rural
1540519,Rural
1540496,Urban
1540145,Urban
1540467,Rural
1540458,Rural
1540797,Rural
1540763,Rural
1540849,Urban
1540713,Urban
1540829,Rural
1540619,Rural
1540783,Urban
1540431,Urban
1541020,Rural
1540823,Rural
1540550,Rural
1540507,Rural
1540559,Rural
1540658,Urban
1540548,Urban
1540670,Urban
1540796,Rural
1540387,Rural
1540462,Urban
1540700,Rural
1540440,Rural
1540767,Rural
1541158,Rural
1540744,Urban
1540542,Rural
1540932,Rural
1540856,Urban
1540739,Urban
1540734,Urban
1541032,Urban
1540994,Rural
1541015,Rural
1540706,Rural
1541150,Urban
1541111,Urban
1539982,Rural
1540845,Urban
1540733,Urban
1540865,Rural
1540143,Urban
1541131,Urban
1538071,Urban
1540867,Rural
1540736,Rural
1541267,Urban
1540806,Rural
1541021,Rural
1540945,Rural
1541261,Rural
1541200,Urban
1541034,Rural
1541181,Rural
1541072,Urban
1540770,Urban
1540732,Rural
1540956,Urban
1541149,Urban
1540844,Rural
1541118,Rural
1541156,Urban
1541198,Urban
1541035,Urban
1541185,Rural
1541248,Rural
1541095,Urban
1541076,Rural
1540872,Rural
1541033,Rural
1540952,Urban
1540984,Rural
1541192,Urban
1541079,Urban
1541624,Rural
1541269,Urban
1541298,Urban
1541264,Urban
1540974,Rural
1541173,Rural
1540967,Urban
1540953,Urban
1541431,Rural
1541109,Urban
1540682,Urban
1541280,Urban
1541067,Urban
1541074,Urban
1541528,Rural
1540697,Urban
1541126,Urban
1540871,Rural
1541336,Rural
1541303,Rural
1540784,Urban
1541116,Urban
1541148,Rural
1540782,Urban
1540876,Rural
1541484,Rural
1541250,Rural
1541561,Rural
1541519,Urban
1541523,Urban
1541349,Rural
1541386,Rural
1541326,Rural
1541408,Urban
1540951,Rural
1541548,Urban
1540958,Urban
1541258,Urban
1541565,Rural
1541260,Urban
1541553,Urban
1541822,Urban
1541329,Rural
1541273,Rural
1541539,Rural
1541274,Urban
1541295,Urban
1541789,Rural
1541908,Urban
1541302,Urban
1541304,Urban
1541433,Rural
1541438,Rural
1541637,Rural
1541372,Rural
1541921,Urban
1541426,Rural
1541476,Rural
1541430,Rural
1541432,Rural
1541306,Rural
1541454,Urban
1541868,Urban
1540949,Urban
1541857,Rural
1541763,Rural
1541546,Rural
1541828,Urban
1541816,Urban
1540762,Urban
1541762,Rural
1541800,Rural
1533600,Urban
1541685,Rural
1542291,Urban
1534927,Urban
1541410,Rural
1541429,Rural
1541872,Rural
1541037,Urban
1541759,Urban
1541845,Urban
1541354,Urban
1540930,Urban
1541754,Rural
1541068,Rural
1540828,Urban
1541885,Urban
1541180,Rural
1541451,Urban
1542065,Rural
1541748,Urban
1541690,Urban
1541603,Rural
1541675,Rural
1541859,Urban
1541618,Urban
1541397,Urban
1541188,Rural
1538343,Rural
1542206,Rural
1541124,Rural
1541662,Urban
1541705,Urban
1541788,Rural
1541778,Urban
1541670,Rural
1541823,Urban
1541214,Rural
1541713,Rural
1541929,Urban
1541900,Rural
1541729,Urban
1536825,Urban
1541720,Urban
1540765,Rural
1540629,Rural
1542111,Urban
1541961,Rural
1542169,Rural
1540708,Urban
1542106,Rural
1541992,Urban
1541726,Urban
1541996,Rural
1541379,Rural
1542411,Rural
1535566,Rural
1542079,Rural
1542168,Rural
1540362,Rural
1541359,Urban
1542196,Rural
1542054,Urban
1542161,Rural
1542176,Rural
1542298,Rural
1542149,Rural
1541755,Rural
1541974,Rural
1535184,Rural
1542099,Rural
1542061,Rural
1542024,Rural
1541731,Rural
1541747,Rural
1541403,Urban
1541906,Rural
1542376,Rural
1542069,Rural
1542285,Rural
1542062,Urban
1541724,Rural
1541904,Urban
1542095,Rural
1542005,Rural
1542656,Urban
1542020,Rural
1542071,Urban
1542068,Urban
1542012,Rural
1541761,Rural
1542184,Rural
1542634,Urban
1542171,Rural
1542186,Rural
1541919,Rural
1542058,Rural
1542221,Urban
1542304,Urban
1535824,Rural
1542239,Urban
1542156,Rural
1542389,Urban
1542300,Rural
1542436,Rural
1540973,Urban
1542525,Rural
1542378,Rural
1542219,Rural
1542311,Urban
1542164,Rural
1542216,Rural
1542900,Urban
1541012,Rural
1542451,Urban
1542224,Rural
1542312,Rural
1541949,Rural
1542328,Rural
1542194,Urban
1542401,Rural
1542294,Urban
1542329,Rural
1543186,Urban
1542439,Rural
1542431,Rural
1542440,Rural
1540641,Urban
1542441,Rural
1541142,Urban
1542483,Rural
1542463,Rural
1542372,Rural
1543035,Urban
1542680,Urban
1543156,Rural
1542532,Urban
1542600,Rural
1542536,Rural
1542666,Urban
1542268,Rural
1542244,Urban
1542417,Urban
1542535,Urban
1542260,Urban
1542508,Rural
1542681,Rural
1542701,Rural
1542448,Rural
1542560,Rural
1542399,Rural
1542588,Urban
1542601,Rural
1542537,Rural
1542494,Urban
1543300,Rural
1542400,Urban
1542682,Rural
1542496,Urban
1542709,Urban
1542303,Rural
1542509,Rural
1542683,Rural
1542647,Rural
1542662,Rural
1542980,Rural
1542750,Urban
1542887,Urban
1542581,Urban
1542996,Rural
1542783,Rural
1542855,Rural
1542846,Rural
1542915,Urban
1543039,Rural
1543048,Rural
1542868,Rural
1542794,Rural
1542778,Urban
1543005,Urban
1542934,Rural
1542917,Urban
1542986,Rural
1542948,Rural
1542455,Rural
1542836,Rural
1542919,Rural
1542976,Urban
1542960,Rural
1542524,Urban
1542959,Rural
1542859,Rural
1542967,Rural
1542998,Rural
1542405,Rural
1542973,Rural
1543051,Urban
1543164,Rural
1542829,Rural
1543136,Rural
1543208,Rural
1542773,Rural
1543213,Rural
1542819,Urban
1543205,Rural
1543259,Rural
1539287,Rural
1542962,Rural
1543146,Rural
1543122,Rural
1543382,Rural
1543341,Urban
1543286,Urban
1542982,Urban
1543225,Rural
1543226,Urban
1543189,Urban
1543293,Urban
1543280,Rural
1543333,Urban
1543050,Urban
1543071,Urban
1543031,Rural
1543289,Rural
1543138,Rural
1543147,Urban
1543246,Rural
1543174,Rural
1543255,Rural
1543257,Rural
1543179,Rural
1543207,Rural
1543220,Rural
1543243,Rural
1543076,Urban
1543159,Urban
1543195,Rural
1542910,Rural
1543576,Urban
1543309,Rural
1543294,Rural
1543239,Urban
1543256,Urban
1543169,Rural
1543388,Urban
1543440,Urban
1543327,Urban
1543217,Rural
1543176,Rural
1543196,Rural
1543315,Rural
1543346,Rural
1540394,Urban
1543617,Urban
1543202,Urban
1543301,Rural
1543057,Rural
1543331,Urban
1543297,Rural
1543201,Rural
1543632,Rural
1543185,Rural
1543347,Urban
1543316,Urban
1543353,Rural
1541509,Rural
1543527,Rural
1541991,Urban
1543295,Rural
1543395,Rural
1542864,Rural
1543392,Rural
1543307,Urban
1540309,Rural
1543237,Urban
1543453,Urban
1543883,Rural
1543769,Urban
1543452,Urban
1541346,Urban
1541679,Urban
1543703,Rural
1543612,Urban
1543584,Rural
1543851,Rural
1543483,Rural
1542618,Rural
1543585,Rural
1543504,Urban
1543856,Rural
1543661,Rural
1543425,Urban
1543692,Urban
1543711,Rural
1543802,Rural
1543835,Rural
1543823,Urban
1543891,Urban
1543570,Urban
1543476,Urban
1543060,Rural
1543532,Rural
1543096,Rural
1543844,Urban
1543729,Rural
1543248,Urban
1543485,Urban
1543641,Rural
1543636,Rural
1541704,Urban
1543916,Rural
1543336,Urban
1542167,Rural
1543318,Rural
1543497,Rural
1543470,Rural
1543976,Rural
1543616,Rural
1543854,Rural
1543544,Rural
1543838,Urban
1543599,Rural
1543622,Urban
1543890,Rural
1543521,Rural
1543611,Rural
1543204,Rural
1543471,Urban
1543478,Rural
1543666,Rural
1543827,Urban
1543875,Rural
1543533,Rural
1543751,Rural
1543125,Urban
1544232,Rural
1543324,Urban
1543997,Urban
1532044,Urban
1544376,Urban
1544195,Urban
1543807,Urban
1544130,Rural
1543541,Rural
1544120,Rural
1543546,Urban
1544300,Rural
1543812,Rural
1543931,Urban
1544143,Urban
1543934,Urban
1544273,Urban
1543781,Urban
1543878,Urban
1544099,Urban
1544132,Rural
1544035,Rural
1543999,Rural
1540584,Urban
1543993,Rural
1544018,Urban
1544344,Urban
1543939,Urban
1544275,Urban
1544290,Urban
1543311,Urban
1543549,Urban
1544020,Urban
1544315,Rural
1543871,Rural
1544250,Urban
1544712,Urban
1543874,Rural
1544209,Rural
1544192,Rural
1544318,Urban
1538486,Rural
1544637,Rural
1544556,Urban
1544609,Urban
1544687,Rural
1544076,Urban
1544334,Rural
1543686,Rural
1544162,Urban
1544170,Urban
1542202,Urban
1544078,Urban
1544031,Rural
1544235,Rural
1544620,Rural
1544918,Rural
1544382,Urban
1544301,Rural
1544903,Rural
1544729,Urban
1544550,Rural
1544245,Urban
1544184,Rural
1544375,Rural
1544768,Rural
1544673,Rural
1544391,Rural
1544640,Rural
1544298,Urban
1543910,Rural
1544247,Urban
1545057,Urban
1544152,Urban
1542913,Rural
1544473,Urban
1544480,Rural
1544998,Rural
1544584,Urban
1544766,Urban
1544278,Rural
1545196,Rural
1542863,Urban
1544377,Rural
1544398,Rural
1544379,Rural
1544151,Rural
1544710,Urban
1544389,Urban
1544771,Rural
1545586,Urban
1544713,Urban
1544765,Rural
1544474,Urban
1544757,Urban
1544647,Urban
1544743,Urban
1544714,Rural
1544384,Rural
1545443,Urban
1544490,Urban
1544569,Urban
1544435,Rural
1544507,Rural
1544842,Rural
1544960,Urban
1544693,Rural
1544849,Rural
1544949,Urban
1544520,Rural
1545033,Urban
1544638,Urban
1545098,Urban
1544153,Urban
1544990,Rural
1545031,Rural
1545164,Rural
1545269,Urban
1544773,Rural
1544986,Rural
1545091,Urban
1544988,Urban
1544662,Urban
1544835,Urban
1544813,Rural
1545197,Rural
1544811,Rural
1543919,Rural
1545070,Rural
1545028,Urban
1544955,Urban
1545107,Urban
1544896,Urban
1541468,Urban
1545116,Urban
1544862,Urban
1544834,Rural
1545190,Rural
1544894,Rural
1544836,Urban
1545074,Urban
1545131,Urban
1544722,Rural
1545150,Urban
1545059,Rural
1545128,Rural
1544957,Rural
1544877,Rural
1541482,Rural
1545669,Urban
1544912,Rural
1544987,Urban
1544992,Urban
1545014,Urban
1544864,Urban
1545227,Urban
1545181,Urban
1545153,Rural
1544595,Rural
1545166,Rural
1545140,Rural
1544342,Urban
1544876,Rural
1544897,Rural
1545389,Rural
1545010,Urban
1545083,Urban
1545163,Rural
1545168,Rural
1545244,Rural
1545241,Rural
1544984,Urban
1545154,Rural
1545234,Rural
1545224,Rural
1544751,Urban
1545235,Rural
1545063,Rural
1544769,Rural
1542862,Rural
1545423,Urban
1545425,Rural
1545494,Rural
1545401,Urban
1545534,Urban
1545106,Rural
1545444,Rural
1544764,Urban
1544187,Rural
1545378,Rural
1545526,Rural
1545040,Rural
1545276,Rural
1545729,Urban
1545299,Rural
1545582,Rural
1544656,Urban
1545170,Rural
1545577,Rural
1545290,Rural
1545278,Urban
1545442,Urban
1545427,Urban
1545770,Rural
1541555,Rural
1545308,Rural
1545177,Rural
1544328,Urban
1545041,Rural
1545405,Urban
1545364,Rural
1545395,Urban
1543862,Rural
1545542,Rural
1545504,Urban
1545013,Urban
1545492,Urban
1543845,Rural
1545437,Rural
1545452,Urban
1544946,Rural
1545569,Rural
1545602,Urban
1545472,Urban
1545367,Urban
1545081,Rural
1545592,Urban
1540425,Urban
1545483,Rural
1545340,Rural
1545591,Rural
1545485,Rural
1545343,Rural
1544283,Rural
1545584,Rural
1545744,Urban
1544931,Urban
1545702,Urban
1545944,Rural
1545946,Urban
1545652,Rural
1545230,Rural
1545335,Rural
1545749,Rural
1545901,Rural
1542449,Rural
1545374,Urban
1545596,Urban
1545882,Rural
1545100,Rural
1545671,Urban
1545823,Rural
1545913,Urban
1545675,Urban
1545687,Rural
1545758,Urban
1545964,Urban
1545073,Rural
1545513,Rural
1545667,Urban
1545660,Rural
1545734,Rural
1545032,Urban
1545104,Rural
1545807,Rural
1545830,Rural
1546069,Urban
1545716,Rural
1545911,Urban
1544980,Urban
1546093,Urban
1545837,Rural
1546042,Urban
1545546,Rural
1545832,Rural
1545743,Urban
1545731,Urban
1545862,Urban
1546021,Rural
1545573,Rural
1546036,Rural
1545847,Rural
1546899,Urban
1545328,Urban
1545763,Rural
1546084,Rural
1546020,Urban
1546047,Urban
1546096,Rural
1544892,Rural
1545853,Rural
1545941,Rural
1545971,Rural
1545855,Rural
1546012,Urban
1545930,Urban
1545222,Rural
1545809,Urban
1545998,Urban
1546869,Urban
1546066,Rural
1546106,Rural
1545616,Urban
1545988,Rural
1545062,Rural
1545407,Urban
1545910,Rural
1545864,Urban
1545869,Urban
1545865,Urban
1545987,Rural
1545993,Rural
1546095,Urban
1546054,Rural
1546008,Rural
1546032,Urban
1546010,Urban
1545873,Rural
1546080,Rural
1545719,Urban
1545972,Rural
1546284,Rural
1546059,Urban
1545846,Rural
1546201,Urban
1546116,Rural
1546235,Rural
1546293,Rural
1545956,Urban
1546396,Rural
1546221,Rural
1545844,Rural
1546458,Urban
1546170,Rural
1546381,Urban
1546497,Rural
1546134,Rural
1546171,Rural
1546398,Rural
1546223,Urban
1546211,Urban
1546166,Urban
1545694,Urban
1546240,Urban
1546341,Rural
1546358,Rural
1546450,Rural
1546281,Urban
1546612,Rural
1546651,Rural
1546457,Rural
1546196,Urban
1546236,Rural
1546422,Rural
1546353,Rural
1546491,Urban
1546238,Rural
1546244,Urban
1546518,Rural
1546263,Rural
1546474,Urban
1546272,Rural
1546466,Rural
1546327,Urban
1546402,Urban
1546213,Rural
1546513,Rural
1546485,Rural
1546459,Rural
1547476,Urban
1546229,Rural
1546509,Urban
1546584,Rural
1544348,Rural
1546355,Urban
1546298,Rural
1546603,Urban
1546764,Urban
1546187,Urban
1546144,Rural
1546501,Urban
1546155,Urban
1546636,Rural
1545936,Urban
1546598,Rural
1546441,Rural
1546274,Rural
1546186,Rural
1546784,Rural
1546480,Urban
1546486,Rural
1546692,Urban
1546565,Urban
1546898,Rural
1546896,Urban
1546539,Urban
1547120,Urban
1546807,Rural
1546622,Rural
1546897,Rural
1546652,Rural
1546610,Urban
1546791,Rural
1546656,Urban
1546728,Rural
1546255,Rural
1546541,Rural
1546340,Rural
1546629,Rural
1546822,Urban
1544856,Rural
1546921,Rural
1546871,Rural
1546554,Rural
1546667,Urban
1546668,Rural
1546773,Urban
1547190,Urban
1543618,Rural
1546545,Rural
1546709,Rural
1546707,Rural
1546936,Rural
1546917,Urban
1546873,Urban
1546774,Rural
1546909,Rural
1546939,Urban
1546910,Rural
1546600,Urban
1546809,Rural
1546763,Urban
1546850,Urban
1546862,Urban
1546766,Urban
1546562,Rural
1546761,Urban
1546679,Urban
1546916,Urban
1546793,Urban
1546902,Rural
1546789,Rural
1547134,Urban
1546928,Rural
1547085,Urban
1547194,Rural
1546714,Rural
1546952,Urban
1546517,Rural
1546710,Urban
1546627,Rural
1547106,Rural
1547347,Urban
1547017,Rural
1546739,Urban
1547103,Urban
1546975,Rural
1547053,Rural
1546865,Rural
1546977,Rural
1546985,Urban
1547003,Urban
1547054,Rural
1546974,Urban
1546991,Rural
1547051,Rural
1547034,Rural
1547288,Rural
1547124,Urban
1547119,Rural
1547183,Urban
1547303,Urban
1545857,Rural
1547009,Rural
1547091,Rural
1544509,Urban
1547225,Urban
1547224,Rural
1547123,Urban
1547087,Rural
1547242,Rural
1547110,Rural
1546967,Urban
1547294,Rural
1546695,Urban
1547063,Urban
1547280,Rural
1547282,Urban
1547302,Rural
1547184,Urban
1547113,Rural
1547200,Urban
1547186,Rural
1547732,Rural
1547201,Urban
1547140,Rural
1547176,Urban
1546895,Urban
1547289,Rural
1547127,Rural
1547029,Rural
1547129,Rural
1547332,Rural
1546995,Rural
1541667,Urban
1547475,Rural
1547450,Rural
1547075,Urban
1547671,Rural
1547274,Rural
1547564,Urban
1547339,Rural
1548048,Urban
1547411,Rural
1547455,Rural
1547750,Urban
1547440,Urban
1547693,Rural
1547633,Rural
1547491,Rural
1547782,Rural
1546208,Urban
1547780,Rural
1547723,Urban
1547625,Rural
1547454,Rural
1548567,Urban
1541107,Rural
1547566,Urban
1547498,Rural
1547761,Rural
1546232,Rural
1547452,Rural
1547428,Rural
1547612,Rural
1547768,Urban
1547596,Rural
1547777,Urban
1547605,Urban
1547241,Rural
1547340,Rural
1547570,Urban
1547425,Rural
1547341,Rural
1547545,Urban
1547328,Rural
1547649,Rural
1542888,Urban
1547812,Rural
1547329,Urban
1545007,Urban
1548571,Urban
1547245,Rural
1547477,Rural
1546516,Urban
1547629,Rural
1547535,Rural
1547670,Rural
1547827,Urban
1547716,Rural
1547265,Urban
1547706,Urban
1547278,Urban
1547616,Urban
1547765,Urban
1548331,Urban
1547449,Rural
1547465,Urban
1547447,Rural
1542858,Urban
1547753,Rural
1547828,Urban
1547901,Urban
1548016,Urban
1548091,Rural
1547760,Rural
1548420,Rural
1548076,Rural
1547886,Rural
1547911,Rural
1548055,Urban
1541641,Urban
1547945,Rural
1548060,Urban
1547986,Rural
1547890,Rural
1548057,Rural
1547936,Rural
1548171,Rural
1548024,Urban
1548065,Urban
1548212,Urban
1548159,Urban
1548072,Urban
1547754,Urban
1547775,Rural
1548323,Rural
1548158,Rural
1548095,Urban
1548153,Urban
1548082,Rural
1548281,Urban
1548067,Urban
1547972,Rural
1548044,Rural
1548125,Rural
1549176,Urban
1548428,Rural
1547991,Rural
1548267,Rural
1547551,Urban
1547994,Urban
1548128,Rural
1547998,Rural
1548136,Rural
1545002,Urban
1548056,Urban
1548397,Rural
1548552,Rural
1549173,Rural
1548435,Rural
1547637,Rural
1548290,Urban
1548312,Urban
1547854,Rural
1547756,Rural
1548581,Rural
1548563,Urban
1548296,Rural
1548469,Urban
1548207,Urban
1548188,Urban
1548408,Rural
1548276,Rural
1548198,Urban
1548520,Urban
1548453,Urban
1548356,Urban
1548791,Rural
1547636,Rural
1548259,Rural
1548444,Rural
1548569,Rural
1548568,Urban
1548266,Rural
1548386,Rural
1548447,Rural
1548515,Rural
1548425,Rural
1548506,Rural
1548372,Rural
1548599,Rural
1548591,Rural
1548347,Urban
1548334,Rural
1548502,Rural
1545852,Urban
1548446,Rural
1548302,Rural
1548512,Urban
1548482,Rural
1548254,Urban
1548673,Rural
1548375,Rural
1548755,Urban
1548818,Urban
1548753,Rural
1548844,Urban
1548313,Rural
1546515,Urban
1548650,Rural
1548685,Rural
1548941,Urban
1548723,Urban
1549515,Rural
1548880,Rural
1548698,Urban
1548609,Rural
1548911,Rural
1548954,Rural
1548747,Rural
1548862,Rural
1548018,Rural
1548865,Urban
1548527,Rural
1546278,Rural
1548594,Rural
1549060,Urban
1548430,Urban
1548562,Rural
1548096,Rural
1548588,Urban
1548605,Rural
1548743,Rural
1548761,Rural
1548732,Urban
1548459,Urban
1548728,Rural
1548827,Rural
1548205,Rural
1548763,Rural
1548986,Rural
1548754,Urban
1548826,Urban
1542528,Urban
1548652,Rural
1548816,Urban
1548933,Urban
1548786,Urban
1548781,Urban
1549135,Urban
1548789,Urban
1548889,Rural
1548985,Urban
1548942,Rural
1548962,Urban
1548366,Urban
1548749,Urban
1548782,Urban
1548995,Rural
1548913,Rural
1548904,Urban
1548997,Urban
1549175,Urban
1549201,Urban
1548919,Rural
1548955,Urban
1549045,Rural
1548898,Urban
1549265,Rural
1548719,Urban
1549047,Urban
1549162,Rural
1549005,Rural
1549087,Rural
1549022,Urban
1548921,Urban
1549120,Rural
1549095,Urban
1549365,Urban
1548990,Rural
1549861,Rural
1549074,Urban
1549168,Rural
1548891,Rural
1549127,Urban
1549125,Rural
1549347,Urban
1549143,Rural
1549061,Rural
1549302,Rural
1549133,Urban
1548493,Urban
1548969,Rural
1549320,Rural
1549148,Rural
1549076,Urban
1549064,Rural
1549293,Rural
1549157,Urban
1549183,Urban
1549246,Rural
1549097,Urban
1549438,Urban
1549921,Urban
1549040,Rural
1549251,Rural
1549237,Urban
1549910,Urban
1549252,Urban
1549274,Rural
1549288,Rural
1549093,Urban
1549286,Urban
1549672,Rural
1549664,Rural
1549289,Rural
1549605,Urban
1549123,Rural
1549608,Urban
1549540,Rural
1549282,Urban
1549707,Rural
1549163,Urban
1549287,Rural
1548614,Rural
1549529,Rural
1549290,Rural
1549184,Rural
1549134,Rural
1549682,Rural
1549300,Urban
1542908,Rural
1549532,Rural
1549464,Rural
1549245,Urban
1549418,Rural
1549420,Rural
1549499,Urban
1549449,Urban
1550820,Rural
1549601,Urban
1549965,Urban
1549635,Urban
1545138,Rural
1549002,Rural
1549478,Rural
1549818,Urban
1549759,Rural
1549749,Urban
1549584,Rural
1549582,Rural
1548917,Urban
1549752,Urban
1549602,Rural
1549657,Urban
1549627,Urban
1549482,Rural
1549791,Rural
1549754,Urban
1549385,Urban
1549456,Rural
1549326,Rural
1550421,Rural
1549685,Rural
1550081,Rural
1550079,Rural
1546388,Urban
1549607,Urban
1549400,Urban
1549423,Urban
1549626,Rural
1549510,Urban
1549619,Rural
1549841,Rural
1549395,Urban
1549491,Rural
1549564,Urban
1549681,Rural
1549628,Rural
1549708,Rural
1549405,Urban
1550056,Rural
1549568,Urban
1549427,Urban
1550078,Urban
1550031,Rural
1549951,Rural
1549944,Urban
1549410,Urban
1549703,Urban
1549840,Urban
1550089,Rural
1550023,Rural
1549940,Urban
1549971,Urban
1549972,Rural
1549950,Rural
1550008,Rural
1549888,Urban
1549943,Rural
1549865,Rural
1549556,Rural
1549939,Urban
1549721,Rural
1550046,Urban
1549953,Rural
1549996,Rural
1549809,Rural
1549804,Rural
1550072,Urban
1549937,Rural
1550041,Rural
1550398,Rural
1550075,Urban
1549984,Rural
1549964,Rural
1549890,Rural
1550020,Rural
1549081,Urban
1549892,Rural
1549083,Urban
1550085,Urban
1549704,Rural
1550065,Rural
1549807,Rural
1549570,Urban
1547909,Urban
1550035,Urban
1549283,Rural
1549779,Rural
1549855,Urban
1550083,Rural
1549978,Rural
1551037,Rural
1549622,Rural
1550664,Urban
1550111,Rural
1549988,Rural
1550048,Rural
1550311,Urban
1550135,Urban
1550260,Rural
1550242,Rural
1549719,Rural
1550236,Rural
1549645,Rural
1550045,Urban
1550345,Urban
1550264,Rural
1550245,Rural
1550178,Rural
1550243,Rural
1550340,Urban
1550127,Urban
1550253,Rural
1550287,Rural
1549587,Rural
1549340,Urban
1550283,Urban
1550428,Urban
1550491,Urban
1550471,Rural
1550325,Urban
1549630,Rural
1550341,Rural
1550095,Urban
1550233,Rural
1549882,Urban
1550373,Rural
1550456,Rural
1550038,Rural
1550037,Urban
1550223,Urban
1549956,Urban
1550277,Rural
1551325,Urban
1548840,Urban
1550353,Rural
1550479,Rural
1550342,Rural
1548796,Rural
1550431,Urban
1550346,Rural
1550174,Rural
1548162,Urban
1550531,Urban
1550455,Urban
1550969,Urban
1550736,Urban
1550744,Rural
1550612,Rural
1550799,Rural
1550042,Rural
1550615,Urban
1550687,Urban
1550327,Rural
1550596,Rural
1550022,Urban
1550481,Rural
1550474,Urban
1550226,Urban
1550435,Urban
1550501,Urban
1550492,Rural
1550480,Urban
1550439,Urban
1550523,Urban
1550798,Urban
1550516,Rural
1550519,Rural
1540943,Rural
1545554,Rural
1550640,Urban
1550690,Urban
1550644,Rural
1550613,Rural
1550742,Rural
1550484,Urban
1550793,Urban
1550539,Urban
1550674,Rural
1550731,Urban
1550728,Urban
1551051,Urban
1550769,Urban
1550676,Rural
1550656,Rural
1550748,Urban
1550719,Rural
1550873,Urban
1550904,Rural
1550899,Urban
1550508,Urban
1550971,Urban
1550679,Urban
1550753,Rural
1550671,Urban
1550852,Rural
1550514,Urban
1550509,Rural
1550836,Rural
1550962,Rural
1550838,Urban
1550846,Urban
1550848,Urban
1550642,Rural
1550824,Urban
1551043,Urban
1551005,Rural
1550935,Urban
1551084,Rural
1550706,Rural
1551055,Rural
1550974,Rural
1551159,Rural
1551202,Rural
1551175,Urban
1551095,Urban
1551180,Urban
1552187,Rural
1550925,Rural
1551077,Rural
1551002,Urban
1550884,Urban
1550959,Rural
1550916,Urban
1551076,Rural
1550988,Rural
1551141,Urban
1551190,Rural
1551134,Urban
1550939,Urban
1550878,Urban
1551109,Rural
1551113,Rural
1550961,Urban
1550946,Urban
1551138,Rural
1551070,Urban
1550898,Rural
1551075,Urban
1551012,Urban
1551081,Urban
1551216,Rural
1550767,Urban
1550867,Rural
1551054,Rural
1551164,Rural
1550905,Rural
1551431,Urban
1551426,Rural
1550965,Urban
1550994,Rural
1551212,Rural
1551442,Rural
1551272,Rural
1551115,Rural
1551291,Rural
1551283,Urban
1551203,Urban
1550685,Rural
1551231,Rural
1551491,Rural
1551199,Rural
1551413,Rural
1551327,Urban
1551247,Urban
1551479,Rural
1551336,Rural
1551456,Rural
1551030,Rural
1551330,Urban
1551440,Rural
1551460,Urban
1551373,Rural
1551352,Rural
1551353,Rural
1551392,Urban
1551306,Rural
1549889,Rural
1550834,Urban
1551734,Rural
1551563,Urban
1551795,Urban
1551385,Rural
1551308,Rural
1551278,Urban
1551288,Urban
1551332,Rural
1551447,Rural
1551454,Rural
1551334,Rural
1550338,Rural
1551406,Rural
1551394,Rural
1551672,Rural
1551296,Urban
1550788,Urban
1551546,Rural
1551677,Rural
1551683,Rural
1551391,Rural
1551398,Rural
1551538,Rural
1551536,Rural
1551859,Rural
1552327,Urban
1551746,Rural
1551548,Urban
1551573,Rural
1551885,Rural
1551354,Rural
1551956,Rural
1551962,Rural
1551533,Urban
1550250,Urban
1551854,Urban
1551488,Rural
1551613,Urban
1551710,Urban
1551411,Urban
1551659,Rural
1551614,Rural
1550670,Rural
1551601,Rural
1549769,Urban
1551586,Rural
1551604,Rural
1551679,Rural
1551798,Urban
1547322,Rural
1551686,Urban
1551649,Rural
1551645,Urban
1551778,Rural
1551592,Urban
1551717,Rural
1551550,Rural
1551691,Urban
1551852,Urban
1550180,Urban
1551892,Rural
1551775,Urban
1551732,Urban
1551866,Rural
1549177,Rural
1551779,Urban
1551682,Rural
1551908,Rural
1551909,Urban
1551657,Rural
1550548,Urban
1552151,Rural
1551821,Rural
1551847,Rural
1551699,Rural
1551822,Rural
1552128,Urban
1551880,Rural
1551722,Urban
1551799,Rural
1551793,Urban
1552071,Urban
1551935,Rural
1552196,Rural
1551971,Urban
1552200,Rural
1550588,Urban
1551902,Rural
1552407,Urban
1552065,Urban
1552413,Urban
1551497,Rural
1551731,Rural
1552262,Urban
1551959,Urban
1552039,Rural
1552072,Rural
1551951,Rural
1552157,Urban
1552211,Urban
1551978,Urban
1551928,Urban
1551969,Rural
1552208,Rural
1552086,Urban
1552181,Urban
1551703,Urban
1552108,Urban
1552217,Rural
1552028,Rural
1550755,Rural
1552026,Rural
1552119,Rural
1552232,Rural
1552042,Urban
1552447,Rural
1552225,Urban
1552430,Urban
1547502,Urban
1552279,Rural
1552398,Rural
1552388,Urban
1550924,Urban
1552159,Urban
1552098,Rural
1552176,Urban
1552542,Urban
1552397,Rural
1552265,Urban
1553038,Urban
1552326,Rural
1552251,Urban
1552610,Urban
1552180,Rural
1550387,Rural
1552254,Urban
1552258,Rural
1552278,Urban
1551715,Rural
1552545,Urban
1552287,Urban
1553028,Urban
1552442,Rural
1552226,Urban
1552270,Rural
1549085,Urban
1552250,Urban
1552204,Urban
1552299,Urban
1552212,Urban
1552304,Rural
1552240,Urban
1551048,Urban
1552276,Rural
1552404,Rural
1551554,Rural
1552331,Rural
1552315,Rural
1552050,Urban
1552917,Rural
1552223,Rural
1552338,Urban
1552320,Rural
1552123,Urban
1552575,Urban
1552391,Rural
1551289,Rural
1551711,Urban
1552406,Rural
1551704,Urban
1552216,Urban
1552436,Urban
1552732,Urban
1552669,Urban
1552987,Urban
1552964,Urban
1552353,Urban
1552738,Rural
1553380,Urban
1552747,Urban
1552346,Urban
1552800,Rural
1552725,Rural
1552572,Urban
1552865,Rural
1552589,Rural
1552601,Rural
1552873,Rural
1552585,Rural
1552655,Rural
1552926,Rural
1552901,Urban
1553258,Rural
1552439,Rural
1551991,Rural
1552827,Rural
1552761,Urban
1552715,Rural
1552502,Urban
1552839,Rural
1552400,Urban
1552363,Urban
1552868,Rural
1552541,Urban
1552739,Rural
1545841,Rural
1552705,Rural
1552905,Rural
1552242,Rural
1552457,Urban
1552613,Rural
1552375,Urban
1552793,Rural
1552821,Rural
1552973,Urban
1552717,Rural
1552862,Rural
1552695,Rural
1552521,Rural
1553117,Rural
1553436,Urban
1552907,Urban
1552561,Rural
1553427,Urban
1552944,Urban
1552631,Rural
1551950,Rural
1552551,Rural
1553177,Rural
1552855,Urban
1553148,Urban
1553058,Urban
1552895,Rural
1553164,Rural
1552943,Rural
1552888,Rural
1552999,Rural
1553243,Urban
1553178,Rural
1552959,Rural
1553450,Urban
1552783,Rural
1553047,Rural
1553387,Rural
1553007,Rural
1552817,Urban
1553131,Rural
1552968,Urban
1552946,Rural
1553260,Urban
1553202,Rural
1552924,Rural
1553048,Rural
1552966,Rural
1553213,Rural
1553230,Urban
1553253,Urban
1552838,Urban
1553366,Urban
1553381,Urban
1553085,Urban
1553088,Rural
1552992,Urban
1550540,Rural
1553395,Rural
1552015,Urban
1550433,Rural
1553107,Rural
1553247,Urban
1552584,Rural
1552857,Urban
1552913,Urban
1552879,Rural
1544748,Urban
1553262,Urban
1553344,Urban
1553196,Urban
1553414,Rural
1552606,Rural
1553005,Rural
1550172,Urban
1553364,Urban
1552775,Rural
1553351,Urban
1553144,Rural
1553197,Urban
1552443,Rural
1554298,Urban
1552925,Urban
1553249,Urban
1553423,Urban
1553336,Rural
1553322,Urban
1553296,Urban
1553309,Urban
1553455,Rural
1553413,Rural
1551725,Urban
1553418,Rural
1553320,Rural
1553317,Rural
1553397,Rural
1553549,Urban
1552980,Urban
1553578,Rural
1553195,Rural
1553820,Rural
1553099,Rural
1553257,Urban
1553496,Rural
1552080,Urban
1553009,Urban
1553318,Urban
1554068,Urban
1553580,Rural
1553173,Urban
1553787,Rural
1552941,Urban
1546889,Urban
1554365,Rural
1553269,Rural
1553824,Rural
1553676,Rural
1553657,Rural
1546644,Rural
1553094,Urban
1553125,Urban
1553194,Urban
1553924,Rural
1553410,Urban
1553510,Rural
1554217,Rural
1553597,Urban
1552947,Urban
1553593,Urban
1553702,Urban
1553465,Rural
1554054,Urban
1553729,Rural
1553686,Rural
1553453,Urban
1553617,Rural
1553653,Rural
1553745,Rural
1553606,Urban
1553916,Urban
1554065,Urban
1554093,Urban
1553658,Urban
1553679,Urban
1553753,Urban
1553948,Rural
1553921,Rural
1553917,Urban
1553573,Urban
1553850,Urban
1553859,Rural
1553766,Urban
1553163,Rural
1553845,Rural
1553440,Rural
1553579,Urban
1553860,Urban
1553809,Rural
1553588,Rural
1553581,Rural
1553725,Urban
1553623,Rural
1553546,Urban
1553822,Rural
1553168,Rural
1553741,Urban
1553888,Rural
1552831,Urban
1553604,Rural
1547066,Urban
1554172,Rural
1553894,Rural
1553793,Rural
1553911,Urban
1553630,Urban
1553903,Rural
1554109,Rural
1553768,Urban
1553922,Rural
1554409,Rural
1553798,Urban
1553746,Urban
1554271,Urban
1553865,Urban
1553875,Urban
1553955,Urban
1553918,Rural
1553995,Rural
1553880,Rural
1553947,Rural
1554457,Rural
1554170,Rural
1554052,Urban
1553831,Rural
1553887,Rural
1553769,Rural
1553176,Rural
1553942,Rural
1554128,Rural
1553872,Urban
1554412,Rural
1554302,Rural
1554458,Rural
1554009,Rural
1554279,Urban
1553983,Urban
1554291,Rural
1554212,Rural
1554073,Urban
1554408,Urban
1554556,Urban
1554374,Rural
1554066,Rural
1554061,Urban
1554116,Urban
1554496,Urban
1554118,Urban
1554353,Urban
1554146,Urban
1554077,Rural
1554334,Rural
1554084,Rural
1555159,Rural
1545017,Urban
1554807,Urban
1553971,Rural
1554148,Rural
1554193,Urban
1553967,Rural
1554222,Rural
1554173,Rural
1554174,Urban
1554521,Rural
1554351,Rural
1554386,Rural
1554277,Urban
1555658,Urban
1554067,Urban
1554139,Urban
1554383,Urban
1554482,Urban
1554095,Rural
1554349,Rural
1554519,Rural
1554137,Rural
1554342,Urban
1554581,Urban
1553605,Urban
1554739,Urban
1554105,Urban
1555543,Rural
1553704,Urban
1554102,Rural
1553652,Rural
1554662,Urban
1554631,Urban
1554670,Urban
1554435,Rural
1554758,Rural
1555051,Urban
1553689,Urban
1554789,Rural
1554573,Rural
1554675,Urban
1554319,Rural
1554692,Rural
1554718,Rural
1554749,Rural
1554652,Urban
1554644,Urban
1554391,Rural
1554515,Rural
1553426,Urban
1554767,Urban
1554580,Urban
1554780,Rural
1554918,Urban
1554332,Rural
1554492,Urban
1554628,Rural
1554776,Rural
1554901,Urban
1554676,Urban
1554771,Rural
1554810,Rural
1554757,Rural
1554729,Rural
1555034,Rural
1554488,Urban
1556022,Rural
1554727,Urban
1554798,Rural
1548559,Rural
1554630,Rural
1554947,Urban
1554778,Urban
1554868,Rural
1555015,Rural
1555536,Urban
1554017,Rural
1556312,Urban
1554896,Urban
1554673,Rural
1554972,Rural
1554740,Rural
1555270,Urban
1554964,Rural
1554984,Rural
1555045,Rural
1555040,Rural
1554249,Rural
1555219,Rural
1555226,Urban
1555296,Urban
1555432,Urban
1554843,Rural
1554906,Rural
1556433,Rural
1554908,Rural
1555400,Urban
1556163,Urban
1553687,Urban
1555419,Urban
1552876,Urban
1555433,Rural
1554837,Urban
1556571,Rural
1555171,Rural
1554782,Rural
1554817,Rural
1554967,Urban
1556709,Urban
1555207,Urban
1554966,Urban
1555682,Rural
1556460,Rural
1555072,Urban
1555258,Rural
1555870,Rural
1555284,Rural
1555461,Rural
1555090,Rural
1554640,Rural
1554795,Rural
1555066,Urban
1555057,Urban
1555017,Rural
1555456,Rural
1555274,Rural
1556763,Urban
1555330,Rural
1555298,Rural
1555715,Rural
1555318,Rural
1555463,Rural
1555303,Rural
1555151,Rural
1555936,Rural
1555646,Rural
1555328,Rural
1555459,Rural
1555498,Rural
1555900,Urban
1555558,Urban
1555312,Rural
1555595,Urban
1554121,Urban
1556050,Rural
1556200,Urban
1554928,Urban
1555148,Rural
1556311,Urban
1556092,Urban
1555412,Rural
1555191,Urban
1555106,Urban
1555867,Urban
1555440,Rural
1555453,Rural
1548751,Urban
1555430,Rural
1555893,Rural
1555762,Urban
1555182,Urban
1555692,Rural
1555384,Urban
1555533,Urban
1555586,Urban
1555662,Rural
1555599,Rural
1555612,Urban
1555600,Rural
1555915,Urban
1555836,Rural
1555790,Urban
1556807,Rural
1555574,Rural
1555598,Rural
1555898,Urban
1555868,Rural
1555647,Urban
1555737,Urban
1555858,Rural
1555958,Urban
1553188,Urban
1556250,Urban
1555845,Rural
1556706,Rural
1548683,Rural
1556159,Rural
1555842,Urban
1555899,Rural
1555425,Rural
1555360,Rural
1555852,Urban
1555816,Urban
1555945,Rural
1555935,Urban
1555372,Rural
1556100,Rural
1556653,Rural
1556045,Urban
1555792,Urban
1556196,Rural
1556335,Rural
1555979,Rural
1556080,Rural
1556357,Urban
1556397,Rural
1556285,Rural
1553695,Urban
1554686,Rural
1556231,Urban
1556403,Urban
1556393,Rural
1556061,Rural
1556041,Rural
1556046,Rural
1556055,Rural
1556170,Urban
1556261,Urban
1555995,Rural
1557015,Urban
1556103,Rural
1556372,Rural
1556551,Urban
1556093,Urban
1556099,Rural
1555353,Urban
1556128,Urban
1556274,Rural
1554935,Urban
1556197,Rural
1555730,Urban
1556153,Urban
1556218,Urban
1556443,Rural
1556150,Rural
1556007,Urban
1556369,Rural
1556278,Rural
1557667,Urban
1556693,Urban
1556379,Rural
1556342,Urban
1554532,Rural
1557880,Urban
1556256,Urban
1556385,Urban
1556368,Urban
1556222,Rural
1556394,Urban
1556087,Urban
1557140,Rural
1556091,Rural
1557371,Rural
1556129,Rural
1556332,Urban
1556199,Urban
1556567,Urban
1556517,Urban
1556983,Rural
1556774,Urban
1556483,Urban
1556137,Rural
1556412,Rural
1556528,Rural
1556609,Rural
1556946,Rural
1556795,Rural
1556914,Urban
1556761,Urban
1556752,Urban
1556268,Urban
1556639,Urban
1556665,Urban
1556641,Rural
1556645,Rural
1556370,Urban
1557849,Rural
1556468,Rural
1557840,Urban
1556378,Urban
1556387,Urban
1557070,Urban
1556391,Urban
1556727,Rural
1557026,Urban
1556799,Urban
1556554,Urban
1556661,Urban
1556732,Rural
1555992,Rural
1556557,Urban
1556759,Rural
1556981,Urban
1556612,Rural
1556625,Rural
1556933,Rural
1556771,Urban
1557072,Urban
1556636,Rural
1556598,Rural
1556425,Rural
1556978,Rural
1556407,Rural
1556820,Rural
1556616,Urban
1556755,Rural
1556770,Rural
1556480,Rural
1556829,Rural
1556779,Rural
1556932,Urban
1557002,Rural
1556892,Urban
1555874,Rural
1556766,Urban
1557067,Urban
1556734,Rural
1556544,Rural
1556105,Rural
1556658,Rural
1557024,Rural
1556697,Urban
1556937,Rural
1556951,Urban
1556510,Rural
1556001,Rural
1556964,Rural
1556568,Rural
1556840,Rural
1556281,Urban
1556686,Rural
1556999,Rural
1556940,Rural
1556736,Rural
1556858,Urban
1557004,Rural
1556875,Rural
1556830,Urban
1557322,Rural
1557402,Urban
1556967,Rural
1556631,Urban
1556971,Rural
1557391,Rural
1556768,Urban
1556756,Urban
1556905,Rural
1557421,Rural
1557401,Urban
1557457,Rural
1557361,Rural
1557064,Urban
1557125,Rural
1556963,Rural
1557395,Rural
1557436,Rural
1557025,Rural
1556381,Urban
1557234,Rural
1556995,Urban
1556700,Rural
1557169,Rural
1557435,Urban
1557251,Urban
1557061,Urban
1557311,Rural
1557152,Urban
1557136,Urban
1557166,Urban
1557486,Urban
1557554,Rural
1557155,Rural
1557375,Rural
1556929,Rural
1557339,Rural
1557525,Rural
1557343,Rural
1557431,Rural
1557356,Rural
1557407,Rural
1557077,Urban
1557336,Urban
1557201,Urban
1557312,Rural
1557257,Rural
1557567,Urban
1556537,Urban
1557275,Urban
1557581,Urban
1557639,Rural
1557494,Urban
1557273,Rural
1557278,Urban
1556955,Rural
1557514,Rural
1557373,Urban
1557214,Urban
1556753,Rural
1557358,Urban
1557156,Urban
1557318,Rural
1557420,Urban
1557526,Urban
1557319,Urban
1557751,Urban
1557517,Rural
1557893,Rural
1557571,Rural
1557652,Rural
1557660,Urban
1557316,Rural
1557733,Urban
1557480,Urban
1557552,Urban
1557661,Rural
1557344,Rural
1557807,Rural
1557594,Rural
1557699,Urban
1557769,Rural
1557729,Rural
1557833,Rural
1557399,Rural
1557707,Urban
1557684,Rural
1557636,Urban
1558193,Urban
1557703,Rural
1558269,Urban
1555167,Rural
1557672,Rural
1557490,Urban
1557713,Rural
1557708,Rural
1556195,Urban
1557588,Rural
1557632,Urban
1557511,Rural
1557719,Urban
1557821,Urban
1557659,Urban
1557612,Rural
1557984,Urban
1558138,Urban
1548776,Urban
1557216,Urban
1557916,Rural
1557531,Urban
1557895,Rural
1557991,Urban
1558124,Rural
1557892,Rural
1557718,Urban
1557855,Rural
1557777,Urban
1557784,Urban
1556849,Urban
1557536,Urban
1558137,Rural
1557956,Rural
1557714,Urban
1557879,Rural
1557768,Urban
1557780,Urban
1555795,Rural
1558028,Rural
1558165,Rural
1556750,Urban
1557690,Rural
1558008,Rural
1553873,Urban
1557968,Rural
1558213,Urban
1558080,Rural
1557918,Rural
1558212,Rural
1558082,Rural
1558135,Urban
1558211,Urban
1557950,Rural
1557540,Urban
1557053,Rural
1558215,Rural
1558000,Rural
1558204,Rural
1558129,Rural
1557996,Rural
1558119,Rural
1557936,Urban
1557988,Urban
1558160,Rural
1558015,Rural
1558017,Urban
1557980,Rural
1558063,Rural
1558049,Rural
1557546,Urban
1556345,Urban
1557731,Urban
1558113,Rural
1558042,Urban
1558034,Rural
1558207,Rural
1558065,Rural
1558220,Rural
1558076,Urban
1558003,Rural
1557881,Rural
1558070,Rural
1558046,Rural
1557532,Urban
1557957,Rural
1558489,Rural
1557960,Rural
1558090,Rural
1557999,Rural
1558293,Urban
1558106,Rural
1558188,Urban
1558189,Rural
1558367,Urban
1558144,Rural
1558077,Urban
1558093,Rural
1558166,Urban
1558035,Urban
1558101,Rural
1558130,Rural
1558363,Rural
1558097,Rural
1558192,Rural
1558462,Rural
1558170,Urban
1558168,Rural
1558171,Rural
1558206,Rural
1558162,Rural
1558177,Rural
1558515,Rural
1558444,Rural
1558102,Rural
1558109,Rural
1558402,Rural
1558463,Rural
1558907,Rural
1557900,Rural
1558503,Urban
1558380,Rural
1558727,Urban
1558320,Rural
1557285,Urban
1557608,Rural
1558175,Rural
1558383,Rural
1558651,Urban
1558209,Urban
1558684,Urban
1558492,Urban
1558403,Rural
1558371,Rural
1558491,Urban
1557654,Urban
1556731,Rural
1558874,Rural
1558071,Urban
1558074,Urban
1558760,Urban
1558485,Rural
1558582,Rural
1557883,Rural
1558448,Rural
1558438,Urban
1558325,Rural
1558590,Rural
1558374,Urban
1558497,Urban
1557771,Urban
1558362,Rural
1558399,Rural
1558535,Rural
1558510,Rural
1558602,Rural
1558528,Urban
1555227,Rural
1558730,Urban
1558439,Urban
1558705,Rural
1558511,Rural
1558858,Urban
1558875,Rural
1558534,Urban
1558882,Rural
1558453,Urban
1558769,Rural
1558828,Urban
1558932,Urban
1558567,Rural
1559053,Rural
1558783,Rural
1558718,Rural
1558543,Urban
1558838,Rural
1558298,Urban
1558424,Rural
1558698,Urban
1558725,Rural
1553897,Rural
1558695,Rural
1558554,Urban
1558557,Rural
1558514,Urban
1558910,Urban
1558467,Urban
1558959,Rural
1550276,Rural
1551028,Rural
1558903,Urban
1558708,Urban
1558869,Rural
1558781,Urban
1558726,Rural
1558665,Urban
1558802,Urban
1558948,Urban
1558470,Urban
1558810,Rural
1558818,Rural
1558719,Rural
1557838,Rural
1549832,Rural
1558696,Rural
1558905,Rural
1558216,Rural
1558652,Rural
1559041,Rural
1558964,Rural
1558370,Rural
1558780,Rural
1558981,Rural
1559228,Rural
1559304,Rural
1558983,Rural
1559161,Urban
1559183,Urban
1559180,Urban
1558898,Urban
1558960,Urban
1559316,Urban
1558980,Rural
1554244,Rural
1558218,Rural
1559303,Urban
1558799,Urban
1559190,Rural
1558902,Rural
1559011,Rural
1559061,Rural
1559212,Urban
1558937,Rural
1559141,Rural
1559110,Urban
1559018,Urban
1559178,Rural
1559225,Urban
1559217,Rural
1559142,Rural
1559251,Rural
1558989,Rural
1559143,Rural
1559117,Rural
1558986,Rural
1558929,Urban
1559042,Rural
1559118,Rural
1559189,Urban
1559318,Rural
1559100,Rural
1559490,Rural
1559028,Rural
1559187,Rural
1556447,Urban
1559374,Rural
1559265,Urban
1559250,Urban
1559203,Rural
1559196,Urban
1559195,Rural
1559274,Rural
1559252,Rural
1558900,Rural
1559450,Rural
1559287,Rural
1558002,Rural
1559164,Urban
1558944,Rural
1559622,Urban
1559427,Rural
1559398,Rural
1559540,Rural
1558585,Urban
1559208,Rural
1558988,Rural
1559294,Rural
1559439,Rural
1559255,Rural
1559008,Rural
1559432,Urban
1559291,Rural
1559453,Rural
1559292,Rural
1559562,Rural
1559620,Urban
1559549,Rural
1559259,Rural
1559451,Urban
1559083,Rural
1559320,Rural
1559379,Urban
1559477,Urban
1559500,Urban
1559676,Urban
1559322,Urban
1559267,Urban
1559505,Rural
1559586,Rural
1559480,Rural
1559697,Urban
1559285,Rural
1559504,Urban
1559651,Rural
1553846,Rural
1559521,Urban
1559394,Urban
1553405,Rural
1559474,Rural
1559560,Urban
1559469,Urban
1559511,Rural
1558552,Urban
1559856,Rural
1558445,Urban
1559675,Urban
1559556,Urban
1559735,Urban
1559666,Rural
1558385,Urban
1559197,Rural
1559874,Rural
1559682,Urban
1559385,Urban
1559857,Rural
1559792,Urban
1559919,Urban
1559621,Urban
1559536,Rural
1559929,Rural
1559639,Rural
1559900,Rural
1560211,Rural
1559907,Urban
1558852,Urban
1559687,Rural
1559752,Rural
1559963,Rural
1559827,Rural
1558889,Rural
1559637,Urban
1553471,Rural
1553751,Urban
1560074,Rural
1559832,Rural
1559986,Rural
1560265,Rural
1559965,Rural
1559964,Urban
1559957,Rural
1559574,Urban
1559830,Urban
1559885,Urban
1559882,Urban
1560064,Urban
1559982,Rural
1559520,Urban
1559972,Rural
1560299,Rural
1559948,Rural
1559862,Urban
1559890,Rural
1560036,Rural
1557954,Rural
1560105,Rural
1559989,Urban
1560201,Rural
1560062,Urban
1560344,Rural
1560228,Urban
1559938,Rural
1560461,Rural
1560220,Rural
1560670,Rural
1560196,Rural
1560015,Urban
1559911,Urban
1560308,Rural
1560312,Urban
1558734,Rural
1559483,Rural
1560214,Rural
1559939,Urban
1560121,Urban
1560230,Rural
1559886,Urban
1556488,Urban
1559411,Urban
1559656,Rural
1560067,Rural
1560236,Rural
1560200,Rural
1560261,Rural
1560204,Urban
1560206,Urban
1558653,Rural
1560235,Urban
1560406,Rural
1560159,Rural
1560434,Urban
1560291,Rural
1560596,Rural
1560333,Rural
1560135,Urban
1560841,Urban
1560587,Urban
1560712,Rural
1560718,Rural
1560163,Urban
1560586,Rural
1560273,Rural
1560268,Urban
1560634,Rural
1560481,Urban
1560722,Rural
1560768,Urban
1560573,Urban
1558340,Rural
1559727,Urban
1560989,Urban
1560568,Rural
1552608,Urban
1560389,Urban
1560808,Rural
1560347,Rural
1560381,Urban
1560629,Rural
1560154,Urban
1560579,Urban
1560645,Urban
1559836,Rural
1560350,Rural
1560207,Rural
1560652,Urban
1560562,Rural
1553775,Urban
1558689,Urban
1560302,Urban
1560558,Rural
1560449,Rural
1559852,Rural
1548300,Urban
1560820,Rural
1560428,Urban
1560400,Rural
1560843,Urban
1560488,Rural
1560564,Rural
1560537,Rural
1560655,Rural
1560735,Rural
1560457,Urban
1560572,Rural
1560671,Rural
1560699,Rural
1560740,Rural
1560658,Rural
1560654,Urban
1560179,Urban
1560364,Rural
1560680,Rural
1560750,Urban
1561049,Urban
1560048,Rural
1560780,Urban
1561229,Rural
1560498,Urban
1560853,Rural
1560686,Urban
1561085,Rural
1561095,Rural
1561319,Rural
1561080,Rural
1561181,Rural
1560501,Urban
1560779,Rural
1560813,Rural
1559873,Urban
1560880,Rural
1561210,Rural
1560547,Rural
1561073,Urban
1560609,Rural
1560522,Rural
1561265,Urban
1560720,Rural
1560708,Urban
1561268,Rural
1560791,Rural
1561119,Urban
1560866,Rural
1560767,Rural
1560682,Rural
1561028,Urban
1560348,Urban
1561366,Rural
1560827,Urban
1561042,Rural
1552659,Urban
1560719,Rural
1561542,Rural
1560110,Urban
1561120,Rural
1561296,Rural
1561149,Rural
1553543,Rural
1560304,Rural
1561261,Urban
1561379,Rural
1560885,Urban
1561204,Urban
1560916,Urban
1561185,Urban
1560696,Rural
1561193,Urban
1561100,Rural
1560765,Rural
1561199,Urban
1560068,Rural
1560244,Rural
1560112,Rural
1560725,Rural
1561057,Rural
1561166,Rural
1560938,Rural
1560992,Urban
1561148,Rural
1560896,Urban
1561221,Rural
1561018,Urban
1561163,Rural
1560431,Urban
1561222,Rural
1561174,Rural
1558876,Urban
1561097,Rural
1561369,Urban
1561583,Urban
1561170,Rural
1561441,Rural
1561497,Urban
1561429,Rural
1561238,Urban
1561415,Rural
1561742,Rural
1561697,Rural
1561402,Urban
1561412,Rural
1561925,Urban
1561560,Rural
1561292,Urban
1561757,Urban
1561683,Urban
1560301,Rural
1561409,Rural
1561491,Rural
1561741,Rural
1561399,Rural
1561564,Rural
1561592,Urban
1561791,Urban
1560971,Rural
1561400,Urban
1560492,Rural
1560505,Rural
1561613,Urban
1561737,Rural
1561723,Rural
1561508,Rural
1561426,Urban
1561728,Rural
1560185,Urban
1561422,Rural
1561631,Rural
1561820,Rural
1561492,Rural
1561693,Urban
1561759,Rural
1561467,Rural
1561629,Rural
1561538,Rural
1561317,Urban
1561348,Rural
1561354,Rural
1561556,Rural
1561645,Urban
1561945,Rural
1561233,Rural
1561462,Rural
1561679,Urban
1561239,Rural
1561942,Rural
1561513,Rural
1561961,Urban
1560872,Rural
1561726,Rural
1561270,Rural
1561617,Urban
1562029,Rural
1560753,Urban
1562198,Rural
1561635,Urban
1561606,Urban
1561284,Urban
1561285,Urban
1562168,Rural
1561746,Urban
1562336,Rural
1561906,Urban
1561982,Rural
1552030,Urban
1559485,Rural
1561781,Urban
1558974,Urban
1561591,Rural
1561788,Urban
1559854,Rural
1561896,Rural
1561854,Urban
1561146,Urban
1562196,Urban
1561152,Urban
1561342,Rural
1561842,Rural
1561917,Urban
1561213,Rural
1561981,Rural
1562167,Urban
1561919,Rural
1562249,Rural
1562150,Rural
1561582,Rural
1562253,Urban
1562339,Urban
1561733,Urban
1560617,Urban
1562155,Rural
1562140,Urban
1562160,Rural
1561651,Rural
1561915,Rural
1561939,Urban
1562154,Urban
1561141,Urban
1561940,Rural
1561137,Urban
1562132,Urban
1562094,Urban
1562187,Rural
1558118,Urban
1561965,Rural
1562078,Rural
1562188,Rural
1562178,Rural
1561973,Rural
1562039,Rural
1562498,Rural
1562061,Rural
1562254,Urban
1562244,Rural
1562622,Urban
1561420,Urban
1562225,Rural
1562301,Rural
1560802,Urban
1561601,Rural
1562629,Rural
1562164,Urban
1560958,Urban
1562606,Rural
1562169,Urban
1562638,Urban
1562330,Urban
1562002,Rural
1562430,Urban
1562645,Urban
1562684,Urban
1562531,Rural
1562220,Urban
1562351,Rural
1562293,Urban
1562255,Urban
1562256,Urban
1562670,Rural
1561938,Rural
1562230,Urban
1562553,Rural
1562678,Rural
1562311,Rural
1562423,Rural
1562347,Rural
1562447,Rural
1562683,Urban
1562546,Rural
1562682,Rural
1562182,Rural
1562444,Rural
1562366,Urban
1562522,Urban
1562369,Urban
1562462,Rural
1562489,Rural
1562397,Rural
1562511,Rural
1562251,Rural
1562449,Urban
1563013,Rural
1562541,Urban
1562574,Rural
1562504,Urban
1562948,Rural
1562746,Rural
1560208,Urban
1562620,Rural
1562674,Urban
1561786,Urban
1562379,Rural
1561680,Rural
1562436,Rural
1562630,Urban
1563133,Rural
1562605,Urban
1562501,Urban
1562640,Urban
1562212,Rural
1562870,Rural
1562554,Rural
1562405,Rural
1562714,Rural
1562734,Urban
1562780,Rural
1562119,Urban
1562908,Rural
1562965,Rural
1562754,Rural
1562657,Rural
1562392,Urban
1562400,Rural
1562866,Rural
1562900,Rural
1562913,Urban
1562918,Rural
1562245,Rural
1562395,Urban
1562808,Rural
1562757,Urban
1563111,Rural
1562985,Rural
1562864,Rural
1562896,Rural
1562919,Rural
1562643,Urban
1562789,Rural
1562576,Urban
1562147,Rural
1562551,Urban
1562420,Rural
1562672,Urban
1562719,Rural
1560918,Urban
1560921,Urban
1562003,Rural
1562892,Rural
1563222,Urban
1562830,Rural
1562886,Rural
1562881,Rural
1562477,Rural
1563005,Urban
1562676,Urban
1561038,Urban
1562882,Rural
1563012,Rural
1563165,Rural
1562492,Rural
1563073,Rural
1563007,Rural
1563061,Urban
1562812,Rural
1562979,Rural
1562699,Urban
1562943,Urban
1562842,Rural
1562920,Urban
1563065,Urban
1562970,Urban
1562564,Rural
1562915,Rural
1562646,Urban
1563048,Urban
1562895,Rural
1563075,Rural
1562833,Rural
1560890,Rural
1562977,Urban
1562984,Urban
1563004,Urban
1563398,Rural
1563309,Urban
1562730,Urban
1562921,Rural
1562974,Rural
1563024,Rural
1562806,Rural
1563178,Rural
1563558,Urban
1562381,Rural
1562750,Rural
1563052,Urban
1563212,Urban
1563072,Urban
1563183,Rural
1563218,Rural
1563053,Rural
1563272,Rural
1563050,Rural
1562736,Rural
1563211,Rural
1562841,Urban
1563269,Urban
1563230,Urban
1563495,Rural
1563351,Rural
1563060,Rural
1563155,Rural
1563412,Rural
1563401,Rural
1563622,Urban
1563431,Rural
1563054,Rural
1563488,Urban
1563042,Rural
1563238,Rural
1555922,Rural
1563250,Rural
1563197,Urban
1563188,Rural
1563223,Urban
1563390,Rural
1562910,Rural
1563182,Urban
1563569,Rural
1563346,Rural
1563152,Urban
1563214,Urban
1563276,Rural
1563568,Urban
1563270,Urban
1563176,Rural
1563547,Rural
1563193,Rural
1563340,Rural
1563081,Urban
1563331,Rural
1563524,Urban
1563543,Rural
1563596,Urban
1563464,Rural
1563328,Rural
1563534,Urban
1563146,Urban
1563413,Urban
1563378,Urban
1563499,Urban
1563387,Rural
1563232,Rural
1563616,Rural
1563466,Rural
1563455,Rural
1562865,Urban
1562815,Urban
1563516,Rural
1563550,Rural
1563576,Rural
1563433,Urban
1563974,Urban
1563430,Urban
1563258,Urban
1563071,Urban
1561225,Urban
1563623,Urban
1563371,Rural
1563479,Rural
1563300,Urban
1563681,Rural
1563467,Rural
1563627,Urban
1563854,Rural
1563679,Urban
1563489,Rural
1564069,Urban
1564035,Urban
1563525,Urban
1564121,Rural
1564021,Rural
1564033,Urban
1564082,Urban
1564058,Rural
1563511,Rural
1564125,Urban
1562912,Urban
1563453,Rural
1563708,Rural
1563611,Urban
1562082,Rural
1563817,Rural
1563880,Urban
1564103,Rural
1563728,Urban
1563944,Urban
1563765,Rural
1555361,Urban
1563777,Rural
1564147,Urban
1563963,Rural
1563808,Rural
1563798,Rural
1562763,Urban
1563663,Urban
1562749,Rural
1564110,Urban
1564029,Rural
1563725,Urban
1563979,Urban
1563588,Rural
1564325,Urban
1564432,Urban
1564148,Rural
1563875,Urban
1563549,Rural
1564127,Urban
1563717,Urban
1563898,Rural
1563942,Rural
1564113,Rural
1563792,Rural
1564128,Urban
1563676,Urban
1563907,Rural
1564008,Urban
1564009,Rural
1554884,Rural
1564204,Urban
1564032,Urban
1563613,Rural
1564347,Urban
1564007,Urban
1564581,Urban
1563888,Urban
1562549,Rural
1564270,Urban
1564381,Rural
1563876,Urban
1563634,Rural
1564130,Urban
1564391,Rural
1564749,Urban
1564143,Urban
1564475,Rural
1564534,Rural
1564203,Urban
1564506,Urban
1563926,Urban
1564757,Urban
1563714,Urban
1564522,Urban
1560726,Rural
1563899,Rural
1564758,Rural
1560887,Rural
1554158,Rural
1564505,Rural
1564759,Urban
1564039,Urban
1564141,Rural
1564373,Urban
1564120,Urban
1564205,Rural
1563572,Rural
1564116,Rural
1564342,Urban
1564653,Urban
1564161,Urban
1564273,Rural
1564134,Urban
1563845,Urban
1564256,Urban
1564795,Rural
1564313,Urban
1564260,Rural
1564247,Rural
1564234,Rural
1552214,Urban
1564864,Rural
1564936,Urban
1564312,Urban
1564239,Rural
1564266,Rural
1564252,Rural
1564190,Rural
1564140,Rural
1564962,Rural
1564088,Rural
1564833,Urban
1564145,Urban
1564981,Rural
1564348,Urban
1564807,Urban
1564338,Urban
1564872,Urban
1564537,Urban
1565135,Rural
1564344,Rural
1564194,Urban
1564884,Urban
1564297,Rural
1565125,Rural
1565317,Rural
1564507,Rural
1564487,Rural
1564281,Rural
1564000,Rural
1564538,Rural
1564591,Rural
1564945,Urban
1564894,Urban
1565304,Rural
1563456,Rural
1564350,Urban
1564310,Rural
1565142,Urban
1564406,Rural
1564910,Rural
1564492,Rural
1565474,Urban
1564778,Rural
1565309,Urban
1564609,Rural
1564982,Urban
1564777,Rural
1565337,Rural
1564337,Urban
1565058,Rural
1564856,Rural
1564682,Rural
1564641,Rural
1564502,Rural
1565353,Rural
1564096,Rural
1564489,Rural
1565525,Rural
1565546,Urban
1565160,Rural
1565731,Rural
1564546,Rural
1564766,Rural
1564633,Urban
1564606,Rural
1565176,Urban
1565423,Rural
1564726,Rural
1565314,Rural
1564838,Urban
1564810,Rural
1565393,Rural
1564607,Rural
1564746,Rural
1565426,Urban
1565406,Urban
1564412,Urban
1564847,Urban
1564830,Urban
1564452,Rural
1565439,Urban
1565226,Rural
1565371,Rural
1565462,Rural
1565273,Rural
1565466,Rural
1565240,Rural
1565461,Rural
1565379,Rural
1565472,Rural
1565205,Rural
1563884,Rural
1564791,Rural
1565489,Urban
1564549,Urban
1558561,Urban
1565293,Rural
1565039,Urban
1564747,Rural
1564895,Rural
1564877,Rural
1564899,Rural
1565141,Rural
1565112,Rural
1564454,Urban
1565286,Rural
1565567,Rural
1564875,Urban
1565064,Rural
1565381,Rural
1565437,Rural
1562697,Rural
1564951,Rural
1565239,Urban
1565155,Rural
1565284,Urban
1565339,Rural
1565307,Urban
1565229,Rural
1565614,Rural
1565460,Rural
1565346,Rural
1565655,Urban
1565298,Urban
1565282,Urban
1562111,Rural
1564990,Urban
1565416,Urban
1565329,Rural
1564946,Rural
1565050,Urban
1565450,Rural
1563559,Rural
1565285,Rural
1565241,Urban
1565706,Rural
1565291,Urban
1565288,Rural
1565327,Rural
1565531,Rural
1565573,Urban
1565713,Rural
1565457,Rural
1565915,Urban
1565626,Urban
1565198,Urban
1565221,Rural
1565571,Rural
1564978,Rural
1565588,Urban
1565572,Rural
1565340,Rural
1565726,Urban
1564974,Urban
1563990,Rural
1565821,Urban
1565555,Rural
1565632,Rural
1565845,Urban
1565591,Urban
1565638,Urban
1565642,Urban
1565261,Urban
1565730,Urban
1565658,Urban
1565975,Urban
1565944,Urban
1565769,Urban
1564784,Urban
1563918,Rural
1565809,Urban
1566584,Rural
1565983,Urban
1564960,Urban
1565719,Rural
1558132,Urban
1565723,Urban
1565566,Rural
1565928,Urban
1565999,Rural
1565823,Urban
1565860,Rural
1565919,Rural
1565976,Rural
1565937,Urban
1565760,Urban
1565835,Urban
1566119,Urban
1566157,Rural
1565949,Rural
1565727,Urban
1565851,Urban
1564569,Urban
1566136,Urban
1565739,Urban
1566356,Rural
1565998,Rural
1566422,Rural
1566120,Urban
1565645,Urban
1565960,Rural
1566001,Rural
1566060,Rural
1566069,Rural
1566265,Rural
1565852,Rural
1566036,Urban
1566563,Rural
1565890,Urban
1566032,Urban
1566169,Urban
1565617,Rural
1566093,Urban
1566881,Urban
1566106,Rural
1566044,Rural
1566172,Rural
1566149,Urban
1565997,Urban
1565704,Rural
1566558,Urban
1566123,Rural
1566175,Rural
1565978,Rural
1566884,Urban
1566401,Rural
1566099,Rural
1565348,Urban
1566387,Rural
1566034,Rural
1566434,Urban
1566162,Rural
1566554,Rural
1566312,Rural
1566156,Urban
1566419,Urban
1565951,Rural
1566249,Rural
1566906,Urban
1565989,Urban
1566078,Urban
1559779,Rural
1566168,Urban
1566170,Rural
1566472,Rural
1566299,Rural
1566481,Urban
1566063,Urban
1566234,Rural
1566268,Rural
1566026,Urban
1566704,Rural
1566177,Rural
1566038,Rural
1566296,Rural
1566218,Rural
1566117,Rural
1566236,Rural
1566361,Rural
1566042,Urban
1566456,Rural
1566349,Urban
1566137,Rural
1565962,Rural
1565885,Rural
1566475,Urban
1565067,Urban
1566471,Rural
1566654,Rural
1566041,Rural
1558945,Urban
1566028,Rural
1566450,Urban
1566601,Rural
1566583,Rural
1566661,Urban
1566353,Urban
1566762,Urban
1566440,Urban
1566629,Rural
1566874,Urban
1566588,Urban
1566603,Urban
1566327,Rural
1566656,Rural
1566524,Rural
1566526,Rural
1566684,Urban
1566887,Rural
1567245,Rural
1560145,Rural
1566466,Rural
1565547,Urban
1566995,Urban
1566671,Urban
1566688,Urban
1566914,Rural
1566973,Rural
1566850,Urban
1565130,Rural
1566611,Rural
1564403,Urban
1566868,Rural
1566935,Rural
1566826,Urban
1566597,Rural
1566767,Urban
1566939,Urban
1566355,Rural
1566764,Urban
1565700,Rural
1566692,Urban
1566791,Urban
1566811,Urban
1567414,Rural
1566769,Rural
1566525,Urban
1566613,Urban
1567259,Urban
1567298,Urban
1566638,Urban
1566920,Rural
1566701,Rural
1566861,Urban
1567081,Urban
1565878,Rural
1566731,Rural
1566875,Rural
1566712,Urban
1566341,Urban
1567127,Urban
1566813,Urban
1566921,Rural
1567043,Rural
1566917,Urban
1566895,Urban
1567201,Urban
1566107,Rural
1566936,Rural
1567282,Urban
1567024,Rural
1566870,Rural
1566795,Urban
1567317,Rural
1566955,Rural
1567101,Rural
1567226,Rural
1567327,Urban
1567068,Urban
1567176,Rural
1567075,Rural
1567137,Urban
1567296,Rural
1567120,Rural
1567125,Rural
1567035,Rural
1567321,Rural
1567236,Rural
1567061,Urban
1567221,Rural
1567181,Rural
1567017,Rural
1567307,Urban
1567258,Urban
1567063,Rural
1567329,Urban
1559433,Rural
1567025,Rural
1567013,Rural
1567028,Rural
1567740,Rural
1567169,Urban
1567379,Rural
1567780,Rural
1567015,Urban
1567141,Rural
1566934,Rural
1567339,Urban
1567156,Rural
1567434,Rural
1567286,Rural
1567110,Urban
1567407,Rural
1567300,Urban
1567461,Rural
1567270,Rural
1568411,Rural
1567231,Rural
1566970,Rural
1567649,Urban
1567129,Rural
1566774,Rural
1568441,Urban
1567452,Rural
1567456,Rural
1567341,Urban
1567311,Urban
1567617,Rural
1567363,Rural
1567386,Rural
1567513,Urban
1567960,Rural
1567449,Urban
1567718,Urban
1567971,Rural
1567594,Urban
1567601,Rural
1567516,Rural
1567581,Rural
1567547,Urban
1567036,Urban
1567074,Urban
1567425,Rural
1567460,Rural
1566897,Rural
1567482,Rural
1567741,Urban
1567570,Urban
1567834,Rural
1567760,Urban
1567566,Urban
1567762,Rural
1567276,Rural
1567514,Rural
1567589,Rural
1567642,Rural
1567720,Rural
1567590,Rural
1567895,Urban
1567548,Rural
1567426,Urban
1567723,Rural
1567663,Urban
1567583,Rural
1567163,Rural
1567638,Rural
1567437,Rural
1568048,Rural
1568443,Urban
1568015,Urban
1567769,Urban
1568027,Rural
1562936,Rural
1567455,Rural
1568135,Rural
1562932,Urban
1567470,Rural
1567924,Rural
1568079,Rural
1568088,Rural
1567957,Urban
1567752,Urban
1567974,Urban
1568173,Rural
1568124,Rural
1568531,Rural
1567478,Urban
1567915,Rural
1568030,Urban
1567637,Rural
1567634,Rural
1567695,Rural
1567848,Urban
1567792,Urban
1567688,Urban
1567602,Rural
1568137,Urban
1567682,Urban
1567936,Rural
1568049,Rural
1568061,Urban
1568052,Urban
1567977,Rural
1567722,Rural
1567861,Urban
1567962,Urban
1568308,Urban
1567914,Urban
1568025,Urban
1567940,Rural
1568294,Urban
1568065,Urban
1567930,Rural
1567912,Rural
1568986,Urban
1568147,Rural
1568927,Rural
1568133,Urban
1567942,Rural
1568249,Rural
1568317,Urban
1568000,Rural
1568082,Rural
1568511,Rural
1568346,Rural
1568310,Urban
1568911,Rural
1568143,Urban
1568047,Rural
1568371,Rural
1567855,Urban
1568226,Urban
1567502,Urban
1568072,Urban
1567900,Urban
1568509,Urban
1568738,Urban
1568658,Urban
1567685,Urban
1568340,Urban
1568075,Urban
1568648,Rural
1568961,Rural
1567544,Urban
1568236,Urban
1566702,Rural
1568519,Rural
1568279,Rural
1568283,Rural
1568269,Rural
1569113,Rural
1568424,Urban
1568060,Urban
1568889,Urban
1568602,Urban
1567827,Urban
1568897,Urban
1568583,Rural
1568266,Urban
1568570,Rural
1568399,Rural
1567343,Rural
1568740,Urban
1568525,Rural
1568632,Urban
1568589,Urban
1569827,Rural
1568312,Rural
1568616,Urban
1568139,Rural
1568297,Urban
1568654,Rural
1568839,Rural
1568272,Rural
1568110,Rural
1568597,Rural
1568622,Rural
1568351,Rural
1567748,Urban
1568625,Rural
1568363,Rural
1567418,Rural
1568359,Urban
1568416,Urban
1568772,Rural
1568421,Urban
1568466,Rural
1568486,Rural
1567917,Rural
1568299,Urban
1568206,Urban
1568358,Rural
1568353,Rural
1568208,Rural
1568275,Rural
1568510,Rural
1568022,Urban
1568824,Rural
1568526,Rural
1568505,Urban
1568563,Urban
1568501,Rural
1568696,Urban
1568497,Urban
1568604,Rural
1568734,Rural
1568428,Urban
1568256,Rural
1568689,Rural
1568600,Rural
1568343,Rural
1568150,Rural
1568962,Urban
1568791,Rural
1569096,Rural
1568867,Rural
1569019,Urban
1569100,Urban
1568982,Rural
1568514,Rural
1568745,Urban
1568820,Rural
1568936,Rural
1567337,Urban
1569048,Rural
1569122,Urban
1568795,Rural
1569724,Urban
1568833,Rural
1569542,Rural
1568875,Rural
1568671,Urban
1568378,Urban
1568002,Urban
1568981,Rural
1569564,Rural
1568794,Rural
1568800,Rural
1568267,Rural
1568664,Urban
1568912,Rural
1569318,Rural
1569161,Urban
1568560,Urban
1569883,Urban
1569062,Rural
1569894,Rural
1568300,Urban
1567494,Urban
1568324,Rural
1568854,Urban
1569230,Urban
1568950,Urban
1568825,Rural
1568915,Rural
1569320,Rural
1569037,Rural
1568746,Rural
1569089,Rural
1568822,Urban
1568851,Urban
1568828,Urban
1568914,Rural
1567066,Urban
1569415,Rural
1567620,Rural
1569092,Rural
1568906,Urban
1569074,Urban
1567901,Rural
1568708,Rural
1568871,Urban
1568588,Rural
1569026,Rural
1569039,Urban
1569349,Rural
1569011,Rural
1568916,Rural
1568967,Urban
1569097,Rural
1569368,Rural
1569584,Urban
1569157,Urban
1569120,Rural
1569206,Rural
1569213,Rural
1569267,Rural
1569262,Rural
1569505,Rural
1569156,Rural
1569571,Rural
1569487,Rural
1569666,Rural
1569377,Urban
1569615,Rural
1569575,Urban
1569296,Urban
1569507,Rural
1568763,Rural
1569310,Rural
1569515,Urban
1569540,Rural
1569521,Urban
1569731,Urban
1570024,Urban
1569594,Urban
1569433,Urban
1569300,Urban
1570398,Rural
1569273,Rural
1569524,Rural
1569705,Urban
1569782,Rural
1569085,Rural
1569641,Rural
1568883,Urban
1569448,Rural
1569481,Rural
1569752,Rural
1569280,Urban
1569713,Urban
1569609,Urban
1570215,Rural
1570124,Urban
1570164,Urban
1569710,Urban
1569596,Urban
1569602,Rural
1569480,Urban
1569383,Rural
1569407,Rural
1570721,Rural
1569654,Rural
1569104,Urban
1570390,Urban
1569639,Urban
1569667,Rural
1570382,Urban
1570322,Rural
1569632,Urban
1569617,Urban
1569636,Rural
1569562,Rural
1569203,Urban
1569432,Rural
1570461,Rural
1562898,Rural
1569634,Rural
1568629,Urban
1570640,Rural
1569275,Rural
1570102,Rural
1570411,Urban
1569591,Urban
1570336,Urban
1569811,Urban
1570421,Rural
1570036,Rural
1569849,Rural
1569773,Rural
1566009,Urban
1570868,Urban
1569795,Urban
1570181,Rural
1570440,Rural
1569711,Rural
1570372,Urban
1569742,Urban
1569664,Rural
1569717,Rural
1569722,Rural
1563339,Rural
1569726,Urban
1569893,Urban
1570091,Urban
1569895,Rural
1570623,Urban
1569871,Rural
1569915,Urban
1569968,Rural
1569977,Urban
1570108,Rural
1570017,Rural
1569987,Rural
1570077,Rural
1569797,Rural
1566980,Urban
1570767,Rural
1569700,Rural
1570719,Urban
1569787,Rural
1570021,Rural
1569992,Rural
1570620,Rural
1569967,Urban
1570177,Urban
1569873,Rural
1570245,Rural
1569973,Rural
1570788,Urban
1569517,Urban
1569966,Urban
1570125,Rural
1570110,Rural
1570166,Urban
1570165,Urban
1570394,Urban
1570112,Rural
1570260,Rural
1570433,Urban
1570257,Rural
1569970,Rural
1567894,Rural
1569951,Rural
1570287,Rural
1570518,Urban
1569959,Rural
1570997,Urban
1569525,Urban
1570389,Rural
1570270,Rural
1570343,Rural
1570406,Urban
1570998,Rural
1570763,Urban
1571034,Urban
1570426,Rural
1566971,Urban
1569389,Urban
1570422,Urban
1570438,Urban
1570162,Rural
1570072,Urban
1570085,Urban
1570845,Rural
1570239,Rural
1570848,Urban
1570728,Urban
1570267,Urban
1571006,Rural
1570362,Rural
1571025,Rural
1570403,Urban
1570298,Urban
1570995,Urban
1570281,Rural
1570463,Urban
1570430,Rural
1569896,Rural
1570842,Urban
1571005,Rural
1570685,Rural
1569786,Rural
1569672,Urban
1571059,Rural
1570580,Rural
1570290,Rural
1569753,Rural
1571115,Urban
1570306,Urban
1569541,Rural
1571015,Urban
1571126,Rural
1569943,Rural
1569131,Urban
1571194,Urban
1570148,Rural
1570579,Urban
1570744,Urban
1571751,Urban
1570756,Rural
1572108,Rural
1570536,Rural
1570751,Urban
1570702,Urban
1570409,Urban
1570859,Rural
1570761,Urban
1570589,Rural
1570664,Rural
1570781,Rural
1570624,Rural
1570869,Rural
1570643,Rural
1562555,Urban
1570693,Urban
1571966,Urban
1570855,Rural
1570681,Rural
1570293,Urban
1569914,Urban
1570684,Rural
1570472,Urban
1571347,Urban
1570858,Rural
1571092,Rural
1566667,Rural
1571058,Urban
1571130,Urban
1570880,Rural
1571090,Urban
1570312,Urban
1570639,Urban
1570724,Rural
1570956,Rural
1564017,Urban
1570010,Rural
1570621,Urban
1570981,Rural
1570698,Rural
1570949,Urban
1571004,Rural
1570541,Rural
1571325,Rural
1571272,Urban
1570844,Urban
1571313,Urban
1571322,Urban
1571346,Rural
1570906,Rural
1571010,Rural
1571145,Urban
1571093,Rural
1571105,Urban
1571187,Rural
1571248,Urban
1571108,Rural
1571122,Rural
1571082,Urban
1571035,Rural
1571181,Rural
1571348,Rural
1571358,Urban
1571063,Urban
1571227,Urban
1571329,Rural
1571221,Urban
1571241,Rural
1571235,Urban
1571018,Urban
1571513,Urban
1571460,Urban
1571294,Urban
1571207,Rural
1571382,Urban
1571426,Urban
1571299,Urban
1571640,Urban
1571603,Rural
1571438,Rural
1571376,Urban
1571497,Rural
1571448,Urban
1571556,Urban
1571364,Urban
1571080,Rural
1571279,Urban
1570996,Rural
1571758,Rural
1571357,Rural
1568972,Urban
1571809,Rural
1571658,Urban
1570920,Rural
1571553,Urban
1571393,Urban
1571399,Urban
1571561,Urban
1571595,Rural
1571783,Urban
1571704,Rural
1571021,Rural
1571818,Rural
1571748,Rural
1571567,Rural
1571665,Rural
1571543,Rural
1571655,Rural
1571563,Rural
1571558,Rural
1572612,Urban
1572129,Rural
1571488,Rural
1571044,Urban
1571573,Rural
1571583,Urban
1569088,Rural
1571755,Urban
1571820,Urban
1571861,Urban
1570798,Rural
1571813,Urban
1571882,Rural
1571446,Rural
1571522,Rural
1571179,Urban
1571575,Rural
1571860,Urban
1571768,Rural
1571757,Urban
1571619,Rural
1571685,Rural
1571721,Urban
1566233,Rural
1571825,Rural
1571999,Rural
1572159,Rural
1571767,Urban
1571773,Rural
1572147,Rural
1571726,Rural
1572133,Rural
1572248,Rural
1572003,Rural
1571972,Rural
1571601,Rural
1572320,Urban
1572004,Rural
1571858,Rural
1571869,Urban
1571459,Rural
1571705,Rural
1572634,Rural
1572232,Urban
1571852,Rural
1571827,Urban
1572127,Rural
1571442,Rural
1572151,Rural
1571875,Rural
1571993,Rural
1571466,Rural
1572131,Rural
1572391,Urban
1571486,Rural
1571784,Urban
1572550,Urban
1571612,Rural
1572298,Rural
1571624,Rural
1572224,Rural
1572235,Rural
1571930,Rural
1571761,Urban
1571880,Rural
1572833,Urban
1571699,Urban
1571997,Urban
1571974,Urban
1572241,Rural
1572366,Rural
1572449,Urban
1572339,Urban
1571985,Rural
1572009,Rural
1572421,Rural
1572277,Rural
1571967,Rural
1572250,Urban
1567444,Rural
1572369,Rural
1572457,Rural
1572499,Urban
1571989,Rural
1572245,Rural
1572452,Rural
1572274,Rural
1572490,Rural
1570342,Rural
1572442,Urban
1572453,Rural
1571941,Rural
1572417,Rural
1572350,Urban
1572654,Urban
1572720,Rural
1572852,Rural
1572400,Rural
1572252,Urban
1572115,Rural
1572469,Urban
1572288,Rural
1572665,Rural
1572360,Rural
1572412,Rural
1572308,Rural
1572383,Rural
1572429,Urban
1572398,Rural
1572112,Urban
1571910,Urban
1572746,Rural
1572168,Rural
1572124,Rural
1572486,Rural
1572799,Urban
1571929,Rural
1572184,Urban
1573161,Rural
1572228,Rural
1572230,Rural
1572137,Urban
1572392,Urban
1571912,Rural
1572204,Urban
1571943,Rural
1572207,Urban
1567699,Rural
1572002,Rural
1572684,Rural
1572243,Urban
1572510,Urban
1572413,Urban
1572300,Rural
1572209,Rural
1572834,Rural
1572944,Rural
1572441,Rural
1572422,Urban
1572605,Rural
1572128,Rural
1571953,Rural
1572227,Rural
1572438,Urban
1572485,Urban
1572153,Rural
1572519,Urban
1572708,Urban
1571407,Rural
1572585,Urban
1572554,Rural
1572841,Rural
1572629,Rural
1572239,Urban
1573332,Urban
1572354,Rural
1572256,Rural
1572705,Urban
1572482,Urban
1572890,Rural
1572406,Urban
1572652,Rural
1572879,Rural
1573039,Rural
1572878,Rural
1572864,Urban
1572051,Rural
1572403,Rural
1573001,Urban
1572826,Rural
1572656,Urban
1573056,Urban
1573207,Rural
1572603,Urban
1572338,Rural
1573054,Urban
1571844,Rural
1571154,Urban
1572783,Urban
1572587,Urban
1573021,Rural
1572845,Urban
1572893,Rural
1573093,Urban
1572730,Rural
1572901,Rural
1572761,Urban
1572270,Rural
1573089,Urban
1573091,Urban
1572669,Rural
1572774,Rural
1572655,Rural
1573130,Rural
1566046,Urban
1572794,Rural
1571630,Urban
1573151,Rural
1573131,Urban
1572596,Urban
1572886,Urban
1573170,Urban
1573026,Rural
1572791,Urban
1572980,Urban
1572985,Urban
1573344,Rural
1573491,Urban
1573970,Urban
1573137,Urban
1573154,Rural
1573220,Rural
1572760,Urban
1573234,Rural
1570821,Rural
1573266,Rural
1573494,Urban
1573191,Rural
1573418,Rural
1573572,Urban
1572622,Rural
1573361,Rural
1572860,Rural
1573219,Urban
1573062,Rural
1572863,Urban
1573012,Rural
1573390,Urban
1573493,Rural
1573247,Urban
1572712,Rural
1573535,Rural
1573014,Urban
1572650,Urban
1573609,Urban
1572615,Rural
1573578,Urban
1573287,Urban
1572909,Rural
1572986,Rural
1572979,Rural
1573034,Rural
1573186,Rural
1573147,Rural
1573048,Urban
1572976,Rural
1573175,Urban
1562093,Rural
1573203,Rural
1572996,Rural
1572928,Rural
1572932,Rural
1573061,Urban
1572488,Rural
1573282,Rural
1573437,Rural
1573156,Rural
1572993,Rural
1573415,Rural
1572740,Rural
1573507,Rural
1573293,Rural
1573627,Rural
1573413,Rural
1573272,Rural
1573527,Rural
1565110,Rural
1573601,Rural
1573447,Rural
1573598,Rural
1573505,Rural
1573286,Rural
1573397,Urban
1573341,Rural
1573065,Rural
1573673,Rural
1573393,Urban
1573316,Rural
1573686,Urban
1573489,Rural
1573503,Rural
1573744,Rural
1573590,Urban
1573558,Urban
1573761,Rural
1574343,Rural
1573471,Rural
1573428,Urban
1573455,Rural
1573599,Rural
1573967,Rural
1573310,Rural
1573594,Rural
1573438,Rural
1573433,Urban
1573443,Rural
1573625,Urban
1573275,Rural
1571629,Rural
1573698,Rural
1573638,Urban
1573278,Rural
1573124,Rural
1573453,Rural
1573613,Rural
1573366,Urban
1573608,Rural
1573566,Urban
1573568,Rural
1573860,Urban
1573543,Rural
1570710,Urban
1573292,Rural
1573738,Urban
1573439,Urban
1573925,Urban
1574120,Rural
1570134,Rural
1570527,Rural
1573681,Urban
1573755,Rural
1573768,Urban
1573697,Urban
1573456,Urban
1573643,Rural
1573782,Rural
1573843,Urban
1573894,Rural
1574118,Rural
1574163,Urban
1573889,Urban
1559632,Urban
1574335,Urban
1573695,Rural
1574117,Rural
1573797,Rural
1573830,Urban
1573765,Rural
1573707,Rural
1573610,Urban
1573762,Rural
1573869,Rural
1573964,Rural
1572933,Rural
1573812,Urban
1573934,Urban
1573770,Rural
1573799,Rural
1574213,Rural
1573465,Urban
1573858,Urban
1574220,Urban
1573852,Urban
1573619,Rural
1573252,Urban
1573589,Urban
1573897,Rural
1574594,Urban
1573875,Urban
1574302,Rural
1574246,Rural
1574255,Rural
1574308,Rural
1570053,Urban
1573769,Rural
1574240,Rural
1574126,Rural
1574427,Urban
1574135,Urban
1574285,Urban
1574151,Rural
1574190,Urban
1573976,Rural
1574586,Urban
1574340,Rural
1574069,Rural
1574330,Rural
1574295,Urban
1574011,Urban
1574264,Rural
1574347,Urban
1574430,Urban
1574105,Rural
1574442,Urban
1574326,Urban
1574489,Rural
1574142,Rural
1574127,Rural
1574380,Urban
1574156,Rural
1574155,Urban
1574276,Urban
1574034,Rural
1574150,Rural
1574280,Rural
1574025,Urban
1574071,Urban
1574026,Urban
1574589,Urban
1563244,Rural
1574288,Urban
1574450,Rural
1574541,Rural
1574693,Urban
1574416,Urban
1574342,Rural
1574497,Urban
1574185,Rural
1574075,Urban
1574315,Rural
1574389,Rural
1574605,Urban
1574504,Urban
1574271,Rural
1572663,Rural
1574410,Rural
1574366,Rural
1574355,Urban
1574312,Rural
1574488,Rural
1574424,Rural
1574510,Urban
1574549,Rural
1574735,Urban
1574538,Rural
1573547,Urban
1574808,Urban
1574519,Urban
1574846,Rural
1574765,Urban
1574444,Rural
1574575,Urban
1574098,Urban
1574324,Rural
1575182,Rural
1574114,Rural
1574535,Rural
1574375,Rural
1574478,Rural
1574821,Urban
1574740,Urban
1574455,Urban
1574525,Urban
1574508,Urban
1574532,Urban
1574032,Urban
1575300,Urban
1574628,Rural
1574583,Rural
1574667,Rural
1572393,Urban
1574572,Rural
1574673,Rural
1574422,Urban
1574762,Rural
1574829,Rural
1574760,Urban
1574108,Urban
1574704,Rural
1574722,Rural
1574755,Rural
1574733,Rural
1574588,Rural
1574763,Urban
1573873,Rural
1575270,Urban
1574653,Urban
1574645,Rural
1574912,Rural
1575147,Urban
1574819,Urban
1574779,Urban
1574766,Urban
1574655,Urban
1574641,Rural
1574985,Rural
1574585,Rural
1574792,Urban
1574778,Rural
1574870,Rural
1575160,Urban
1574807,Urban
1574787,Rural
1574717,Rural
1574924,Urban
1574788,Rural
1574649,Rural
1574702,Rural
1575183,Rural
1574926,Rural
1574752,Rural
1574759,Rural
1574754,Rural
1574990,Urban
1574935,Urban
1574753,Rural
1574953,Urban
1575347,Rural
1574918,Rural
1574988,Urban
1574937,Urban
1572900,Rural
1574971,Rural
1575044,Rural
1575280,Urban
1574997,Rural
1574883,Rural
1574911,Urban
1575137,Rural
1575343,Urban
1574889,Rural
1575217,Rural
1575263,Urban
1575159,Rural
1575125,Rural
1575212,Rural
1574979,Urban
1575000,Rural
1574993,Urban
1575007,Urban
1575053,Rural
1575079,Urban
1574346,Rural
1575305,Rural
1575255,Rural
1574620,Rural
1575204,Urban
1575037,Urban
1575216,Rural
1575325,Rural
1575285,Rural
1575168,Urban
1574930,Urban
1575219,Rural
1575067,Urban
1575133,Rural
1575330,Rural
1575304,Rural
1575402,Rural
1575140,Rural
1574670,Rural
1575101,Rural
1575598,Rural
1574443,Urban
1574965,Rural
1575017,Rural
1575104,Rural
1575036,Rural
1575379,Urban
1574983,Rural
1575002,Rural
1575108,Urban
1574899,Urban
1575239,Urban
1575457,Urban
1575743,Rural
1575726,Urban
1575167,Rural
1575333,Urban
1575479,Rural
1575092,Rural
1575157,Rural
1575134,Rural
1575042,Urban
1569260,Rural
1575474,Urban
1575711,Rural
1574659,Urban
1575581,Rural
1575378,Urban
1575575,Urban
1575391,Rural
1574661,Urban
1575636,Rural
1575385,Rural
1575578,Rural
1575807,Rural
1575401,Rural
1575811,Rural
1574584,Rural
1575487,Urban
1575290,Rural
1575029,Rural
1575630,Urban
1575556,Rural
1561383,Rural
1575780,Rural
1575596,Urban
1575790,Rural
1575303,Rural
1575089,Rural
1576012,Urban
1574980,Urban
1574973,Urban
1575570,Rural
1575907,Rural
1575673,Rural
1575699,Rural
1575929,Rural
1575957,Rural
1575975,Urban
1575434,Rural
1575893,Rural
1575470,Rural
1575717,Rural
1576016,Rural
1576034,Rural
1575144,Rural
1575902,Rural
1575604,Urban
1575731,Urban
1575548,Rural
1575631,Rural
1574560,Rural
1575626,Urban
1574083,Urban
1575241,Urban
1575801,Rural
1575885,Rural
1576047,Rural
1575887,Urban
1575366,Rural
1575143,Rural
1575746,Urban
1575158,Urban
1575767,Rural
1575894,Urban
1575588,Rural
1575937,Rural
1575535,Rural
1575654,Urban
1575522,Urban
1575525,Urban
1576068,Rural
1575874,Urban
1575560,Rural
1576037,Urban
1576175,Rural
1576105,Rural
1575221,Urban
1575413,Urban
1575787,Urban
1576320,Urban
1575964,Urban
1576017,Rural
1576024,Urban
1576067,Urban
1575431,Rural
1576069,Urban
1576131,Urban
1576139,Rural
1575773,Rural
1575897,Urban
1576132,Rural
1575992,Rural
1576234,Rural
1575224,Rural
1576242,Rural
1575905,Urban
1575970,Rural
1575965,Rural
1576252,Urban
1576090,Rural
1576284,Urban
1576104,Rural
1576096,Urban
1575769,Urban
1575775,Rural
1576027,Rural
1576070,Rural
1576171,Rural
1575912,Urban
1575783,Rural
1575834,Rural
1575246,Rural
1576248,Urban
1575921,Urban
1575875,Rural
1575881,Rural
1575750,Urban
1576424,Rural
1576041,Rural
1575974,Rural
1575848,Rural
1576307,Rural
1576504,Rural
1575633,Rural
1576305,Rural
1575004,Urban
1576162,Urban
1576137,Rural
1576416,Urban
1576164,Urban
1576112,Rural
1576319,Rural
1576483,Urban
1575046,Rural
1576268,Rural
1575791,Urban
1576325,Rural
1573080,Rural
1576332,Urban
1576431,Rural
1576299,Rural
1576266,Urban
1576209,Urban
1575926,Urban
1576203,Rural
1576593,Urban
1576022,Urban
1575683,Rural
1575988,Rural
1576526,Rural
1576115,Rural
1575882,Urban
1576560,Rural
1576312,Urban
1575958,Urban
1576693,Rural
1576637,Rural
1576233,Rural
1576475,Urban
1576336,Rural
1576197,Rural
1576383,Urban
1576645,Rural
1576239,Urban
1576247,Rural
1576525,Urban
1575983,Urban
1576673,Rural
1576614,Rural
1576194,Rural
1576506,Rural
1576338,Rural
1576146,Rural
1575719,Rural
1576857,Rural
1576177,Urban
1575941,Urban
1576870,Rural
1576778,Rural
1576228,Urban
1576522,Urban
1575943,Urban
1576376,Urban
1576359,Rural
1576820,Rural
1576423,Urban
1576610,Rural
1576425,Urban
1576939,Urban
1576420,Urban
1575812,Rural
1575816,Rural
1575335,Rural
1576342,Rural
1576629,Rural
1576603,Rural
1576260,Urban
1576932,Urban
1576356,Rural
1576456,Urban
1561941,Rural
1576634,Rural
1576986,Rural
1576098,Urban
1576374,Rural
1576769,Rural
1576566,Rural
1576728,Urban
1576535,Rural
1576571,Rural
1576345,Urban
1576410,Urban
1576222,Rural
1576956,Urban
1572984,Urban
1576470,Urban
1576702,Urban
1576907,Urban
1576864,Rural
1576159,Rural
1575883,Rural
1576834,Rural
1576530,Rural
1576476,Urban
1576124,Rural
1569818,Rural
1576852,Urban
1576633,Urban
1576772,Rural
1576839,Rural
1576909,Urban
1575854,Rural
1576976,Urban
1576954,Urban
1576975,Rural
1576904,Urban
1576773,Rural
1576444,Urban
1576925,Urban
1575184,Rural
1577022,Rural
1576997,Rural
1576966,Rural
1576865,Urban
1577036,Urban
1576322,Urban
1577128,Rural
1577134,Rural
1576934,Rural
1576957,Rural
1576844,Urban
1576246,Rural
1576872,Rural
1576982,Rural
1576513,Rural
1576166,Urban
1577142,Rural
1576156,Urban
1576899,Urban
1576324,Urban
1576971,Rural
1577218,Rural
1576853,Urban
1576985,Rural
1576580,Rural
1577267,Urban
1576654,Urban
1577016,Rural
1576804,Rural
1576101,Urban
1576981,Rural
1577332,Urban
1576993,Urban
1577266,Rural
1577372,Urban
1576866,Rural
1573520,Urban
1577145,Rural
1576847,Rural
1577033,Urban
1577006,Urban
1572052,Urban
1575149,Urban
1577269,Urban
1577348,Urban
1577291,Urban
1577146,Urban
1577239,Rural
1577361,Urban
1577317,Rural
1576831,Urban
1577424,Urban
1576760,Urban
1577374,Urban
1577416,Urban
1577575,Urban
1576764,Rural
1577496,Rural
1576190,Urban
1577637,Rural
1577042,Urban
1577388,Urban
1577408,Rural
1577366,Rural
1577229,Rural
1576074,Rural
1577574,Urban
1577284,Rural
1577827,Rural
1577242,Rural
1577385,Urban
1577321,Urban
1575872,Rural
1577412,Rural
1577181,Rural
1577815,Rural
1577926,Urban
1577409,Rural
1577801,Urban
1576767,Urban
1577340,Rural
1577554,Urban
1577054,Rural
1576978,Rural
1577264,Urban
1577082,Rural
1576958,Urban
1577590,Rural
1577841,Rural
1577842,Urban
1577848,Rural
1577872,Rural
1574634,Urban
1577255,Urban
1577764,Urban
1577086,Urban
1577454,Rural
1577972,Rural
1575695,Rural
1578029,Urban
1575539,Rural
1577625,Urban
1577423,Urban
1577195,Urban
1577452,Urban
1578076,Rural
1577660,Rural
1577818,Urban
1571772,Rural
1578077,Rural
1578100,Rural
1577519,Urban
1577805,Rural
1577161,Rural
1578052,Rural
1577622,Urban
1577729,Rural
1573426,Urban
1577189,Rural
1577437,Urban
1575687,Rural
1577803,Rural
1577076,Urban
1577087,Rural
1577295,Rural
1577280,Rural
1572536,Urban
1577671,Rural
1577399,Rural
1577453,Urban
1577890,Rural
1577645,Urban
1577353,Urban
1577583,Rural
1577559,Rural
1577734,Urban
1578590,Rural
1577809,Urban
1578427,Urban
1577767,Rural
1577806,Rural
1577563,Rural
1577463,Urban
1577601,Rural
1577796,Urban
1577768,Rural
1577666,Rural
1578407,Urban
1577902,Urban
1577012,Rural
1577596,Rural
1578118,Rural
1577386,Urban
1578137,Urban
1577347,Urban
1577516,Rural
1577790,Rural
1577866,Rural
1577877,Rural
1578199,Rural
1577603,Urban
1577153,Rural
1571051,Rural
1577788,Urban
1574642,Urban
1578214,Rural
1577962,Rural
1578148,Rural
1578203,Rural
1578006,Urban
1578001,Rural
1578289,Urban
1578283,Urban
1577680,Rural
1577909,Rural
1577977,Urban
1578041,Rural
1578142,Urban
1578270,Urban
1578257,Rural
1578216,Rural
1578093,Rural
1577858,Rural
1577799,Rural
1578259,Urban
1578292,Urban
1577765,Rural
1577830,Rural
1577930,Rural
1578254,Rural
1578329,Rural
1578145,Rural
1578182,Urban
1579088,Urban
1577971,Rural
1577988,Urban
1578022,Rural
1578035,Rural
1577826,Urban
1573593,Rural
1577655,Urban
1578036,Rural
1577878,Urban
1578243,Rural
1577918,Rural
1578014,Urban
1578240,Rural
1578229,Urban
1577986,Urban
1578087,Rural
1578080,Rural
1578070,Urban
1578195,Urban
1577888,Urban
1578196,Rural
1577367,Rural
1578132,Rural
1577881,Rural
1578083,Rural
1577758,Rural
1578234,Urban
1578942,Urban
1578213,Urban
1578352,Urban
1578008,Urban
1578487,Urban
1577975,Rural
1577980,Rural
1577967,Urban
1578600,Rural
1578382,Rural
1578065,Rural
1578279,Rural
1578513,Rural
1578116,Rural
1578043,Urban
1578285,Rural
1578167,Urban
1578414,Urban
1578206,Rural
1576873,Urban
1578286,Rural
1578302,Rural
1578601,Urban
1578453,Rural
1578273,Rural
1579930,Rural
1578342,Rural
1578359,Rural
1578344,Urban
1578578,Rural
1578584,Rural
1578499,Urban
1578067,Urban
1575999,Rural
1578659,Rural
1578846,Rural
1578666,Rural
1578073,Urban
1577920,Rural
1572968,Rural
1578172,Rural
1578631,Urban
1578653,Urban
1578343,Rural
1578362,Rural
1578680,Rural
1578726,Rural
1578711,Urban
1578288,Rural
1578393,Rural
1578595,Rural
1578717,Rural
1578356,Urban
1575701,Urban
1578640,Rural
1578375,Rural
1578689,Rural
1578320,Rural
1578946,Urban
1578401,Rural
1578389,Rural
1577674,Urban
1578475,Rural
1578415,Rural
1578094,Urban
1578606,Rural
1578665,Rural
1578651,Rural
1578699,Rural
1578501,Urban
1578373,Urban
1578587,Rural
1577933,Rural
1578698,Urban
1577937,Rural
1578543,Rural
1578848,Rural
1577943,Rural
1578875,Urban
1578895,Rural
1578545,Urban
1578326,Urban
1578459,Rural
1578449,Rural
1578650,Rural
1578125,Rural
1578627,Urban
1578465,Rural
1578684,Urban
1578686,Rural
1578648,Rural
1578322,Rural
1577954,Rural
1578629,Rural
1578728,Urban
1578703,Rural
1578626,Rural
1579010,Urban
1574333,Urban
1578836,Urban
1578729,Urban
1578507,Urban
1578874,Rural
1578813,Rural
1578337,Rural
1578603,Rural
1578610,Rural
1578772,Urban
1578851,Urban
1579104,Rural
1578910,Rural
1579119,Rural
1578519,Urban
1578620,Urban
1579601,Urban
1578886,Rural
1578395,Urban
1578966,Urban
1578837,Rural
1578830,Urban
1579021,Rural
1575222,Urban
1579154,Rural
1576862,Rural
1578962,Urban
1578902,Rural
1578883,Urban
1578997,Rural
1579197,Rural
1578981,Rural
1578805,Rural
1578868,Rural
1576868,Rural
1579149,Urban
1578815,Rural
1578420,Urban
1579087,Rural
1580362,Rural
1578934,Urban
1579006,Urban
1579151,Rural
1579447,Rural
1578916,Rural
1578290,Urban
1579553,Urban
1579634,Rural
1580411,Rural
1578979,Rural
1578897,Rural
1580126,Rural
1579452,Urban
1578988,Rural
1579107,Urban
1579092,Urban
1579113,Urban
1578903,Rural
1579026,Rural
1578959,Rural
1578955,Rural
1579389,Rural
1578593,Urban
1578967,Urban
1579580,Rural
1563256,Urban
1578923,Urban
1580782,Urban
1579186,Rural
1579234,Urban
1579049,Urban
1579616,Rural
1579491,Rural
1578936,Rural
1579004,Urban
1579431,Rural
1578968,Urban
1579462,Urban
1579253,Rural
1579153,Rural
1579456,Rural
1579166,Rural
1579075,Urban
1579641,Rural
1579066,Rural
1579183,Urban
1579118,Urban
1578947,Urban
1579195,Rural
1579309,Rural
1579328,Rural
1579646,Rural
1579513,Rural
1579122,Rural
1579393,Urban
1579427,Rural
1579199,Rural
1579110,Rural
1579673,Rural
1579684,Rural
1579674,Rural
1579403,Urban
1579364,Rural
1579409,Urban
1578818,Rural
1579484,Rural
1579101,Rural
1579620,Urban
1579223,Rural
1581143,Urban
1579220,Rural
1579603,Urban
1578341,Urban
1579560,Rural
1579349,Rural
1579449,Rural
1579607,Rural
1579629,Urban
1579263,Rural
1579436,Rural
1579464,Urban
1578315,Rural
1579802,Rural
1578325,Rural
1579744,Rural
1579348,Rural
1579407,Urban
1580517,Urban
1579707,Rural
1579719,Rural
1579292,Rural
1579536,Urban
1579421,Urban
1579582,Rural
1579639,Urban
1578804,Urban
1579941,Urban
1579638,Urban
1579293,Urban
1579956,Rural
1579957,Urban
1579868,Urban
1580015,Rural
1580183,Rural
1580131,Urban
1578418,Urban
1579662,Rural
1579926,Urban
1580178,Rural
1580157,Urban
1579499,Rural
1578899,Urban
1579260,Urban
1580029,Urban
1580937,Urban
1581356,Rural
1579261,Urban
1579433,Urban
1579766,Urban
1579351,Rural
1580030,Rural
1580050,Rural
1577422,Rural
1579778,Rural
1580196,Rural
1580133,Rural
1580056,Rural
1579991,Rural
1580229,Rural
1580140,Rural
1580387,Rural
1579963,Rural
1579121,Rural
1579943,Urban
1579828,Rural
1579916,Urban
1579908,Urban
1581630,Rural
1579935,Rural
1580193,Urban
1579093,Urban
1578458,Rural
1580086,Rural
1580010,Rural
1580033,Rural
1580061,Rural
1578820,Urban
1579958,Rural
1580173,Rural
1580129,Urban
1579947,Urban
1580198,Rural
1579794,Rural
1579189,Urban
1579951,Rural
1580189,Rural
1580051,Rural
1580216,Rural
1579913,Rural
1580418,Urban
1580279,Urban
1580430,Urban
1580167,Rural
1580847,Urban
1579323,Rural
1580392,Rural
1579669,Urban
1579967,Rural
1580246,Rural
1580266,Rural
1580326,Urban
1580461,Rural
1580427,Rural
1580357,Urban
1580263,Rural
1580073,Rural
1580449,Urban
1580586,Urban
1580044,Rural
1580376,Rural
1580396,Rural
1580567,Rural
1580338,Rural
1580361,Rural
1580370,Rural
1581731,Urban
1580665,Rural
1580506,Urban
1580593,Rural
1579485,Urban
1580346,Rural
1580511,Rural
1580437,Urban
1580870,Rural
1580214,Urban
1579982,Rural
1580003,Rural
1580388,Rural
1580105,Urban
1580039,Urban
1580582,Urban
1580821,Rural
1580815,Rural
1580696,Rural
1580408,Rural
1580574,Rural
1580905,Rural
1580492,Rural
1580385,Urban
1580441,Rural
1580424,Rural
1580598,Rural
1580550,Rural
1580918,Rural
1580522,Urban
1580990,Rural
1580793,Rural
1580866,Urban
1580599,Rural
1580725,Rural
1580661,Urban
1580738,Rural
1580763,Urban
1580737,Rural
1580888,Rural
1580481,Urban
1580709,Urban
1580926,Rural
1580686,Rural
1580276,Rural
1580932,Urban
1580519,Urban
1580671,Rural
1580635,Rural
1580321,Urban
1580929,Urban
1580753,Rural
1580862,Urban
1580530,Urban
1580975,Rural
1580829,Urban
1581287,Urban
1580775,Urban
1580309,Urban
1580802,Rural
1580948,Urban
1580613,Rural
1580549,Rural
1580471,Urban
1580773,Urban
1581267,Rural
1580480,Urban
1580869,Urban
1580977,Urban
1580623,Rural
1580694,Rural
1580669,Urban
1580489,Urban
1580657,Rural
1580911,Rural
1580832,Rural
1581233,Rural
1580857,Urban
1581368,Rural
1581129,Rural
1581111,Urban
1580121,Rural
1581169,Rural
1581074,Rural
1579521,Rural
1581394,Rural
1580907,Rural
1581209,Rural
1581121,Rural
1581131,Urban
1580473,Urban
1580681,Urban
1581158,Urban
1581034,Rural
1581185,Rural
1581314,Urban
1581200,Rural
1581324,Urban
1579209,Urban
1581311,Urban
1581133,Rural
1581265,Rural
1578655,Urban
1581487,Urban
1580889,Rural
1581264,Urban
1580989,Rural
1581163,Rural
1581326,Rural
1581175,Rural
1581275,Urban
1581173,Urban
1580885,Urban
1580973,Rural
1581162,Rural
1580897,Rural
1581239,Urban
1581382,Rural
1581350,Urban
1581224,Rural
1581261,Urban
1581262,Rural
1581126,Rural
1581528,Rural
1581428,Urban
1581722,Urban
1580713,Urban
1581154,Urban
1581433,Urban
1581633,Rural
1581288,Urban
1581430,Urban
1581779,Rural
1581739,Urban
1581198,Rural
1581378,Rural
1581523,Urban
1581426,Urban
1581660,Urban
1581548,Rural
1581522,Rural
1581552,Urban
1581643,Rural
1581726,Urban
1581734,Urban
1581477,Rural
1581593,Rural
1581507,Rural
1581743,Rural
1581740,Rural
1581750,Rural
1582477,Urban
1581821,Urban
1581972,Rural
1581712,Rural
1581547,Rural
1581720,Rural
1581827,Urban
1581746,Rural
1581792,Urban
1581716,Rural
1581705,Rural
1581500,Urban
1581476,Rural
1578582,Urban
1579280,Rural
1581603,Rural
1581777,Rural
1581719,Rural
1581819,Urban
1581627,Rural
1580781,Urban
1581609,Rural
1581787,Rural
1581932,Rural
1581826,Urban
1575368,Urban
1576849,Urban
1582148,Rural
1576848,Urban
1581112,Urban
1580177,Rural
1581127,Rural
1581493,Rural
1578960,Urban
1581616,Rural
1582067,Rural
1582119,Rural
1581460,Rural
1581212,Urban
1581518,Rural
1582063,Rural
1581949,Rural
1581437,Rural
1581951,Rural
1581886,Rural
1582013,Rural
1578494,Rural
1582011,Urban
1581647,Urban
1581654,Urban
1581874,Rural
1582059,Rural
1582243,Urban
1581849,Urban
1581733,Rural
1581974,Rural
1581840,Rural
1580611,Urban
1581824,Rural
1582201,Rural
1582109,Urban
1574217,Urban
1582126,Rural
1582166,Rural
1579671,Rural
1582241,Rural
1582177,Rural
1582094,Rural
1582152,Urban
1582189,Urban
1582060,Rural
1582258,Rural
1582104,Rural
1582183,Urban
1582133,Urban
1582337,Urban
1582304,Rural
1582146,Urban
1582190,Rural
1582310,Rural
1582208,Urban
1582238,Rural
1582184,Urban
1582362,Rural
1582283,Rural
1582188,Rural
1582080,Rural
1582437,Rural
1582370,Urban
1582341,Rural
1582247,Rural
1582291,Urban
1582227,Urban
1582168,Urban
1582297,Rural
1575991,Rural
1582268,Rural
1582300,Urban
1582306,Rural
1582171,Rural
1582231,Rural
1582170,Rural
1582259,Rural
1582099,Rural
1582565,Urban
1582353,Urban
1582376,Rural
1582325,Rural
1582252,Rural
1582472,Rural
1582378,Rural
1582713,Rural
1582620,Urban
1590696,Urban
1582410,Urban
1582505,Rural
1582454,Urban
1582450,Urban
1582500,Urban
1582533,Rural
1582543,Urban
1581646,Urban
1582071,Urban
1582545,Rural
1582531,Urban
1582854,Rural
1581891,Rural
1582514,Urban
1582461,Urban
1582520,Rural
1582605,Rural
1582458,Urban
1582525,Urban
1582749,Urban
1582764,Rural
1582568,Rural
1577458,Urban
1582604,Rural
1582504,Urban
1582644,Rural
1582757,Rural
1582702,Urban
1582553,Urban
1582625,Urban
1582760,Rural
1582699,Rural
1582566,Urban
1582597,Rural
1582642,Rural
1582691,Rural
1582659,Rural
1582293,Urban
1582744,Urban
1583217,Urban
1582660,Rural
1582755,Rural
1582765,Rural
1582651,Rural
1578144,Urban
1581945,Urban
1581182,Rural
1582851,Rural
1582453,Urban
1582674,Urban
1582877,Urban
1582562,Urban
1578605,Urban
1582809,Rural
1582706,Rural
1582715,Urban
1582707,Urban
1582784,Urban
1582935,Rural
1582689,Urban
1582942,Rural
1582897,Rural
1582936,Urban
1582869,Urban
1582899,Rural
1582911,Urban
1582839,Urban
1582927,Rural
1582952,Urban
1582909,Rural
1582904,Rural
1582871,Rural
1582923,Urban
1582857,Urban
1582737,Rural
1582997,Rural
1581457,Rural
1583055,Rural
1570428,Rural
1583077,Urban
1582924,Urban
1576809,Rural
1578115,Rural
1582999,Urban
1583042,Rural
1583049,Rural
1583171,Urban
1578262,Urban
1582861,Rural
1583027,Urban
1583183,Urban
1583176,Rural
1583058,Rural
1575823,Urban
1583168,Urban
1583048,Rural
1583301,Urban
1582986,Rural
1583179,Rural
1583117,Rural
1582944,Urban
1583120,Urban
1583046,Rural
1583239,Rural
1583266,Rural
1583225,Rural
1583396,Urban
1583232,Rural
1583475,Urban
1583493,Urban
1583325,Urban
1583492,Urban
1583159,Rural
1583326,Urban
1583376,Urban
1583375,Urban
1583456,Rural
1583487,Rural
1583452,Rural
1583577,Rural
1583259,Rural
1583033,Rural
1583454,Rural
1583402,Rural
1583348,Rural
1583447,Rural
1583474,Urban
1583490,Urban
1583610,Rural
1583608,Rural
1583629,Rural
1583457,Rural
1583632,Rural
1583595,Rural
1583238,Urban
1583679,Rural
1583681,Rural
1577482,Rural
1583551,Rural
1583609,Rural
1583673,Rural
1583573,Rural
1579366,Rural
1583716,Rural
1583676,Rural
1583751,Urban
1583651,Urban
1583485,Urban
1583755,Urban
1583645,Urban
1583561,Rural
1583193,Rural
1583761,Rural
1583394,Urban
1583738,Rural
1583445,Urban
1583837,Rural
1583585,Urban
1583750,Rural
1583783,Rural
1582627,Rural
1579291,Urban
1583781,Rural
1580320,Urban
1583133,Rural
1583674,Urban
1582321,Rural
1580579,Urban
1583671,Urban
1583482,Urban
1583836,Rural
1583893,Urban
1582750,Rural
1583904,Rural
1583142,Rural
1583913,Urban
1582862,Rural
1583363,Rural
1583276,Urban
1583910,Urban
1584022,Urban
1583946,Rural
1584040,Rural
1583277,Rural
1583932,Rural
1584049,Urban
1584023,Rural
1582830,Rural
1584095,Urban
1584111,Urban
1584011,Rural
1584008,Rural
1584142,Urban
1584120,Rural
1584185,Urban
1582993,Urban
1584139,Rural
1582524,Rural
1584077,Rural
1584127,Urban
1584159,Urban
1582901,Rural
1583215,Urban
1584116,Rural
1583871,Rural
1584146,Rural
1584090,Urban
1584193,Rural
1584150,Rural
1584042,Urban
1584114,Urban
1584147,Urban
1584283,Urban
1584088,Urban
1583007,Urban
1583890,Rural
1584035,Urban
1584203,Rural
1584264,Urban
1583980,Urban
1581439,Rural
1584413,Rural
1584303,Rural
1580134,Urban
1584213,Rural
1584294,Rural
1584358,Rural
1584420,Urban
1584356,Rural
1584265,Rural
1584355,Rural
1584246,Urban
1584254,Rural
1584507,Urban
1584428,Urban
1584418,Rural
1584061,Urban
1584345,Rural
1584286,Rural
1584391,Rural
1584331,Urban
1584237,Rural
1584224,Rural
1584510,Rural
1584307,Urban
1584509,Urban
1584371,Urban
1584409,Urban
1583579,Rural
1584330,Rural
1584569,Urban
1578715,Rural
1584281,Urban
1584527,Rural
1584384,Urban
1584549,Rural
1581196,Urban
1584340,Rural
1584611,Rural
1584568,Urban
1584169,Urban
1584561,Rural
1584459,Urban
1584417,Urban
1584666,Rural
1584404,Urban
1584403,Rural
1584600,Rural
1584623,Rural
1584367,Urban
1579214,Rural
1584474,Urban
1584487,Urban
1583441,Rural
1584512,Rural
1583582,Rural
1584753,Rural
1584282,Urban
1584490,Urban
1584718,Rural
1584605,Rural
1584554,Urban
1584665,Rural
1584795,Rural
1584707,Rural
1584754,Urban
1583047,Rural
1584633,Urban
1584742,Rural
1584878,Rural
1584792,Urban
1581664,Urban
1584891,Rural
1584353,Rural
1577851,Urban
1584432,Urban
1584897,Rural
1584361,Rural
1584803,Urban
1584867,Rural
1584791,Rural
1584980,Urban
1584868,Urban
1584828,Rural
1584976,Urban
1584711,Urban
1584752,Urban
1585096,Rural
1583114,Rural
1585114,Urban
1580993,Rural
1584942,Urban
1584778,Rural
1578032,Rural
1584882,Rural
1584801,Rural
1584225,Rural
1584974,Urban
1584518,Rural
1584859,Rural
1585001,Urban
1585014,Urban
1585020,Urban
1581021,Rural
1585044,Rural
1585051,Rural
1585211,Rural
1582323,Rural
1584975,Urban
1583643,Rural
1585156,Rural
1585058,Rural
1583099,Rural
1581632,Urban
1576055,Rural
1585038,Rural
1585117,Rural
1585228,Rural
1582326,Urban
1584651,Urban
1585168,Urban
1585116,Urban
1584951,Rural
1585148,Rural
1585127,Urban
1583636,Rural
1585118,Urban
1579343,Urban
1585285,Rural
1584908,Rural
1580861,Rural
1584517,Rural
1585306,Rural
1585171,Urban
1584162,Urban
1585552,Rural
1584614,Urban
1585584,Urban
1585563,Rural
1585495,Rural
1585201,Rural
1585237,Rural
1585505,Urban
1585326,Rural
1585515,Rural
1585497,Rural
1585700,Rural
1585578,Urban
1584500,Urban
1585583,Urban
1585371,Rural
1581381,Urban
1585637,Rural
1585349,Urban
1585512,Rural
1585336,Urban
1585565,Urban
1585474,Rural
1585819,Rural
1584893,Rural
1585727,Rural
1585730,Rural
1584937,Rural
1585004,Urban
1581225,Urban
1585878,Rural
1578042,Urban
1585942,Rural
1585935,Rural
1585931,Rural
1585283,Urban
1585665,Urban
1585837,Urban
1585785,Rural
1585469,Urban
1585896,Urban
1585608,Rural
1585933,Rural
1585884,Urban
1586090,Rural
1585770,Rural
1585834,Rural
1585657,Rural
1585883,Rural
1585694,Urban
1586143,Rural
1585856,Urban
1585521,Urban
1583064,Urban
1585993,Urban
1586036,Urban
1583410,Rural
1585975,Rural
1585951,Rural
1585562,Rural
1585626,Urban
1584802,Rural
1585881,Rural
1585807,Rural
1585888,Rural
1585900,Urban
1585877,Urban
1585696,Urban
1586068,Rural
1585937,Rural
1585992,Rural
1586188,Rural
1585762,Urban
1581527,Rural
1586172,Rural
1585930,Rural
1586360,Urban
1586243,Rural
1586184,Rural
1586157,Rural
1586354,Rural
1580474,Urban
1586372,Rural
1586267,Rural
1586259,Rural
1585002,Urban
1586061,Rural
1585956,Rural
1585966,Rural
1586160,Rural
1586168,Rural
1586233,Rural
1586170,Rural
1586205,Rural
1586190,Urban
1585981,Rural
1586249,Rural
1586102,Rural
1584519,Urban
1586214,Urban
1586316,Urban
1586648,Rural
1586236,Rural
1586256,Rural
1584297,Urban
1585835,Rural
1586169,Urban
1586140,Rural
1586262,Rural
1586475,Rural
1586150,Urban
1586578,Rural
1586216,Urban
1586226,Rural
1586154,Urban
1586378,Urban
1586329,Rural
1586242,Rural
1586376,Urban
1586091,Urban
1586341,Urban
1586340,Rural
1586371,Rural
1586290,Rural
1586373,Urban
1586357,Urban
1586187,Urban
1586183,Urban
1585190,Urban
1586149,Rural
1586831,Urban
1582848,Urban
1586663,Urban
1586448,Rural
1586408,Rural
1586489,Urban
1586659,Urban
1586499,Rural
1586519,Urban
1586605,Urban
1586103,Urban
1586614,Rural
1578787,Rural
1586330,Rural
1586337,Rural
1586686,Rural
1586211,Rural
1586660,Rural
1586502,Rural
1586468,Rural
1586522,Urban
1586508,Rural
1586668,Urban
1586655,Rural
1586469,Rural
1586676,Rural
1586297,Rural
1586533,Rural
1586497,Urban
1586493,Urban
1586446,Urban
1586566,Urban
1586551,Urban
1586601,Urban
1585793,Rural
1586882,Rural
1586832,Urban
1586432,Urban
1586524,Urban
1586683,Urban
1586762,Urban
1586554,Urban
1586838,Urban
1586839,Urban
1587060,Urban
1586681,Rural
1585796,Rural
1586780,Rural
1586626,Urban
1586717,Urban
1586702,Rural
1586859,Urban
1587051,Urban
1586820,Rural
1586896,Rural
1582273,Rural
1586829,Urban
1586661,Urban
1586377,Rural
1586739,Urban
1586687,Rural
1586806,Rural
1586909,Rural
1586287,Rural
1587079,Rural
1587094,Urban
1587014,Rural
1586863,Urban
1586822,Rural
1586817,Rural
1586842,Rural
1581977,Urban
1587023,Urban
1586939,Rural
1586872,Rural
1586937,Rural
1586729,Rural
1586778,Rural
1586935,Rural
1586901,Rural
1586887,Rural
1586936,Rural
1586953,Rural
1586915,Rural
1586904,Urban
1587041,Rural
1586943,Rural
1583522,Urban
1587286,Rural
1586862,Urban
1585952,Urban
1587058,Rural
1586947,Rural
1587240,Urban
1583875,Rural
1587214,Urban
1587081,Urban
1586635,Rural
1587004,Urban
1586964,Rural
1586805,Rural
1584337,Rural
1587061,Urban
1587070,Urban
1586957,Rural
1586632,Urban
1582298,Urban
1582174,Rural
1580203,Rural
1586978,Urban
1586958,Rural
1585756,Rural
1586824,Rural
1586713,Urban
1587050,Urban
1586883,Urban
1587251,Rural
1587527,Rural
1587002,Rural
1583164,Rural
1580188,Rural
1587017,Urban
1586875,Rural
1587213,Urban
1587216,Urban
1586871,Rural
1587190,Urban
1586975,Urban
1586464,Urban
1586051,Rural
1587325,Rural
1587331,Rural
1586989,Rural
1584106,Rural
1586571,Rural
1587429,Rural
1580996,Rural
1586510,Rural
1582825,Urban
1586594,Rural
1587260,Rural
1587147,Urban
1587277,Rural
1587234,Rural
1587045,Rural
1586792,Urban
1586995,Urban
1587220,Rural
1581813,Urban
1587197,Rural
1587155,Rural
1587239,Rural
1587178,Rural
1587187,Rural
1587294,Rural
1587253,Rural
1587001,Rural
1587297,Rural
1584639,Urban
1587468,Urban
1587343,Rural
1578469,Urban
1587499,Rural
1586066,Urban
1587267,Rural
1587507,Rural
1587118,Urban
1584727,Urban
1587552,Rural
1587332,Urban
1587600,Urban
1587167,Rural
1586961,Rural
1587360,Urban
1586977,Urban
1587378,Urban
1587223,Rural
1587207,Rural
1587324,Rural
1587274,Urban
1587655,Rural
1586625,Urban
1587391,Rural
1587364,Rural
1587247,Rural
1587397,Urban
1587320,Rural
1587604,Rural
1587556,Urban
1587371,Urban
1587226,Urban
1579917,Rural
1587467,Rural
1587227,Urban
1587617,Urban
1585524,Urban
1587370,Urban
1585527,Urban
1587606,Rural
1587508,Rural
1587609,Urban
1587565,Rural
1587512,Rural
1587562,Urban
1587492,Rural
1587566,Urban
1587608,Urban
1587503,Urban
1587547,Urban
1585061,Urban
1587472,Rural
1583543,Urban
1587808,Rural
1587605,Rural
1587632,Rural
1587625,Rural
1587845,Rural
1586231,Urban
1587426,Rural
1586669,Rural
1587629,Rural
1588006,Urban
1587417,Rural
1585256,Rural
1587709,Rural
1587643,Urban
1587445,Rural
1588133,Urban
1587415,Urban
1587931,Rural
1587587,Rural
1587925,Urban
1587521,Rural
1587532,Rural
1587644,Rural
1587380,Urban
1587784,Urban
1587487,Rural
1587454,Rural
1587795,Rural
1588294,Rural
1587575,Rural
1588021,Rural
1588016,Urban
1587932,Urban
1587778,Rural
1588073,Rural
1587928,Rural
1587789,Rural
1588447,Rural
1587777,Rural
1587772,Rural
1587811,Rural
1587990,Rural
1586517,Urban
1587841,Rural
1587973,Rural
1587993,Rural
1588023,Urban
1588017,Urban
1586823,Urban
1587880,Urban
1586353,Urban
1587856,Urban
1588024,Urban
1588008,Urban
1588007,Rural
1587945,Urban
1587939,Rural
1588301,Urban
1588398,Urban
1587936,Rural
1587846,Rural
1587867,Rural
1588011,Rural
1587985,Rural
1588253,Rural
1587858,Rural
1587983,Rural
1588077,Rural
1588096,Rural
1588094,Rural
1588402,Urban
1588305,Rural
1588097,Rural
1588201,Urban
1587908,Urban
1588309,Rural
1588105,Rural
1588207,Rural
1588210,Rural
1588029,Rural
1588039,Rural
1588299,Urban
1588113,Rural
1588313,Urban
1588353,Rural
1588274,Urban
1588246,Urban
1587987,Rural
1588233,Rural
1588391,Rural
1588234,Rural
1588060,Rural
1588300,Urban
1588296,Rural
1588215,Rural
1588405,Urban
1564420,Rural
1588276,Rural
1588285,Rural
1588220,Rural
1580597,Rural
1588367,Rural
1588372,Urban
1588376,Urban
1588240,Rural
1588287,Rural
1588290,Rural
1587329,Rural
1588437,Rural
1588232,Urban
1588361,Rural
1587910,Urban
1588079,Urban
1588485,Rural
1581744,Urban
1588618,Rural
1588725,Urban
1588470,Rural
1588298,Rural
1588542,Rural
1587736,Rural
1588319,Rural
1588688,Urban
1587739,Rural
1589016,Rural
1588236,Rural
1582680,Urban
1587975,Urban
1585006,Urban
1587921,Rural
1588692,Urban
1588430,Rural
1588526,Rural
1588320,Rural
1588582,Urban
1588565,Rural
1588491,Rural
1588686,Rural
1582645,Urban
1588748,Urban
1588799,Rural
1588354,Rural
1588555,Rural
1588642,Rural
1588733,Rural
1589215,Rural
1588596,Urban
1588767,Rural
1588775,Rural
1588091,Rural
1588342,Urban
1588556,Rural
1588528,Urban
1588407,Urban
1588772,Rural
1588680,Urban
1588763,Rural
1588639,Urban
1588387,Urban
1588771,Urban
1588652,Urban
1588647,Urban
1588664,Urban
1588644,Rural
1588663,Urban
1588746,Rural
1588563,Rural
1587737,Rural
1588567,Rural
1588752,Urban
1588938,Urban
1588627,Urban
1588539,Rural
1588709,Urban
1588919,Urban
1588693,Rural
1588794,Rural
1588537,Urban
1589099,Rural
1588781,Urban
1588783,Urban
1588665,Urban
1588411,Urban
1588250,Urban
1588669,Rural
1588865,Urban
1588620,Urban
1589020,Urban
1589119,Urban
1588769,Rural
1588854,Rural
1589140,Rural
1589466,Rural
1588289,Rural
1588880,Rural
1588860,Rural
1589083,Rural
1588997,Urban
1588761,Rural
1588949,Urban
1589097,Urban
1589117,Rural
1589057,Rural
1589272,Rural
1589115,Rural
1589449,Rural
1588058,Rural
1589005,Rural
1588753,Urban
1588635,Urban
1589120,Urban
1588657,Rural
1588948,Urban
1589170,Urban
1589072,Urban
1588890,Rural
1589598,Urban
1589233,Rural
1589417,Rural
1589367,Urban
1589537,Rural
1589237,Rural
1589232,Urban
1589227,Rural
1589324,Rural
1589162,Rural
1589314,Rural
1582087,Rural
1589255,Rural
1588918,Rural
1589185,Rural
1574419,Rural
1589452,Rural
1589139,Rural
1589474,Rural
1589340,Rural
1589243,Rural
1589485,Urban
1589205,Rural
1589188,Urban
1589122,Rural
1589251,Rural
1589771,Rural
1589214,Rural
1589482,Urban
1589509,Rural
1589544,Rural
1585911,Rural
1589228,Rural
1589303,Rural
1589618,Rural
1589364,Urban
1589402,Rural
1589261,Urban
1589306,Rural
1589475,Rural
1589351,Rural
1589448,Urban
1589433,Rural
1582682,Urban
1589381,Urban
1589334,Rural
1589114,Urban
1589368,Urban
1589446,Urban
1589109,Urban
1589411,Rural
1589236,Urban
1589422,Urban
1589523,Urban
1590099,Rural
1589092,Urban
1589661,Urban
1589519,Rural
1589342,Urban
1589337,Urban
1589323,Rural
1589498,Urban
1589707,Rural
1589470,Rural
1589363,Rural
1589517,Rural
1589384,Rural
1589390,Rural
1589409,Rural
1589746,Rural
1587031,Rural
1589574,Rural
1589807,Rural
1589575,Rural
1589608,Rural
1589531,Urban
1589781,Rural
1589533,Rural
1589787,Rural
1589770,Rural
1590137,Rural
1589546,Urban
1589505,Rural
1589728,Rural
1589835,Rural
1589259,Urban
1589979,Rural
1589543,Rural
1589666,Rural
1589607,Rural
1589606,Rural
1589465,Urban
1589810,Rural
1589818,Urban
1589662,Urban
1589754,Rural
1589516,Rural
1589779,Urban
1589773,Rural
1589774,Rural
1589784,Urban
1589776,Rural
1589536,Urban
1589982,Rural
1589571,Rural
1589694,Urban
1589942,Rural
1590004,Urban
1590015,Rural
1589542,Rural
1589714,Urban
1589786,Urban
1590051,Rural
1589671,Urban
1590110,Urban
1589801,Rural
1589875,Urban
1590063,Rural
1590105,Urban
1590088,Rural
1590012,Urban
1590147,Rural
1590122,Rural
1589920,Rural
1589948,Rural
1590187,Rural
1590170,Urban
1590236,Urban
1589985,Urban
1589872,Urban
1589965,Rural
1589893,Urban
1590130,Rural
1589684,Urban
1590040,Rural
1589069,Urban
1589241,Urban
1588789,Urban
1586638,Rural
1589743,Rural
1589832,Urban
1589868,Rural
1589616,Rural
1583302,Rural
1588189,Rural
1590149,Rural
1590159,Rural
1589667,Rural
1590103,Rural
1590216,Rural
1590441,Urban
1590107,Rural
1590193,Rural
1590047,Rural
1590434,Rural
1590238,Rural
1590292,Urban
1590353,Rural
1590290,Rural
1590337,Rural
1590371,Rural
1590392,Rural
1590415,Rural
1590341,Urban
1590391,Urban
1590367,Urban
1590009,Rural
1590382,Urban
1590184,Urban
1590465,Urban
1589983,Urban
1590442,Rural
1590669,Urban
1590213,Urban
1590296,Rural
1590230,Rural
1590316,Urban
1590513,Urban
1590358,Urban
1587727,Rural
1590423,Urban
1590701,Urban
1590231,Urban
1590578,Urban
1590348,Urban
1590536,Rural
1590281,Rural
1590307,Rural
1590399,Rural
1590656,Urban
1590677,Rural
1590145,Urban
1590229,Rural
1590372,Rural
1590605,Rural
1590466,Urban
1590416,Urban
1590364,Rural
1588723,Rural
1590397,Rural
1590584,Urban
1590664,Urban
1590531,Rural
1590304,Urban
1590844,Rural
1590148,Rural
1590687,Urban
1588724,Rural
1590462,Urban
1590683,Urban
1589792,Urban
1590769,Urban
1590718,Rural
1590619,Urban
1590142,Urban
1590509,Rural
1586670,Urban
1590748,Rural
1590788,Rural
1590558,Rural
1590470,Urban
1590491,Rural
1590779,Rural
1590859,Urban
1590734,Urban
1590835,Urban
1590840,Rural
1590744,Rural
1590888,Rural
1590587,Urban
1590511,Urban
1590883,Rural
1590763,Rural
1590559,Urban
1590880,Rural
1590824,Rural
1590762,Urban
1584736,Rural
1590651,Rural
1590757,Rural
1590708,Rural
1590896,Rural
1590565,Urban
1590735,Rural
1590425,Urban
1590758,Rural
1590929,Rural
1590874,Rural
1590936,Rural
1590765,Urban
1589573,Urban
1591330,Rural
1590445,Rural
1591211,Rural
1590925,Rural
1591315,Rural
1590816,Rural
1590916,Urban
1590782,Urban
1590570,Rural
1590408,Rural
1591082,Rural
1590128,Rural
1590850,Rural
1591261,Rural
1590928,Urban
1590774,Rural
1590797,Rural
1590887,Urban
1591248,Rural
1591213,Urban
1591260,Urban
1590822,Rural
1590831,Rural
1590543,Urban
1590886,Urban
1590838,Urban
1591127,Rural
1590815,Urban
1590905,Urban
1590863,Urban
1590977,Rural
1590997,Urban
1590924,Rural
1591102,Urban
1591014,Rural
1591092,Urban
1591212,Rural
1591041,Rural
1591008,Rural
1591029,Rural
1591245,Rural
1590934,Rural
1591659,Urban
1590594,Rural
1591016,Urban
1591144,Urban
1590921,Urban
1590843,Rural
1591112,Rural
1591072,Urban
1590922,Rural
1590959,Rural
1591185,Rural
1591442,Rural
1590901,Urban
1591447,Rural
1591180,Urban
1591322,Urban
1590915,Rural
1591252,Rural
1591007,Urban
1591037,Urban
1591198,Rural
1590904,Rural
1591099,Rural
1591489,Rural
1590655,Rural
1591384,Urban
1591130,Urban
1591183,Rural
1591463,Rural
1591010,Rural
1591302,Urban
1591106,Rural
1591497,Urban
1591533,Rural
1591565,Rural
1590914,Rural
1591277,Rural
1591445,Urban
1591129,Rural
1591677,Urban
1591358,Rural
1591581,Urban
1591421,Urban
1591409,Rural
1591505,Rural
1591187,Urban
1591479,Urban
1591508,Rural
1591541,Rural
1591506,Urban
1591411,Urban
1591437,Rural
1591607,Urban
1591510,Rural
1591416,Urban
1591571,Urban
1591498,Urban
1590891,Rural
1591707,Rural
1591244,Rural
1591792,Urban
1590987,Urban
1591580,Rural
1591647,Urban
1591392,Urban
1591462,Rural
1591774,Urban
1591341,Rural
1591613,Rural
1591354,Rural
1586162,Urban
1591705,Rural
1590016,Rural
1591202,Rural
1591395,Urban
1591431,Urban
1591343,Urban
1591444,Urban
1591939,Rural
1591674,Rural
1591662,Rural
1591469,Urban
1591876,Urban
1591424,Urban
1591496,Urban
1590982,Urban
1591732,Rural
1591530,Rural
1591924,Rural
1591017,Rural
1591787,Urban
1591697,Urban
1591890,Rural
1591699,Rural
1591698,Rural
1591633,Rural
1585882,Urban
1591928,Urban
1589902,Rural
1591788,Urban
1591558,Urban
1591921,Rural
1591151,Rural
1591944,Urban
1591861,Urban
1591700,Rural
1591893,Rural
1591768,Rural
1591973,Urban
1591729,Urban
1592320,Rural
1591836,Rural
1592036,Urban
1591801,Rural
1591658,Urban
1591803,Rural
1591927,Rural
1591903,Rural
1571796,Rural
1591721,Urban
1591868,Rural
1591639,Rural
1591584,Urban
1592253,Rural
1591881,Rural
1591388,Urban
1591947,Rural
1591820,Urban
1591877,Rural
1591702,Urban
1591887,Rural
1591681,Urban
1591949,Rural
1591594,Rural
1592029,Urban
1591895,Urban
1592187,Rural
1592454,Rural
1591739,Rural
1592291,Rural
1591917,Urban
1591773,Urban
1592084,Urban
1591894,Rural
1592346,Urban
1592808,Rural
1592299,Rural
1592249,Urban
1592184,Rural
1592557,Urban
1592290,Rural
1591946,Urban
1592001,Urban
1591914,Rural
1592652,Urban
1592057,Urban
1592584,Urban
1592070,Rural
1591679,Rural
1592004,Urban
1592569,Rural
1592223,Rural
1592285,Rural
1592288,Rural
1592648,Rural
1592178,Rural
1592488,Rural
1591781,Urban
1592277,Urban
1592601,Urban
1592521,Urban
1592244,Urban
1592312,Rural
1592319,Rural
1592087,Urban
1592324,Rural
1592678,Rural
1592331,Urban
1592270,Rural
1592295,Urban
1592645,Rural
1592215,Rural
1592208,Rural
1592767,Urban
1588269,Urban
1591546,Urban
1591932,Rural
1592527,Urban
1592386,Rural
1592486,Rural
1592650,Urban
1592983,Rural
1592422,Rural
1591806,Rural
1592279,Urban
1592769,Urban
1593110,Rural
1592075,Urban
1591148,Rural
1590957,Rural
1592629,Rural
1592723,Rural
1592703,Rural
1592175,Rural
1591174,Rural
1592198,Rural
1592235,Urban
1593058,Rural
1592354,Rural
1593100,Urban
1592993,Rural
1592189,Rural
1592537,Urban
1590138,Rural
1592328,Rural
1592523,Urban
1593013,Urban
1593028,Rural
1593244,Urban
1592289,Rural
1592712,Rural
1593130,Urban
1593023,Urban
1590045,Rural
1592467,Rural
1592570,Rural
1592210,Rural
1593026,Urban
1592952,Rural
1592477,Urban
1593522,Rural
1590642,Rural
1592334,Rural
1593172,Rural
1592667,Rural
1593020,Urban
1592156,Rural
1593538,Urban
1592834,Rural
1592986,Rural
1592665,Urban
1593241,Rural
1592915,Rural
1593237,Urban
1592744,Urban
1592844,Urban
1592823,Rural
1592821,Urban
1592847,Urban
1593369,Urban
1592778,Urban
1593258,Urban
1592827,Rural
1592572,Rural
1592826,Urban
1592824,Urban
1593381,Rural
1593624,Urban
1592854,Urban
1593582,Rural
1593396,Rural
1592905,Urban
1592753,Urban
1593307,Rural
1593360,Rural
1592842,Urban
1593639,Urban
1592435,Rural
1593507,Urban
1592745,Urban
1592257,Rural
1592869,Rural
1592876,Rural
1593593,Urban
1593334,Rural
1593072,Rural
1593384,Rural
1593108,Rural
1593618,Rural
1593475,Rural
1593521,Urban
1593591,Rural
1593510,Rural
1592924,Urban
1593112,Rural
1593064,Urban
1593654,Rural
1592892,Rural
1592902,Rural
1593015,Rural
1593077,Rural
1593656,Urban
1593311,Rural
1593146,Rural
1592987,Rural
1593389,Rural
1593674,Rural
1592910,Rural
1593076,Rural
1592838,Urban
1593554,Urban
1593040,Rural
1593487,Rural
1592818,Rural
1593783,Urban
1592292,Rural
1593981,Urban
1593368,Rural
1593069,Urban
1592802,Rural
1593491,Rural
1593165,Rural
1593758,Urban
1593067,Urban
1593495,Urban
1593225,Rural
1592672,Rural
1593413,Urban
1593281,Rural
1593387,Urban
1594141,Rural
1587694,Urban
1593460,Rural
1593236,Rural
1593754,Rural
1593773,Rural
1592450,Urban
1592558,Rural
1592725,Rural
1593419,Rural
1591827,Rural
1593534,Rural
1593339,Rural
1593164,Rural
1593272,Urban
1593569,Urban
1593767,Rural
1593327,Rural
1593220,Rural
1593436,Urban
1593420,Rural
1589123,Urban
1593531,Urban
1593443,Rural
1593539,Rural
1593596,Urban
1590481,Urban
1593653,Urban
1593540,Rural
1591513,Rural
1593440,Rural
1593866,Urban
1593525,Rural
1593566,Urban
1594030,Rural
1593657,Urban
1592973,Urban
1593702,Rural
1593492,Rural
1593762,Rural
1593016,Rural
1593548,Urban
1593481,Rural
1593494,Rural
1593861,Urban
1593697,Rural
1593689,Rural
1592096,Urban
1593082,Rural
1594534,Urban
1593976,Rural
1593424,Rural
1593725,Rural
1593905,Urban
1593178,Rural
1593742,Rural
1590996,Rural
1593857,Rural
1593042,Rural
1593735,Rural
1593249,Urban
1593710,Rural
1593669,Rural
1593727,Rural
1593454,Rural
1593746,Rural
1593590,Urban
1593716,Rural
1593846,Urban
1593703,Rural
1594057,Rural
1593836,Rural
1593209,Urban
1593739,Rural
1593747,Rural
1593992,Rural
1593700,Rural
1590591,Urban
1590596,Urban
1594063,Urban
1592626,Rural
1593138,Rural
1593806,Urban
1593634,Rural
1593892,Rural
1592882,Urban
1593733,Rural
1593875,Urban
1593955,Rural
1593757,Rural
1593929,Rural
1594027,Rural
1594554,Rural
1593990,Rural
1593695,Rural
1593759,Urban
1594080,Rural
1593968,Rural
1594631,Rural
1594070,Rural
1594198,Rural
1594188,Rural
1593792,Rural
1593839,Urban
1594055,Rural
1594199,Urban
1593913,Urban
1594102,Urban
1594491,Urban
1594190,Rural
1593804,Rural
1593884,Urban
1593888,Urban
1593645,Rural
1593074,Urban
1591765,Urban
1594192,Rural
1594700,Rural
1594934,Urban
1594535,Rural
1594389,Rural
1594376,Rural
1594410,Rural
1593144,Urban
1593691,Rural
1593932,Urban
1594878,Urban
1594387,Rural
1593621,Urban
1593063,Urban
1594436,Rural
1593827,Urban
1593947,Urban
1594026,Rural
1594193,Rural
1594835,Rural
1594624,Urban
1594060,Rural
1593936,Urban
1594384,Urban
1594220,Rural
1594283,Rural
1594948,Rural
1594255,Rural
1593901,Urban
1594561,Urban
1594315,Urban
1594430,Rural
1593043,Rural
1594033,Urban
1594187,Rural
1594626,Rural
1594609,Rural
1594317,Rural
1594651,Urban
1594426,Rural
1594611,Rural
1594397,Rural
1594559,Urban
1594394,Rural
1594402,Rural
1594226,Rural
1594468,Rural
1594507,Urban
1594772,Urban
1594627,Rural
1594433,Rural
1594459,Rural
1594694,Urban
1594673,Rural
1594749,Rural
1594496,Rural
1594295,Rural
1595154,Urban
1594658,Rural
1594771,Rural
1594524,Rural
1594796,Rural
1594253,Rural
1594870,Urban
1594699,Rural
1594850,Urban
1594512,Urban
1594784,Rural
1594964,Rural
1594929,Urban
1594817,Rural
1594668,Urban
1594896,Rural
1594983,Urban
1595094,Rural
1594939,Rural
1594972,Urban
1594961,Rural
1595146,Rural
1594989,Rural
1594931,Rural
1594942,Rural
1595160,Rural
1595009,Urban
1594937,Rural
1592079,Urban
1594546,Rural
1594918,Rural
1595254,Rural
1595101,Urban
1594805,Rural
1593098,Rural
1594620,Rural
1594323,Rural
1595190,Rural
1594834,Rural
1594830,Rural
1594838,Rural
1595116,Urban
1594751,Urban
1594495,Urban
1594974,Urban
1595301,Rural
1594492,Rural
1592037,Rural
1594743,Rural
1595284,Urban
1595291,Urban
1595261,Urban
1594840,Rural
1594981,Rural
1595038,Urban
1595044,Urban
1595061,Rural
1595186,Urban
1595052,Rural
1595018,Rural
1595051,Urban
1595054,Urban
1595463,Rural
1595073,Urban
1595050,Urban
1595071,Rural
1595137,Urban
1595195,Rural
1595089,Rural
1594971,Rural
1595226,Urban
1595025,Urban
1595253,Rural
1595081,Urban
1595135,Rural
1594276,Urban
1595111,Urban
1595472,Rural
1592719,Urban
1595292,Rural
1595352,Rural
1595204,Rural
1595345,Rural
1595117,Urban
1594530,Urban
1595120,Urban
1595330,Rural
1595255,Urban
1595181,Urban
1595336,Rural
1595290,Rural
1595342,Rural
1595184,Rural
1595403,Rural
1594731,Urban
1593638,Rural
1594493,Urban
1594335,Urban
1595580,Urban
1595385,Rural
1595490,Rural
1595347,Rural
1595396,Urban
1594235,Urban
1594999,Rural
1595102,Urban
1595327,Urban
1595016,Rural
1595287,Urban
1595289,Urban
1595354,Rural
1595220,Rural
1595114,Urban
1595332,Urban
1595338,Urban
1595540,Urban
1595767,Rural
1595614,Rural
1595426,Rural
1595599,Urban
1595179,Urban
1595473,Rural
1595065,Rural
1595283,Urban
1595640,Urban
1595187,Rural
1595247,Urban
1595653,Rural
1595514,Rural
1595621,Rural
1594988,Urban
1594470,Urban
1595494,Rural
1595624,Rural
1595757,Urban
1595677,Urban
1595751,Rural
1595668,Rural
1595696,Urban
1595760,Rural
1595467,Urban
1595585,Urban
1595208,Urban
1595032,Rural
1596276,Rural
1595707,Rural
1596072,Rural
1595586,Urban
1595299,Urban
1595591,Rural
1595710,Urban
1595422,Urban
1595361,Rural
1595550,Rural
1595491,Rural
1595747,Urban
1595555,Urban
1595170,Rural
1596004,Rural
1594856,Urban
1591282,Rural
1593775,Urban
1595511,Rural
1595496,Urban
1594022,Urban
1595727,Rural
1595108,Urban
1595329,Rural
1595448,Urban
1595340,Rural
1595537,Rural
1594978,Rural
1595655,Rural
1595603,Rural
1595538,Rural
1595478,Urban
1595570,Rural
1595689,Urban
1595632,Rural
1595871,Urban
1595733,Rural
1595720,Rural
1595709,Urban
1595740,Urban
1595630,Rural
1595417,Urban
1595929,Urban
1595628,Rural
1594714,Urban
1595898,Rural
1595617,Rural
1595669,Urban
1595627,Urban
1595963,Rural
1595582,Rural
1595722,Rural
1595873,Rural
1595703,Rural
1595854,Rural
1595846,Rural
1595205,Rural
1594982,Rural
1595764,Urban
1595587,Urban
1596091,Urban
1595999,Rural
1596046,Rural
1595847,Urban
1595853,Rural
1595752,Rural
1596289,Rural
1595944,Rural
1596016,Rural
1596049,Urban
1594710,Rural
1595995,Urban
1595991,Urban
1595840,Urban
1595904,Rural
1596320,Urban
1596125,Rural
1594704,Urban
1595843,Urban
1595895,Urban
1595959,Urban
1595899,Urban
1596316,Rural
1596078,Urban
1596076,Rural
1595839,Urban
1596295,Rural
1595849,Urban
1595838,Urban
1596073,Rural
1595781,Rural
1595678,Urban
1595964,Rural
1595928,Urban
1595888,Rural
1594812,Urban
1596321,Rural
1595785,Urban
1595979,Rural
1596446,Rural
1596490,Urban
1595866,Rural
1596881,Rural
1596023,Rural
1596245,Rural
1596627,Urban
1596296,Rural
1596225,Rural
1596978,Rural
1595921,Rural
1596322,Urban
1596025,Rural
1596191,Rural
1596249,Rural
1596206,Urban
1596280,Rural
1595907,Urban
1596298,Rural
1596463,Urban
1596232,Rural
1596279,Rural
1596715,Urban
1594985,Rural
1596444,Urban
1596306,Rural
1596093,Rural
1596257,Rural
1596657,Rural
1596235,Rural
1591280,Rural
1596421,Rural
1596472,Rural
1596223,Rural
1596156,Rural
1596596,Urban
1597124,Rural
1596014,Rural
1596264,Urban
1596507,Rural
1595125,Urban
1595343,Urban
1595939,Urban
1596262,Urban
1596382,Rural
1596162,Rural
1596166,Rural
1596538,Rural
1596804,Urban
1596362,Rural
1596468,Urban
1579595,Urban
1596494,Rural
1596374,Urban
1596738,Urban
1596805,Rural
1596517,Rural
1596777,Urban
1596169,Rural
1596739,Rural
1595350,Urban
1596029,Rural
1596519,Rural
1596651,Rural
1596693,Rural
1596887,Rural
1596671,Urban
1596541,Rural
1596850,Rural
1596625,Rural
1591685,Rural
1596782,Urban
1596830,Urban
1596801,Urban
1596786,Rural
1589833,Urban
1596763,Rural
1596898,Rural
1596884,Urban
1596920,Urban
1597448,Urban
1596852,Urban
1596809,Urban
1596734,Rural
1596886,Urban
1596711,Rural
1596787,Urban
1596730,Rural
1596675,Rural
1596610,Rural
1596747,Rural
1596962,Rural
1596974,Rural
1596844,Rural
1597106,Rural
1596832,Urban
1596869,Urban
1596954,Urban
1596673,Rural
1596604,Urban
1596530,Rural
1596908,Rural
1596608,Urban
1596859,Rural
1597107,Rural
1596880,Rural
1596941,Rural
1596986,Rural
1596900,Rural
1596981,Rural
1597144,Rural
1597150,Rural
1596053,Rural
1596431,Rural
1596917,Rural
1596922,Rural
1597443,Urban
1597041,Urban
1596436,Urban
1596932,Urban
1597027,Urban
1596929,Urban
1596999,Rural
1596871,Urban
1596826,Rural
1597200,Rural
1597043,Rural
1597177,Rural
1596846,Urban
1596803,Urban
1594361,Urban
1597322,Rural
1592848,Rural
1597779,Rural
1596458,Rural
1597389,Rural
1595993,Rural
1597236,Urban
1596970,Urban
1596888,Rural
1597444,Rural
1597096,Rural
1597139,Urban
1596745,Rural
1597305,Rural
1597199,Rural
1597151,Rural
1597181,Urban
1596990,Urban
1597100,Rural
1597319,Urban
1596985,Urban
1597005,Urban
1597197,Rural
1596646,Rural
1597090,Rural
1597130,Rural
1597233,Urban
1597099,Rural
1597136,Rural
1597158,Rural
1596980,Rural
1597296,Rural
1597208,Urban
1597205,Urban
1597213,Urban
1597073,Rural
1595207,Urban
1597083,Urban
1596998,Rural
1597406,Rural
1597178,Rural
1597017,Rural
1597718,Rural
1597938,Rural
1597533,Urban
1597538,Rural
1596547,Rural
1597327,Rural
1597217,Rural
1597636,Rural
1597264,Urban
1597397,Rural
1597344,Rural
1597487,Rural
1597681,Urban
1596968,Rural
1597361,Urban
1597359,Urban
1597290,Urban
1597657,Rural
1597554,Urban
1597427,Urban
1597667,Rural
1597557,Urban
1597408,Urban
1597373,Rural
1597652,Rural
1597574,Rural
1597457,Urban
1597560,Rural
1597783,Urban
1597593,Urban
1597630,Rural
1597664,Rural
1597774,Urban
1597834,Urban
1597604,Urban
1597638,Urban
1598211,Rural
1597387,Urban
1597594,Rural
1597723,Urban
1598314,Rural
1597715,Urban
1597989,Rural
1597641,Rural
1598433,Urban
1597313,Rural
1597676,Rural
1597746,Urban
1597673,Rural
1596406,Urban
1597702,Rural
1597985,Rural
1597940,Urban
1597884,Rural
1597859,Rural
1597868,Rural
1598036,Rural
1597293,Urban
1597893,Urban
1598014,Urban
1597951,Urban
1597848,Urban
1597945,Rural
1597918,Urban
1597913,Urban
1598015,Rural
1597780,Rural
1597384,Rural
1597744,Urban
1597957,Rural
1597653,Rural
1597839,Urban
1597662,Rural
1597650,Rural
1597898,Urban
1593378,Urban
1597793,Rural
1597914,Rural
1596260,Rural
1597606,Rural
1598020,Rural
1598301,Rural
1597415,Rural
1598039,Urban
1598207,Rural
1598260,Urban
1598093,Urban
1598628,Urban
1598152,Rural
1598325,Urban
1598405,Urban
1597729,Rural
1597788,Rural
1598535,Urban
1597990,Urban
1598600,Rural
1598227,Rural
1598722,Rural
1597886,Rural
1598165,Urban
1597954,Rural
1597782,Rural
1598288,Rural
1598253,Urban
1598141,Rural
1598228,Urban
1597674,Rural
1598225,Urban
1598140,Rural
1598237,Rural
1598308,Urban
1598001,Rural
1598005,Rural
1598328,Rural
1598041,Urban
1598241,Rural
1598326,Urban
1598153,Urban
1586965,Rural
1598191,Urban
1598267,Urban
1596899,Rural
1598420,Rural
1598046,Rural
1598196,Rural
1598272,Rural
1598161,Urban
1598173,Urban
1598019,Rural
1598513,Urban
1598023,Rural
1597960,Rural
1598264,Rural
1598055,Urban
1598258,Rural
1596115,Rural
1598071,Rural
1598184,Rural
1598067,Urban
1598598,Rural
1598591,Rural
1598213,Urban
1598701,Urban
1598021,Rural
1598185,Rural
1598499,Urban
1598217,Urban
1598406,Urban
1598726,Rural
1598743,Urban
1598646,Rural
1598758,Rural
1598583,Urban
1597955,Urban
1599077,Urban
1598504,Rural
1598772,Rural
1597971,Rural
1598137,Urban
1598194,Urban
1598510,Rural
1598182,Rural
1598763,Rural
1598520,Urban
1598559,Rural
1598175,Rural
1598498,Rural
1598653,Rural
1598286,Urban
1598291,Urban
1598362,Rural
1598560,Rural
1598715,Rural
1598296,Urban
1598365,Rural
1598671,Rural
1598562,Rural
1594513,Rural
1598660,Urban
1598752,Urban
1598624,Rural
1598692,Rural
1598572,Rural
1598580,Rural
1598626,Urban
1598641,Urban
1597528,Urban
1598553,Rural
1598644,Rural
1598707,Rural
1598697,Urban
1598661,Urban
1598703,Urban
1598344,Rural
1597648,Rural
1598568,Urban
1598749,Urban
1598748,Rural
1598658,Urban
1598812,Rural
1598146,Rural
1598912,Urban
1598971,Urban
1599039,Rural
1598588,Rural
1598552,Rural
1598844,Urban
1595608,Urban
1598984,Rural
1595351,Rural
1598850,Rural
1598994,Rural
1598919,Rural
1598960,Rural
1599106,Rural
1598981,Rural
1598577,Rural
1598232,Rural
1599105,Urban
1598767,Rural
1599554,Rural
1598845,Rural
1598998,Urban
1599033,Rural
1598526,Rural
1599097,Urban
1599067,Rural
1598524,Rural
1598579,Urban
1598982,Urban
1598527,Rural
1599092,Urban
1598935,Urban
1598978,Rural
1598990,Urban
1598947,Urban
1598980,Urban
1598602,Rural
1599011,Rural
1598836,Rural
1599050,Rural
1598966,Urban
1599372,Urban
1599063,Urban
1598946,Urban
1599172,Rural
1598874,Urban
1599175,Urban
1599026,Rural
1598833,Rural
1599354,Rural
1599750,Urban
1599381,Urban
1599343,Rural
1598867,Rural
1599376,Urban
1598623,Urban
1598889,Rural
1599787,Rural
1598832,Rural
1598742,Rural
1599159,Urban
1598517,Rural
1599196,Rural
1599071,Rural
1599233,Urban
1599308,Rural
1598995,Rural
1598509,Rural
1598780,Urban
1599311,Rural
1599413,Urban
1599358,Rural
1599407,Rural
1599124,Urban
1599265,Urban
1598488,Urban
1599271,Rural
1599279,Urban
1599095,Rural
1598864,Rural
1598198,Rural
1599409,Urban
1599281,Rural
1599239,Rural
1599199,Urban
1599183,Rural
1599167,Urban
1599213,Urban
1597719,Rural
1599434,Rural
1599073,Rural
1599344,Rural
1599809,Rural
1599469,Urban
1599198,Urban
1599266,Rural
1599500,Urban
1598543,Urban
1599286,Rural
1599587,Rural
1599630,Urban
1599793,Urban
1599726,Rural
1599290,Rural
1599620,Urban
1599435,Urban
1599615,Rural
1599779,Rural
1599415,Urban
1599728,Rural
1599584,Rural
1599873,Rural
1599537,Rural
1599449,Urban
1599777,Urban
1599735,Rural
1599775,Rural
1599485,Rural
1599914,Urban
1599241,Urban
1599983,Rural
1598939,Rural
1599488,Rural
1600105,Rural
1599581,Urban
1599490,Rural
1598164,Urban
1599321,Rural
1598103,Rural
1599492,Rural
1599211,Rural
1599521,Urban
1598117,Rural
1599540,Rural
1598128,Rural
1599664,Urban
1599814,Urban
1599714,Rural
1599541,Rural
1600133,Urban
1599591,Urban
1599508,Rural
1599534,Rural
1599738,Urban
1599957,Rural
1599789,Urban
1600023,Rural
1599437,Rural
1599977,Rural
1599641,Rural
1600013,Urban
1599625,Rural
1599243,Urban
1599899,Urban
1599612,Rural
1599766,Rural
1599975,Rural
1599510,Rural
1599784,Urban
1593640,Urban
1600524,Rural
1600141,Rural
1599517,Rural
1599649,Rural
1599721,Rural
1600049,Urban
1600017,Urban
1599898,Urban
1599598,Rural
1599401,Rural
1592820,Rural
1599406,Rural
1600093,Rural
1600063,Rural
1599916,Rural
1599799,Urban
1599780,Urban
1599562,Rural
1599410,Rural
1599569,Rural
1600270,Rural
1600019,Rural
1600006,Urban
1600024,Rural
1599926,Rural
1600038,Urban
1599940,Urban
1600289,Urban
1600235,Rural
1600299,Urban
1599946,Urban
1600076,Rural
1600308,Rural
1600300,Urban
1599420,Urban
1600331,Urban
1600219,Rural
1599942,Urban
1600353,Urban
1600003,Rural
1600209,Rural
1600380,Rural
1600305,Rural
1598890,Rural
1600443,Urban
1600381,Rural
1600384,Rural
1600634,Rural
1598234,Urban
1599744,Urban
1600433,Rural
1600311,Urban
1599748,Urban
1600545,Rural
1600525,Rural
1599928,Urban
1600596,Urban
1600471,Rural
1600454,Urban
1600478,Urban
1600458,Urban
1599314,Urban
1600499,Rural
1598452,Urban
1600527,Urban
1600533,Rural
1600265,Rural
1600411,Rural
1600326,Rural
1600402,Rural
1600088,Rural
1600540,Rural
1600302,Rural
1600621,Urban
1600613,Rural
1600325,Urban
1600516,Rural
1600447,Rural
1600159,Rural
1600507,Rural
1599985,Urban
1600912,Urban
1600490,Rural
1600476,Urban
1600917,Urban
1600710,Rural
1600392,Rural
1600669,Urban
1600404,Urban
1600612,Urban
1600674,Rural
1600543,Urban
1600843,Rural
1600673,Urban
1600588,Rural
1600689,Urban
1600523,Urban
1600608,Urban
1600790,Rural
1600617,Urban
1600747,Rural
1600603,Urban
1600560,Rural
1600952,Urban
1600780,Urban
1600187,Urban
1600941,Urban
1600929,Rural
1600395,Urban
1600528,Rural
1600547,Rural
1600957,Rural
1599096,Rural
1600755,Rural
1600675,Rural
1600730,Urban
1600718,Urban
1600653,Rural
1600900,Rural
1600665,Urban
1600814,Rural
1600909,Rural
1600370,Rural
1600930,Rural
1600732,Urban
1600885,Rural
1600902,Rural
1600817,Rural
1600431,Urban
1600626,Rural
1600764,Urban
1600932,Urban
1600926,Rural
1600923,Rural
1599099,Rural
1600502,Urban
1600933,Urban
1600815,Rural
1600835,Rural
1600946,Urban
1600704,Rural
1600719,Urban
1600810,Rural
1600644,Urban
1596723,Rural
1600664,Urban
1600693,Urban
1599070,Urban
1599170,Rural
1600509,Urban
1600586,Urban
1600857,Urban
1600761,Rural
1600920,Rural
1600944,Rural
1600951,Urban
1599423,Urban
1600552,Rural
1600925,Rural
1597496,Urban
1600633,Urban
1596397,Rural
1598027,Urban
1599004,Urban
1594875,Urban
1600473,Rural
1600056,Rural
1597254,Urban
1599491,Urban
1600589,Rural
1598924,Rural
1600426,Rural
1598667,Rural
1599695,Rural
1600654,Rural
1600483,Rural
1598113,Urban
1600027,Rural
1599713,Urban
